발생년,발생월,발생일,발생시,주야,요일,발생지시도,사고유형_대분류,가해자법규위반,도로형태_대분류,가해자_당사자종별,피해자_당사자종별,경도,위도,사상자수,반경500m카메라수,반경500m학교수,반경500m전광판수,반경500m사고건수
2019,1,1,0,야,화,부산,차대사람,중앙선 침범,교차로,승용차,보행자,129.1524645,35.15788411,1.0,9,1,0,1
2019,1,1,3,야,화,경기,차대차,중앙선 침범,단일로,승용차,승용차,126.857149,37.28829231,1.0,10,4,0,1
2019,1,1,16,주,화,경북,차대차,안전운전 의무 불이행,교차로,승용차,사륜오토바이(ATV),128.6092297,35.65010817,1.0,0,0,0,0
2019,1,1,19,야,화,대전,차대사람,안전운전 의무 불이행,교차로,승용차,보행자,127.3795598,36.35594639,1.0,6,0,0,2
2019,1,1,21,야,화,경북,차대사람,안전운전 의무 불이행,단일로,승용차,보행자,128.9150412,35.89950573,1.0,0,0,0,0
2019,1,2,3,야,수,충북,차대차,안전운전 의무 불이행,단일로,특수차,화물차,127.8268431,37.02953764,1.7,0,0,1,0
2019,1,2,6,주,수,인천,차대차,안전운전 의무 불이행,단일로,승용차,기타,126.7064001,37.52536494,1.0,6,1,0,1
2019,1,2,10,주,수,서울,차대사람,안전운전 의무 불이행,단일로,건설기계,보행자,126.9952985,37.56844929,1.0,11,1,0,2
2019,1,2,10,주,수,경기,차대차,중앙선 침범,교차로,자전거,승용차,127.2568148,37.41679362,1.0,0,0,0,3
2019,1,2,15,주,수,충남,차량단독,안전운전 의무 불이행,단일로,화물차,없음,126.6255482,36.15067652,1.0,0,0,0,0
2019,1,2,16,주,수,전북,차대사람,안전운전 의무 불이행,단일로,승용차,보행자,127.1425492,35.80841378,1.0,3,2,0,0
2019,1,2,18,야,수,전북,차대차,안전운전 의무 불이행,단일로,승용차,자전거,126.8838305,35.69684616,1.0,0,0,0,0
2019,1,2,18,야,수,경남,차대차,안전운전 의무 불이행,단일로,화물차,자전거,128.8077579,35.31663552,1.0,0,0,0,0
2019,1,2,19,야,수,경기,차대사람,안전운전 의무 불이행,단일로,승용차,보행자,127.0670214,36.99570056,1.0,1,0,0,0
2019,1,2,23,야,수,경남,차대사람,안전운전 의무 불이행,교차로,승용차,보행자,128.6163896,34.8898279,1.0,11,2,0,4
2019,1,3,3,야,목,전남,차량단독,중앙선 침범,단일로,승용차,없음,126.3877819,34.74080413,1.0,2,0,0,1
2019,1,3,7,주,목,울산,차량단독,안전운전 의무 불이행,단일로,승용차,없음,129.2136267,35.64903729,1.0,0,0,0,0
2019,1,3,12,주,목,서울,차대사람,안전운전 의무 불이행,단일로,화물차,보행자,127.0705398,37.66189171,1.3,2,2,0,3
2019,1,3,17,주,목,서울,차대사람,안전운전 의무 불이행,단일로,승합차,보행자,126.9887834,37.56240025,1.0,5,1,0,1
2019,1,3,20,야,목,충남,차대차,신호위반,단일로,이륜차,화물차,127.1255695,36.50764269,1.0,0,0,0,2
2019,1,4,5,야,금,경기,차대차,신호위반,교차로,자전거,승용차,126.7942722,37.33470658,1.0,8,2,1,1
2019,1,4,7,주,금,대구,차대사람,안전운전 의무 불이행,단일로,화물차,보행자,128.5033081,35.85191091,1.0,10,0,0,3
2019,1,4,8,주,금,경북,차대차,안전운전 의무 불이행,단일로,건설기계,승용차,128.4802025,36.02568842,1.0,0,0,0,0
2019,1,4,10,주,금,경기,차대차,신호위반,교차로,화물차,승용차,126.9528858,37.03963375,1.0,4,0,0,2
2019,1,4,15,주,금,경기,차대사람,안전운전 의무 불이행,교차로,화물차,보행자,127.6371781,37.29659281,1.0,21,1,1,0
2019,1,5,1,야,토,경기,차대사람,안전운전 의무 불이행,단일로,승용차,보행자,127.2207627,37.0106389,1.0,1,0,0,1
2019,1,5,1,야,토,전북,차량단독,안전운전 의무 불이행,단일로,승용차,없음,127.1206012,35.83379911,1.0,7,1,0,4
2019,1,5,2,야,토,강원,차대사람,안전운전 의무 불이행,단일로,승용차,보행자,128.3275756,37.60026323,1.0,0,0,1,0
2019,1,5,4,야,토,부산,차대사람,안전운전 의무 불이행,단일로,승용차,보행자,128.9779054,35.06907567,1.0,5,1,0,1
2019,1,5,8,주,토,대구,차대차,안전운전 의무 불이행,기타,화물차,화물차,128.6476351,35.94620162,1.3,1,0,0,0
2019,1,5,17,주,토,전남,차대차,안전운전 의무 불이행,단일로,화물차,화물차,127.5472889,34.90829133,1.3,0,0,0,0
2019,1,6,4,야,일,전북,차량단독,안전운전 의무 불이행,단일로,승용차,없음,127.0634238,35.79354629,1.0,1,0,0,0
2019,1,6,5,야,일,인천,차대사람,안전운전 의무 불이행,교차로,승용차,보행자,126.7298258,37.44852515,1.7,6,2,1,4
2019,1,6,12,주,일,대구,차대차,과속,교차로,이륜차,특수차,128.4354742,35.63034132,1.0,0,0,0,0
2019,1,6,14,주,일,강원,차대차,중앙선 침범,단일로,승용차,승용차,128.2571537,37.5810167,2.6999999999999997,0,0,0,0
2019,1,6,15,주,일,충북,차량단독,안전운전 의무 불이행,단일로,원동기장치자전거,없음,127.6963653,36.4449532,1.0,0,0,0,0
2019,1,6,15,주,일,전남,차대차,신호위반,교차로,화물차,승용차,126.6918482,34.97105161,2.0,0,0,0,0
2019,1,6,18,야,일,전북,차대사람,안전운전 의무 불이행,단일로,승용차,보행자,126.8966329,35.80634913,1.0,6,2,0,2
2019,1,6,20,야,일,인천,차대사람,안전운전 의무 불이행,단일로,승용차,보행자,126.6527963,37.40288538,1.0,1,2,1,1
2019,1,6,21,야,일,강원,차량단독,안전운전 의무 불이행,단일로,승용차,없음,127.9797729,37.41201406,1.3,0,0,0,0
2019,1,7,5,야,월,경남,차대차,신호위반,교차로,승합차,이륜차,128.6261355,34.88788951,1.0,18,1,0,1
2019,1,7,5,야,월,대구,차대사람,안전운전 의무 불이행,단일로,화물차,보행자,128.6407459,35.87412514,1.0,1,3,0,0
2019,1,7,9,주,월,충남,차대사람,안전운전 의무 불이행,단일로,승용차,보행자,126.6634165,36.59873562,1.0,3,1,0,1
2019,1,7,18,야,월,대전,차대사람,안전운전 의무 불이행,교차로,승합차,보행자,127.4105752,36.3098236,1.0,6,1,0,0
2019,1,7,18,야,월,경기,차대차,안전운전 의무 불이행,단일로,승용차,이륜차,126.857114,37.64497706,1.0,2,0,1,2
2019,1,7,20,야,월,경기,차대차,안전운전 의무 불이행,교차로,승용차,화물차,127.4338485,37.2315996,1.3,1,0,0,1
2019,1,8,2,야,화,경남,차량단독,안전운전 의무 불이행,단일로,승용차,없음,128.2479322,35.18948797,1.0,1,0,0,1
2019,1,8,4,야,화,서울,차대사람,안전운전 의무 불이행,교차로,승용차,보행자,126.867315,37.5540963,1.0,4,6,0,3
2019,1,8,5,야,화,인천,차대차,안전운전 의무 불이행,단일로,승합차,이륜차,126.714921,37.49109694,1.0,3,2,0,1
2019,1,8,14,주,화,부산,차대사람,안전운전 의무 불이행,교차로,승용차,보행자,129.1107814,35.14292906,1.0,3,2,2,3
2019,1,8,14,주,화,충남,차대차,기타,단일로,자전거,건설기계,126.7839265,36.94467969,1.0,2,0,1,3
2019,1,8,16,주,화,경기,차대사람,안전운전 의무 불이행,단일로,화물차,보행자,126.6033438,37.68724216,1.0,1,3,0,0
2019,1,8,17,주,화,울산,차대사람,안전운전 의무 불이행,단일로,승용차,보행자,129.3380881,35.42654748,1.0,3,0,0,0
2019,1,8,18,야,화,경기,차대차,안전운전 의무 불이행,교차로,승용차,이륜차,127.1186172,36.99102781,1.0,13,1,0,1
2019,1,8,18,야,화,경기,차대사람,안전운전 의무 불이행,교차로,승용차,보행자,127.6273662,37.50603969,1.0,0,0,0,0
2019,1,8,18,야,화,경남,차대사람,안전운전 의무 불이행,교차로,승용차,보행자,129.1572979,35.39865608,1.3,0,0,0,1
2019,1,8,19,야,화,충남,차대사람,과속,단일로,승용차,보행자,126.6443063,36.59083734,1.0,1,0,1,1
2019,1,8,21,야,화,경기,차대차,안전운전 의무 불이행,교차로,화물차,이륜차,127.2428773,37.01264499,1.0,2,0,1,0
2019,1,9,6,주,수,충남,차대사람,과속,단일로,승용차,보행자,127.1491814,36.60558189,1.0,0,0,0,0
2019,1,9,18,야,수,경기,차대사람,안전운전 의무 불이행,단일로,화물차,보행자,126.9105416,37.13220475,1.7,15,1,0,1
2019,1,10,1,야,목,경기,차대사람,안전운전 의무 불이행,단일로,화물차,보행자,127.2400081,37.24710726,2.6999999999999997,0,0,0,0
2019,1,10,5,야,목,경북,차대사람,안전운전 의무 불이행,단일로,승용차,보행자,128.8238856,35.90763144,1.0,1,1,0,3
2019,1,10,8,주,목,충남,차량단독,안전운전 의무 불이행,단일로,승용차,없음,127.0003218,36.87712412,1.0,0,0,0,0
2019,1,10,12,주,목,경북,차량단독,안전운전 의무 불이행,단일로,이륜차,없음,129.4028186,36.59689091,1.0,0,0,0,0
2019,1,10,14,주,목,경북,차대차,안전운전 의무 불이행,단일로,화물차,자전거,128.4160289,36.63649988,1.0,0,0,0,0
2019,1,10,15,주,목,전남,차대차,기타,교차로,자전거,승용차,126.9096681,34.67995747,1.0,3,3,0,0
2019,1,10,16,주,목,경남,차대차,안전운전 의무 불이행,단일로,승용차,원동기장치자전거,127.9691231,35.03919313,1.0,0,0,0,0
2019,1,10,18,야,목,경기,차대사람,보행자 보호의무 위반,교차로,화물차,보행자,126.8779733,37.5957228,1.0,0,0,0,0
2019,1,10,20,야,목,충북,차대차,과속,기타,승용차,승용차,127.7746929,36.96285504,1.0,1,0,0,1
2019,1,10,20,야,목,경북,차대차,신호위반,교차로,승용차,승용차,128.2906685,36.37702882,2.4,0,0,1,0
2019,1,10,23,야,목,충남,차대차,안전운전 의무 불이행,교차로,화물차,특수차,126.7833933,36.94524438,1.0,2,0,1,3
2019,1,11,5,야,금,경북,차대차,안전운전 의무 불이행,단일로,특수차,화물차,129.0086849,35.90968858,1.3,0,0,0,0
2019,1,11,6,주,금,경기,차대차,신호위반,교차로,승용차,승용차,127.0463113,37.81058245,1.3,1,0,0,0
2019,1,11,7,주,금,경기,차대사람,보행자 보호의무 위반,교차로,화물차,보행자,127.252489,37.39202376,1.0,2,0,0,0
2019,1,11,8,주,금,경기,차대사람,안전운전 의무 불이행,기타,승용차,보행자,126.8399986,37.64873122,1.0,4,0,1,1
2019,1,11,14,주,금,충북,차대차,안전운전 의무 불이행,교차로,화물차,원동기장치자전거,127.4439144,36.9889409,1.0,1,2,0,1
2019,1,11,15,주,금,충남,차대차,안전운전 의무 불이행,단일로,화물차,이륜차,127.1062422,36.23710288,1.0,0,1,0,1
2019,1,11,17,주,금,제주,차대사람,안전운전 의무 불이행,단일로,승용차,보행자,126.3538391,33.28431752,2.0,0,0,0,0
2019,1,11,22,야,금,경북,차대차,신호위반,교차로,화물차,승용차,128.4029323,35.93785191,1.3,1,0,0,0
2019,1,11,23,야,금,충남,차대사람,안전운전 의무 불이행,단일로,승합차,보행자,127.1328233,36.80767918,1.0,10,4,0,3
2019,1,12,5,야,토,대구,차대차,신호위반,교차로,승용차,승합차,128.4698345,35.69368672,4.8,3,2,1,1
2019,1,12,5,야,토,경기,차대차,안전운전 의무 불이행,단일로,승용차,건설기계,127.03411,37.72913682,1.0,11,1,1,1
2019,1,12,6,주,토,경기,차대차,안전운전 의무 불이행,교차로,승용차,자전거,126.7785744,37.49564901,1.0,4,6,0,1
2019,1,12,7,주,토,강원,차대차,중앙선 침범,단일로,승용차,화물차,127.9283553,37.3580748,2.4,0,1,0,1
2019,1,12,9,주,토,경기,차대차,안전운전 의무 불이행,단일로,이륜차,건설기계,126.8508122,37.61624415,1.0,10,3,0,2
2019,1,12,11,주,토,경북,차대사람,과속,단일로,승용차,보행자,128.6486792,36.47906348,1.0,0,0,0,1
2019,1,12,12,주,토,경기,차대차,안전운전 의무 불이행,단일로,건설기계,승용차,127.3098451,37.37363081,3.3999999999999995,0,0,0,0
2019,1,12,20,야,토,경기,차대사람,안전운전 의무 불이행,단일로,승용차,보행자,126.9394889,37.19460169,1.0,1,0,0,1
2019,1,12,20,야,토,경기,차대차,중앙선 침범,단일로,승용차,승합차,126.7006362,37.14991348,1.9,0,0,0,0
2019,1,12,21,야,토,경기,차대사람,안전운전 의무 불이행,단일로,승용차,보행자,126.6994163,37.62300243,1.0,0,2,0,0
2019,1,12,22,야,토,인천,차대사람,안전운전 의무 불이행,교차로,승합차,보행자,126.7225009,37.40361669,1.0,18,5,0,4
2019,1,13,5,야,일,충북,차대사람,안전운전 의무 불이행,단일로,승용차,보행자,127.793221,36.97858601,1.0,2,0,0,1
2019,1,13,5,야,일,경기,차대차,안전운전 의무 불이행,단일로,승용차,화물차,127.2398318,37.48796582,4.699999999999999,1,0,0,1
2019,1,13,7,주,일,충남,차대사람,안전운전 의무 불이행,단일로,화물차,보행자,127.5680694,36.03784361,1.0,0,0,1,0
2019,1,13,8,주,일,경기,차대차,안전운전 의무 불이행,기타,승용차,특수차,126.7572236,37.62037005,1.0,0,0,0,0
2019,1,13,11,주,일,충남,차량단독,안전운전 의무 불이행,교차로,자전거,없음,126.5707848,36.77307616,1.0,1,0,1,0
2019,1,13,11,주,일,경기,차대사람,안전운전 의무 불이행,단일로,승용차,보행자,127.303881,37.56474126,1.0,0,0,0,0
2019,1,13,17,주,일,인천,차대사람,안전운전 의무 불이행,단일로,승용차,보행자,126.7036453,37.49386341,1.0,3,3,0,1
2019,1,13,18,야,일,전남,차량단독,안전운전 의무 불이행,단일로,농기계,없음,126.2412704,34.48464995,1.0,0,0,0,0
2019,1,13,21,야,일,인천,차량단독,안전운전 의무 불이행,교차로,승용차,없음,126.6273592,37.45377086,1.0,7,3,0,4
2019,1,14,0,야,월,경기,차대차,안전운전 의무 불이행,단일로,이륜차,승용차,126.7873097,37.43945759,1.7,3,0,2,2
2019,1,14,4,야,월,경북,차량단독,안전운전 의무 불이행,교차로,승용차,없음,128.1887123,36.59602187,1.0,1,2,0,0
2019,1,14,5,야,월,충북,차대차,안전운전 의무 불이행,단일로,화물차,특수차,127.8374699,36.26611192,1.7,0,0,0,0
2019,1,14,5,야,월,경북,차대차,기타,단일로,화물차,화물차,128.175757,36.15033079,3.4,0,0,1,0
2019,1,14,7,주,월,경기,차대차,안전운전 의무 불이행,기타,이륜차,건설기계,126.7348428,37.62601356,1.0,0,0,0,0
2019,1,14,7,주,월,대전,차대차,신호위반,교차로,화물차,자전거,127.3946289,36.43848705,1.0,3,0,0,1
2019,1,14,11,주,월,강원,차대사람,안전운전 의무 불이행,교차로,승용차,보행자,129.1677949,37.44146514,1.0,0,1,0,3
2019,1,14,11,주,월,전남,차량단독,안전운전 의무 불이행,단일로,화물차,없음,127.4822464,35.00249613,1.0,0,0,1,1
2019,1,14,14,주,월,충남,차대차,안전운전 의무 불이행,교차로,승용차,이륜차,127.0995369,36.13339224,1.0,3,2,0,0
2019,1,14,15,주,월,강원,차량단독,안전운전 의무 불이행,단일로,승용차,없음,128.1811046,37.41429755,1.0,0,0,0,0
2019,1,14,17,주,월,서울,차대사람,안전운전 의무 불이행,교차로,승용차,보행자,126.8872128,37.48971867,1.0,7,0,0,2
2019,1,14,17,주,월,경북,차량단독,안전운전 의무 불이행,단일로,사륜오토바이(ATV),없음,129.3002066,36.40626468,1.0,0,0,0,0
2019,1,14,19,야,월,충남,차량단독,안전운전 의무 불이행,기타,농기계,없음,126.7928221,36.17331917,1.0,0,0,0,0
2019,1,15,2,야,화,경기,차량단독,안전운전 의무 불이행,단일로,화물차,없음,126.98613,37.03388705,2.0,0,0,0,1
2019,1,15,4,야,화,대전,차량단독,안전운전 의무 불이행,단일로,승용차,없음,127.4405364,36.32851328,1.0,13,2,0,0
2019,1,15,7,주,화,경기,차대차,안전운전 의무 불이행,단일로,건설기계,이륜차,126.8617773,37.4772084,1.0,7,1,2,4
2019,1,15,15,주,화,강원,차량단독,안전운전 의무 불이행,단일로,승용차,없음,127.784857,37.63249516,1.0,0,0,0,0
2019,1,15,21,야,화,경기,차대차,중앙선 침범,단일로,화물차,승용차,126.9930229,37.16892205,1.6,0,0,0,1
2019,1,15,22,야,화,충북,차대사람,과속,교차로,승용차,보행자,127.465889,36.64788688,1.0,0,0,0,0
2019,1,15,23,야,화,충남,차량단독,안전운전 의무 불이행,단일로,승용차,없음,127.1854017,36.85724998,1.0,1,0,0,1
2019,1,16,4,야,수,서울,차량단독,안전운전 의무 불이행,교차로,승용차,없음,127.0244051,37.54455817,1.0,3,1,0,2
2019,1,16,4,야,수,부산,차대차,안전운전 의무 불이행,단일로,승용차,승용차,129.1408188,35.35809431,1.6,2,1,1,1
2019,1,16,6,주,수,경기,차대차,안전운전 의무 불이행,단일로,화물차,화물차,126.7874241,37.59164155,1.3,1,0,1,2
2019,1,16,9,주,수,전남,차대차,안전운전 의무 불이행,단일로,화물차,화물차,126.6101429,34.86216591,1.0,0,1,0,0
2019,1,16,9,주,수,경기,차량단독,안전운전 의무 불이행,단일로,이륜차,없음,126.7539251,37.67486135,1.0,13,2,0,2
2019,1,16,11,주,수,전남,차량단독,기타,단일로,화물차,없음,126.1032614,34.42983297,1.0,0,0,0,0
2019,1,16,14,주,수,인천,차대사람,안전운전 의무 불이행,교차로,화물차,보행자,126.601872,37.45506713,1.0,0,0,0,0
2019,1,16,19,야,수,경남,차대사람,안전운전 의무 불이행,단일로,승용차,보행자,128.6563023,35.3048978,1.0,2,1,0,1
2019,1,16,20,야,수,경남,차대차,안전운전 의무 불이행,단일로,화물차,화물차,128.2829388,34.93347972,1.0,0,0,0,0
2019,1,16,21,야,수,전남,차량단독,과속,단일로,승용차,없음,127.1324861,34.99810421,1.9,0,0,0,1
2019,1,16,22,야,수,서울,차대사람,안전운전 의무 불이행,단일로,승용차,보행자,127.0633317,37.50823968,1.0,12,3,0,1
2019,1,16,22,야,수,제주,차대사람,과속,교차로,승용차,보행자,126.5410808,33.50703839,2.4,2,2,1,1
2019,1,17,5,야,목,서울,차대사람,과속,교차로,승용차,보행자,127.1497905,37.5317016,1.0,2,2,0,2
2019,1,17,5,야,목,충남,차대사람,안전운전 의무 불이행,기타,승용차,보행자,127.0552604,36.8439705,1.0,0,0,0,0
2019,1,17,5,야,목,인천,차대사람,안전운전 의무 불이행,단일로,화물차,보행자,126.7080022,37.45213053,1.0,19,2,0,2
2019,1,17,7,주,목,경남,차대사람,신호위반,교차로,승용차,보행자,128.1869142,34.9994448,1.0,4,1,0,0
2019,1,17,8,주,목,경기,차대차,중앙선 침범,단일로,승용차,승용차,127.5281391,37.21920053,1.7,6,0,0,0
2019,1,17,8,주,목,인천,차대차,안전운전 의무 불이행,단일로,화물차,자전거,126.424629,37.80621407,1.0,1,1,0,0
2019,1,17,11,주,목,서울,차대차,과속,교차로,승용차,승용차,126.9780449,37.48181733,3.0,5,2,0,2
2019,1,17,11,주,목,경기,차대사람,중앙선 침범,교차로,승용차,보행자,127.0608188,37.93316058,1.0,3,0,0,0
2019,1,17,13,주,목,경기,차대사람,보행자 보호의무 위반,교차로,승용차,보행자,126.7368014,37.21307817,1.0,1,2,0,2
2019,1,17,18,야,목,경기,차대사람,안전운전 의무 불이행,단일로,승용차,보행자,127.1015303,37.35251856,1.0,4,0,0,2
2019,1,18,0,야,금,서울,차대사람,안전운전 의무 불이행,교차로,승용차,보행자,126.8561816,37.49007643,1.0,4,1,0,2
2019,1,18,5,야,금,부산,차대사람,과속,교차로,승용차,보행자,129.0914661,35.25793054,1.0,4,1,0,1
2019,1,18,5,야,금,부산,차대사람,과속,단일로,승용차,보행자,128.9761645,35.1027096,1.0,6,5,0,1
2019,1,18,6,주,금,인천,차대사람,보행자 보호의무 위반,교차로,화물차,보행자,126.6672316,37.59578496,1.0,5,3,0,4
2019,1,18,7,주,금,경기,차대차,중앙선 침범,단일로,자전거,승용차,127.5061447,37.24130804,1.0,3,0,1,0
2019,1,18,10,주,금,서울,차량단독,안전운전 의무 불이행,단일로,이륜차,없음,127.034884,37.63796123,1.6,3,2,0,4
2019,1,18,10,주,금,충북,차대차,신호위반,교차로,화물차,원동기장치자전거,127.926757,36.96028751,1.0,3,2,0,0
2019,1,18,12,주,금,충남,차대차,안전거리 미확보,교차로,이륜차,승용차,127.0810862,36.20928566,1.0,0,0,0,1
2019,1,18,15,주,금,경기,차대사람,보행자 보호의무 위반,교차로,승합차,보행자,127.0109994,37.29295797,1.0,7,1,0,3
2019,1,18,19,야,금,경북,차대사람,안전운전 의무 불이행,단일로,승용차,보행자,128.2594194,36.16548031,1.0,0,0,0,0
2019,1,19,6,주,토,경북,차대차,중앙선 침범,단일로,이륜차,승용차,129.2321281,35.88420775,1.0,4,1,0,0
2019,1,19,7,주,토,서울,차대차,안전거리 미확보,단일로,이륜차,승용차,126.8929196,37.49740965,1.0,7,7,0,3
2019,1,19,11,주,토,전북,차대차,신호위반,교차로,건설기계,자전거,127.137392,35.82286206,1.0,20,1,0,2
2019,1,19,11,주,토,전남,차대사람,안전운전 의무 불이행,교차로,승용차,보행자,126.4735008,34.98725577,1.0,1,0,0,0
2019,1,19,18,야,토,전남,차대사람,안전운전 의무 불이행,단일로,승용차,보행자,127.7045231,34.77069931,1.0,1,2,1,0
2019,1,19,19,야,토,경기,차대차,기타,교차로,승용차,이륜차,127.0886988,37.01053416,1.0,13,3,0,1
2019,1,19,19,야,토,충북,차대사람,안전운전 의무 불이행,교차로,승합차,보행자,128.1987786,37.10426206,1.0,2,0,0,0
2019,1,19,20,야,토,경기,차대사람,신호위반,교차로,이륜차,보행자,126.800115,37.43728071,1.7,6,3,0,1
2019,1,19,22,야,토,경기,차대사람,안전운전 의무 불이행,교차로,승용차,보행자,126.8483917,37.32785108,1.0,6,5,1,1
2019,1,20,1,야,일,경기,차대차,안전운전 의무 불이행,단일로,승용차,특수차,127.2485617,37.40093013,2.4,9,1,0,1
2019,1,20,2,야,일,강원,차대사람,안전운전 의무 불이행,교차로,승용차,보행자,128.5775851,38.20487899,1.0,6,4,0,0
2019,1,20,6,주,일,경북,차대사람,안전운전 의무 불이행,단일로,승용차,보행자,128.7884637,36.43902645,1.0,0,0,0,0
2019,1,20,6,주,일,경기,차량단독,안전운전 의무 불이행,교차로,승용차,없음,127.0574089,38.02918887,1.0,0,0,0,0
2019,1,20,8,주,일,인천,차대차,안전운전 의무 불이행,단일로,승용차,승합차,126.4943951,37.49298582,2.9,81,0,0,4
2019,1,20,9,주,일,제주,차대차,신호위반,교차로,이륜차,화물차,126.2528274,33.22829208,1.0,1,2,0,0
2019,1,20,11,주,일,충북,차대사람,안전운전 의무 불이행,교차로,승용차,보행자,127.9319522,36.98710459,1.0,10,1,1,2
2019,1,20,17,주,일,충남,차대차,안전운전 의무 불이행,단일로,화물차,화물차,126.7823924,36.94420169,1.3,2,0,1,3
2019,1,20,21,야,일,대구,차대사람,안전운전 의무 불이행,단일로,승용차,보행자,128.5598599,35.88821824,1.0,3,1,1,3
2019,1,20,23,야,일,경남,차대차,안전운전 의무 불이행,단일로,승용차,화물차,127.7375494,35.53412464,3.5,2,0,0,0
2019,1,21,0,야,월,서울,차대차,신호위반,교차로,승용차,이륜차,126.856289,37.48810305,1.0,5,2,0,1
2019,1,21,6,주,월,경기,차대사람,안전운전 의무 불이행,단일로,화물차,보행자,126.8729857,37.47310415,1.0,13,2,0,1
2019,1,21,9,주,월,충남,차대차,기타,교차로,승합차,원동기장치자전거,126.6955771,36.07581587,1.0,4,1,0,0
2019,1,21,12,주,월,서울,차대사람,보행자 보호의무 위반,기타,화물차,보행자,126.8871526,37.47216896,1.0,3,0,0,3
2019,1,21,13,주,월,충북,차대차,안전운전 의무 불이행,단일로,화물차,이륜차,127.6049112,37.03747741,1.0,2,2,0,0
2019,1,21,18,야,월,충남,차대사람,안전운전 의무 불이행,단일로,승용차,보행자,127.5167269,36.02935076,1.0,0,0,0,0
2019,1,22,0,야,화,경기,차량단독,과속,단일로,승용차,없음,127.1892206,37.55143449,1.0,2,0,0,3
2019,1,22,0,야,화,경기,차량단독,안전운전 의무 불이행,단일로,이륜차,없음,127.0368653,37.24027635,1.0,5,0,1,0
2019,1,22,1,야,화,강원,차량단독,안전운전 의무 불이행,단일로,승용차,없음,127.6151268,37.83085027,1.7,0,0,0,0
2019,1,22,5,야,화,경기,차대사람,안전운전 의무 불이행,단일로,승용차,보행자,127.122182,37.41104079,1.0,8,0,1,1
2019,1,22,6,주,화,대구,차대사람,안전운전 의무 불이행,단일로,화물차,보행자,128.5605031,35.92895404,1.0,3,3,0,0
2019,1,22,6,주,화,경기,차대사람,안전운전 의무 불이행,교차로,승합차,보행자,127.0698225,37.75269794,1.0,18,2,1,0
2019,1,22,7,주,화,경기,차대사람,신호위반,교차로,승합차,보행자,127.1038852,37.34271941,1.0,1,0,0,1
2019,1,22,8,주,화,전남,차대차,중앙선 침범,단일로,승용차,건설기계,126.7481478,34.94418119,1.3,0,0,0,0
2019,1,22,8,주,화,경북,차대사람,안전운전 의무 불이행,교차로,화물차,보행자,128.61788,36.82333886,1.0,5,1,0,2
2019,1,22,13,주,화,서울,차대차,안전운전 의무 불이행,단일로,이륜차,화물차,127.0372747,37.50813147,1.7,19,0,0,2
2019,1,22,16,주,화,강원,차량단독,안전운전 의무 불이행,단일로,화물차,없음,128.4719677,37.18624641,1.0,2,3,0,2
2019,1,22,17,주,화,강원,차량단독,안전운전 의무 불이행,교차로,승용차,없음,127.9967096,38.09093519,1.7,0,0,0,0
2019,1,22,21,야,화,서울,차대사람,안전운전 의무 불이행,교차로,승용차,보행자,126.9086534,37.45106862,1.0,18,0,0,4
2019,1,23,3,야,수,서울,차대사람,안전운전 의무 불이행,단일로,화물차,보행자,126.9987214,37.58993392,1.0,15,6,0,0
2019,1,23,5,야,수,경기,차대차,안전운전 의무 불이행,교차로,승용차,이륜차,126.9698361,37.29052728,1.0,2,0,1,1
2019,1,23,7,주,수,경기,차대사람,신호위반,단일로,승용차,보행자,127.126761,37.43331024,1.0,11,3,4,6
2019,1,23,12,주,수,경남,차량단독,안전운전 의무 불이행,단일로,사륜오토바이(ATV),없음,128.5377631,35.37091864,1.0,0,0,0,0
2019,1,23,13,주,수,전북,차량단독,안전거리 미확보,교차로,자전거,없음,127.1985574,36.03597838,1.0,2,2,0,0
2019,1,23,15,주,수,경남,차대사람,보행자 보호의무 위반,단일로,승용차,보행자,129.0256816,35.3318702,1.0,8,4,0,0
2019,1,23,16,주,수,강원,차대차,교차로 통행방법 위반,단일로,화물차,이륜차,127.9118301,37.36129734,1.0,0,0,0,3
2019,1,23,23,야,수,경북,차대차,중앙선 침범,단일로,화물차,이륜차,128.8217345,36.7073001,1.0,0,0,0,1
2019,1,24,0,야,목,서울,차대사람,안전운전 의무 불이행,단일로,승용차,보행자,127.0436045,37.55377364,1.0,0,1,0,6
2019,1,24,4,야,목,경기,차대사람,안전운전 의무 불이행,교차로,승용차,보행자,127.1389784,37.44305596,1.0,17,1,0,5
2019,1,24,7,주,목,부산,차대사람,안전운전 의무 불이행,단일로,승용차,보행자,129.0083422,35.21089492,1.0,12,3,0,3
2019,1,24,9,주,목,경북,차대차,안전운전 의무 불이행,교차로,건설기계,이륜차,128.1866891,36.37470579,1.0,0,0,1,0
2019,1,24,13,주,목,전남,차량단독,안전운전 의무 불이행,단일로,화물차,없음,126.5629451,34.41821123,1.0,0,0,0,0
2019,1,24,14,주,목,부산,차대차,신호위반,교차로,이륜차,승용차,128.9908318,35.18449627,1.0,9,2,1,7
2019,1,24,14,주,목,전남,차대차,안전운전 의무 불이행,단일로,건설기계,원동기장치자전거,126.769458,34.62813057,1.0,1,0,0,1
2019,1,24,15,주,목,전남,차량단독,기타,교차로,화물차,없음,126.6805987,35.08959591,1.0,0,0,0,0