발생년,발생월,발생일,발생시,주야,요일,발생지시도,사고유형_대분류,가해자법규위반,도로형태_대분류,가해자_당사자종별,피해자_당사자종별,경도,위도,사상자수,반경500m카메라수,반경500m학교수,반경500m전광판수,반경500m사고건수
2019,2,20,16,주,수,전북,차대차,과속,교차로,승용차,자전거,126.9532217,35.95989166,1.0,0,1,0,1
2019,2,20,17,주,수,충남,차대차,중앙선 침범,단일로,화물차,화물차,126.245793,36.82855017,1.7,1,0,0,0
2019,2,20,18,야,수,경기,차대사람,보행자 보호의무 위반,교차로,승용차,보행자,127.2307486,37.21604218,1.0,0,0,0,1
2019,2,20,22,야,수,경기,차대사람,안전운전 의무 불이행,단일로,승용차,보행자,127.0685753,37.15205833,1.0,5,2,0,4
2019,2,20,22,야,수,경기,차대사람,안전운전 의무 불이행,단일로,승용차,보행자,126.8673833,37.30826801,1.0,6,0,0,0
2019,2,21,9,주,목,경북,차대사람,안전운전 의무 불이행,단일로,화물차,보행자,128.6634161,36.10045526,1.0,0,1,0,0
2019,2,21,11,주,목,충남,차량단독,안전운전 의무 불이행,단일로,승용차,없음,127.2715456,36.21895161,1.0,0,0,0,1
2019,2,21,11,주,목,광주,차대사람,안전운전 의무 불이행,단일로,승용차,보행자,126.9346422,35.1290357,1.0,2,1,0,1
2019,2,21,16,주,목,경북,차대차,안전운전 의무 불이행,단일로,승용차,자전거,128.1709805,36.56367844,1.0,0,0,0,0
2019,2,21,17,주,목,강원,차대차,중앙선 침범,단일로,승용차,승용차,127.7567135,37.83559301,2.4,4,0,1,2
2019,2,21,19,야,목,경북,차대차,안전운전 의무 불이행,교차로,승용차,이륜차,129.3283541,36.04606189,1.0,2,0,0,0
2019,2,21,19,야,목,경기,차대차,안전운전 의무 불이행,단일로,승용차,사륜오토바이(ATV),127.3387085,37.97900649,1.0,0,0,0,0
2019,2,21,20,야,목,경기,차대차,안전거리 미확보,단일로,승용차,승용차,127.0658852,37.27378305,1.0,8,2,0,0
2019,2,22,0,야,금,경기,차대사람,안전운전 의무 불이행,단일로,승합차,보행자,127.1338313,37.44142667,1.0,24,2,0,4
2019,2,22,1,야,금,대전,차대사람,보행자 보호의무 위반,교차로,화물차,보행자,127.3443894,36.29721524,1.0,10,4,0,0
2019,2,22,6,주,금,충남,차대사람,안전운전 의무 불이행,단일로,화물차,보행자,126.6934793,36.00821179,1.0,1,0,0,1
2019,2,22,6,주,금,전남,차대차,안전운전 의무 불이행,단일로,승용차,특수차,127.5956897,34.9419885,1.3,4,0,0,1
2019,2,22,7,주,금,제주,차대차,신호위반,교차로,화물차,승용차,126.5127167,33.46107048,1.3,1,0,0,1
2019,2,22,8,주,금,울산,차대사람,안전운전 의무 불이행,단일로,승용차,보행자,129.3240087,35.42933941,1.0,0,0,0,0
2019,2,22,10,주,금,경북,차대사람,안전운전 의무 불이행,교차로,화물차,보행자,127.9486716,36.4438839,1.0,3,3,0,2
2019,2,22,21,야,금,경기,차대차,신호위반,교차로,이륜차,승합차,127.1876674,37.56008339,1.0,5,2,0,1
2019,2,23,6,주,토,전북,차대차,안전운전 의무 불이행,단일로,화물차,특수차,127.1507323,35.93384256,1.3,0,0,0,1
2019,2,23,6,주,토,경남,차대사람,안전운전 의무 불이행,단일로,승용차,보행자,127.7872891,34.94555499,1.0,0,1,0,0
2019,2,23,8,주,토,충북,차대사람,보행자 보호의무 위반,단일로,화물차,보행자,128.0938295,36.92316043,1.0,1,0,0,0
2019,2,23,12,주,토,경기,차대사람,안전운전 의무 불이행,교차로,승용차,보행자,127.0110539,37.79245119,1.7,0,0,0,0
2019,2,23,14,주,토,강원,차대차,중앙선 침범,단일로,승용차,승용차,127.8554374,38.03420735,2.5999999999999996,0,0,0,0
2019,2,23,18,야,토,광주,차대차,안전운전 의무 불이행,교차로,승용차,화물차,126.9016799,35.21476456,2.6999999999999997,3,1,0,0
2019,2,23,19,야,토,강원,차대사람,안전운전 의무 불이행,단일로,화물차,보행자,127.6504975,37.97928217,1.0,0,0,0,0
2019,2,23,19,야,토,전북,차대사람,안전운전 의무 불이행,단일로,화물차,보행자,126.8626241,35.80034926,1.0,1,0,0,0
2019,2,23,20,야,토,전남,차대사람,안전운전 의무 불이행,단일로,화물차,보행자,126.0450095,34.88547088,2.6999999999999997,0,1,0,0
2019,2,24,1,야,일,부산,차대사람,안전운전 의무 불이행,단일로,승용차,보행자,129.0393688,35.09159987,1.0,5,2,1,6
2019,2,24,6,주,일,서울,차량단독,기타,단일로,승용차,없음,126.8417724,37.50402205,1.0,3,2,0,0
2019,2,24,20,야,일,경남,차대차,안전운전 의무 불이행,단일로,화물차,화물차,128.1261591,35.12989101,1.7,0,0,0,0
2019,2,25,6,주,월,서울,차대차,안전운전 의무 불이행,교차로,건설기계,자전거,127.0504893,37.61757933,1.0,15,3,0,5
2019,2,25,6,주,월,충남,차대사람,안전운전 의무 불이행,단일로,화물차,보행자,126.8667965,36.35858454,1.0,0,0,0,0
2019,2,25,6,주,월,전남,차대사람,안전운전 의무 불이행,단일로,화물차,보행자,126.393013,34.80063576,1.0,3,2,0,6
2019,2,25,11,주,월,경기,차대사람,안전운전 의무 불이행,단일로,화물차,보행자,126.7822447,37.75557867,1.0,3,0,1,1
2019,2,25,12,주,월,전남,차량단독,안전운전 의무 불이행,교차로,이륜차,없음,126.6449613,34.38362941,1.0,3,1,0,0
2019,2,25,12,주,월,경기,차대차,안전운전 의무 불이행,단일로,승합차,화물차,127.2464329,37.64640216,2.4,2,1,0,1
2019,2,25,14,주,월,충남,차량단독,안전운전 의무 불이행,교차로,화물차,없음,126.6506399,36.4288771,1.0,0,0,0,0
2019,2,25,14,주,월,전남,차대차,안전운전 의무 불이행,단일로,건설기계,이륜차,127.485987,34.98147693,1.0,0,0,0,1
2019,2,25,14,주,월,경남,차대사람,과속,단일로,이륜차,보행자,128.616751,35.25932172,1.0,4,3,0,5
2019,2,25,18,야,월,강원,차대사람,안전운전 의무 불이행,교차로,승용차,보행자,128.7668278,37.9591459,1.0,1,0,0,0
2019,2,25,18,야,월,경북,차대차,안전운전 의무 불이행,단일로,화물차,농기계,128.2451565,36.41046097,1.0,0,0,0,0
2019,2,25,19,야,월,경북,차대사람,안전운전 의무 불이행,교차로,승용차,보행자,128.3473779,36.11910977,1.0,7,0,0,2
2019,2,25,21,야,월,강원,차대차,안전운전 의무 불이행,단일로,화물차,승합차,128.6165488,38.13762699,1.3,2,0,0,0
2019,2,26,0,야,화,부산,차대사람,신호위반,교차로,승용차,보행자,129.06562,35.07616161,1.7,2,8,0,0
2019,2,26,1,야,화,대구,차대차,안전운전 의무 불이행,단일로,승용차,화물차,128.5935778,35.9142865,1.6,2,0,0,1
2019,2,26,5,야,화,경기,차량단독,안전운전 의무 불이행,단일로,승용차,없음,127.491659,37.62827791,1.0,0,0,0,0
2019,2,26,6,주,화,경북,차량단독,안전운전 의무 불이행,교차로,승용차,없음,129.1987359,35.85703612,1.0,0,0,0,1
2019,2,26,17,주,화,경북,차대차,안전운전 의무 불이행,교차로,승용차,승용차,128.6849307,36.5651679,4.1,0,0,0,0
2019,2,26,18,야,화,광주,차대차,신호위반,단일로,승용차,이륜차,126.8175057,35.17413984,1.0,15,5,0,0
2019,2,26,19,야,화,인천,차대사람,안전운전 의무 불이행,교차로,승용차,보행자,126.6966237,37.42348625,1.0,7,3,1,2
2019,2,26,22,야,화,경기,차대차,안전운전 의무 불이행,교차로,승합차,자전거,126.767054,37.52026056,1.0,2,1,0,1
2019,2,27,0,야,수,경남,차대차,중앙선 침범,교차로,농기계,승용차,128.8328154,35.39626254,1.3,5,1,0,2
2019,2,27,0,야,수,경기,차량단독,안전운전 의무 불이행,단일로,승용차,없음,127.0768283,37.78227757,1.0,0,0,1,0
2019,2,27,1,야,수,경기,차대차,안전운전 의무 불이행,교차로,화물차,화물차,127.1159907,37.38646733,1.0,10,2,1,1
2019,2,27,1,야,수,경북,차대차,안전운전 의무 불이행,교차로,화물차,화물차,128.5557165,35.98160186,1.7,2,0,0,1
2019,2,27,1,야,수,대구,차대차,안전운전 의무 불이행,단일로,화물차,승용차,128.6912593,35.88757276,1.0,0,0,0,1
2019,2,27,5,야,수,울산,차대차,과속,단일로,화물차,자전거,129.3616962,35.56097109,1.0,6,1,0,0
2019,2,27,6,주,수,전북,차대사람,안전운전 의무 불이행,단일로,승용차,보행자,126.9342868,35.95126587,1.0,4,1,0,1
2019,2,27,13,주,수,경북,차대차,안전운전 의무 불이행,단일로,화물차,이륜차,128.7595829,36.86644246,1.0,0,0,0,1
2019,2,27,14,주,수,전남,차량단독,안전운전 의무 불이행,교차로,승용차,없음,126.5785132,35.0346261,1.0,0,0,0,2
2019,2,27,14,주,수,대구,차대차,안전운전 의무 불이행,단일로,승합차,자전거,128.5821908,35.87402686,1.0,11,1,0,4
2019,2,27,15,주,수,서울,차대차,중앙선 침범,단일로,이륜차,승용차,127.1431484,37.48143985,1.6,11,1,0,0
2019,2,27,16,주,수,충북,차대사람,중앙선 침범,단일로,화물차,보행자,127.7361637,36.66044084,1.0,2,2,0,1
2019,2,27,23,야,수,전북,차대차,신호위반,교차로,승용차,화물차,127.134239,35.87302539,2.0,16,2,0,1
2019,2,28,1,야,목,경기,차대사람,과속,교차로,승용차,보행자,126.8434963,37.72520997,1.0,0,0,0,1
2019,2,28,5,야,목,충남,차대사람,안전운전 의무 불이행,단일로,화물차,보행자,126.4887255,36.78463847,1.0,4,0,0,3
2019,2,28,6,주,목,전북,차대차,안전운전 의무 불이행,단일로,화물차,건설기계,126.9015,35.82738991,1.0,2,0,0,1
2019,2,28,7,주,목,전북,차량단독,안전운전 의무 불이행,교차로,승용차,없음,126.719636,35.95947461,1.0,5,1,0,1
2019,2,28,8,주,목,부산,차대차,안전운전 의무 불이행,교차로,화물차,자전거,129.068902,35.12439159,1.0,2,0,0,0
2019,2,28,14,주,목,충남,차대차,안전운전 의무 불이행,단일로,화물차,화물차,127.1518115,36.44302926,1.7,0,0,0,0
2019,2,28,19,야,목,전북,차대사람,중앙선 침범,단일로,화물차,보행자,127.1812271,35.66725346,1.0,0,0,0,0
2019,2,28,19,야,목,대구,차대차,안전운전 의무 불이행,교차로,건설기계,자전거,128.5533687,35.89248565,1.0,1,0,1,2
2019,3,1,0,야,금,서울,차대사람,안전운전 의무 불이행,단일로,화물차,보행자,126.8847476,37.55026757,1.0,0,0,0,4
2019,3,1,3,야,금,경기,차대사람,안전운전 의무 불이행,교차로,승용차,보행자,126.7910966,37.42627545,1.0,1,0,1,0
2019,3,1,10,주,금,충남,차대차,안전운전 의무 불이행,단일로,승용차,승용차,127.1520653,36.67542899,3.5999999999999996,0,0,1,0
2019,3,1,16,주,금,경북,차량단독,안전운전 의무 불이행,단일로,농기계,없음,129.4313443,35.86687176,1.0,0,0,0,1
2019,3,1,21,야,금,충남,차대사람,안전운전 의무 불이행,단일로,승용차,보행자,126.6965341,36.80934679,1.0,2,0,0,0
2019,3,2,12,주,토,전남,차량단독,안전운전 의무 불이행,단일로,승용차,없음,127.0211249,35.29481647,1.0,0,0,0,1
2019,3,2,14,주,토,경기,차대사람,안전운전 의무 불이행,교차로,건설기계,보행자,126.873036,37.63601339,1.7,18,0,1,0
2019,3,2,18,야,토,충남,차량단독,안전운전 의무 불이행,단일로,화물차,없음,126.6103037,36.40516238,1.0,0,0,0,0
2019,3,2,20,야,토,경남,차대사람,안전운전 의무 불이행,교차로,승합차,보행자,128.7617674,35.46871243,1.0,3,1,0,1
2019,3,3,1,야,일,서울,차대차,안전운전 의무 불이행,교차로,승용차,이륜차,126.9924835,37.57777517,1.0,2,2,0,2
2019,3,3,1,야,일,충남,차대사람,안전운전 의무 불이행,단일로,화물차,보행자,126.6523991,36.32851573,1.0,1,0,0,1
2019,3,3,3,야,일,제주,차대차,중앙선 침범,교차로,화물차,화물차,126.3405599,33.46334346,1.0,2,0,0,1
2019,3,3,9,주,일,전북,차량단독,안전운전 의무 불이행,단일로,농기계,없음,127.6523117,36.0547611,1.0,0,0,0,0
2019,3,3,10,주,일,경북,차량단독,안전운전 의무 불이행,교차로,화물차,없음,129.5072545,35.82223153,1.0,0,0,0,0
2019,3,3,11,주,일,울산,차대차,교차로 통행방법 위반,교차로,농기계,이륜차,129.0977207,35.58418769,1.0,0,1,0,0
2019,3,3,14,주,일,경기,차량단독,안전운전 의무 불이행,단일로,이륜차,없음,126.7044396,37.77978387,1.0,0,0,0,2
2019,3,4,2,야,월,강원,차량단독,안전운전 의무 불이행,교차로,승용차,없음,127.7277574,37.88015024,1.7,19,4,0,1
2019,3,4,15,주,월,대구,차량단독,안전운전 의무 불이행,단일로,이륜차,없음,128.4396112,35.78256224,1.0,3,2,0,2
2019,3,4,16,주,월,경기,차대사람,신호위반,교차로,화물차,보행자,126.808978,37.48511371,1.0,0,2,1,6
2019,3,4,16,주,월,경남,차대사람,안전운전 의무 불이행,단일로,화물차,보행자,128.3132349,35.63825221,1.0,0,0,0,0
2019,3,4,18,야,월,경북,차대사람,안전운전 의무 불이행,단일로,화물차,보행자,128.5669468,36.40902903,1.0,0,0,0,0
2019,3,4,22,야,월,경기,차대차,과속,단일로,승용차,승용차,126.8112803,37.44498982,1.0,1,0,0,1
2019,3,4,23,야,월,서울,차대사람,보행자 보호의무 위반,교차로,화물차,보행자,127.0637797,37.54206021,1.0,6,3,5,2
2019,3,5,1,야,화,부산,차대사람,안전운전 의무 불이행,단일로,승용차,보행자,128.9730043,35.1538701,1.0,1,0,0,3
2019,3,5,5,야,화,전북,차대차,안전운전 의무 불이행,단일로,화물차,화물차,126.8303827,35.57448911,1.3,0,0,0,0
2019,3,5,8,주,화,강원,차대사람,기타,단일로,승용차,보행자,129.1609912,37.44202063,1.0,0,1,0,4
2019,3,5,9,주,화,강원,차대차,중앙선 침범,단일로,화물차,승용차,127.3974889,38.16665368,3.9000000000000004,0,0,0,0
2019,3,5,11,주,화,경북,차량단독,안전운전 의무 불이행,단일로,화물차,없음,128.9716423,36.64520994,1.0,0,0,0,0
2019,3,5,11,주,화,경북,차대사람,보행자 보호의무 위반,교차로,화물차,보행자,128.5316195,36.48268417,1.0,0,0,0,0
2019,3,5,11,주,화,대구,차대차,과속,단일로,화물차,자전거,128.5598794,35.94617024,1.0,0,0,0,4
2019,3,5,14,주,화,강원,차대사람,안전운전 의무 불이행,교차로,승용차,보행자,127.9491128,37.33197488,1.0,2,0,0,3
2019,3,5,19,야,화,전북,차대차,과속,단일로,승용차,농기계,126.6908834,35.69533417,1.9,2,0,0,0
2019,3,6,0,야,수,인천,차대사람,과속,기타,화물차,보행자,126.4754091,37.25336161,1.0,0,0,0,0
2019,3,6,1,야,수,경북,차량단독,안전운전 의무 불이행,단일로,승용차,없음,128.2588015,36.25123861,1.0,0,0,0,0
2019,3,6,1,야,수,인천,차량단독,안전운전 의무 불이행,단일로,이륜차,없음,126.688713,37.4804913,1.0,0,0,0,0
2019,3,6,4,야,수,강원,차량단독,안전운전 의무 불이행,단일로,이륜차,없음,127.9504408,37.34832994,1.3,0,0,0,4
2019,3,6,10,주,수,강원,차량단독,안전운전 의무 불이행,단일로,농기계,없음,128.4464167,37.54643709,1.0,0,0,0,0
2019,3,6,10,주,수,충남,차대차,안전운전 의무 불이행,교차로,이륜차,승용차,126.7293174,36.68694747,1.0,0,0,0,0
2019,3,6,14,주,수,경북,차량단독,안전운전 의무 불이행,단일로,이륜차,없음,128.6808669,36.15898223,1.0,0,0,0,1
2019,3,6,16,주,수,울산,차대차,안전거리 미확보,단일로,승용차,특수차,129.0967912,35.50228531,1.7,0,0,0,0
2019,3,6,18,야,수,서울,차대사람,안전운전 의무 불이행,교차로,화물차,보행자,126.9418285,37.481796,1.0,21,2,0,6
2019,3,6,19,야,수,경북,차대사람,안전운전 의무 불이행,단일로,승용차,보행자,128.3669464,36.0362164,1.0,1,0,0,0
2019,3,7,5,야,목,경기,차대사람,안전운전 의무 불이행,단일로,승용차,보행자,126.8754837,37.36167259,1.0,5,4,0,0
2019,3,7,9,주,목,전남,차대사람,안전운전 의무 불이행,단일로,승용차,보행자,126.9868737,34.97566303,1.7,0,0,0,0
2019,3,7,9,주,목,경남,차대차,안전운전 의무 불이행,단일로,화물차,이륜차,128.3491281,35.32571262,1.0,0,0,0,0
2019,3,7,11,주,목,경남,차량단독,안전운전 의무 불이행,단일로,화물차,없음,127.8739294,35.02110143,1.0,0,0,0,0
2019,3,7,12,주,목,강원,차대사람,보행자 보호의무 위반,단일로,화물차,보행자,127.2180797,38.20798648,1.7,6,1,0,0
2019,3,7,13,주,목,경남,차대사람,안전운전 의무 불이행,교차로,화물차,보행자,129.1520815,35.40634574,1.0,0,1,0,1
2019,3,7,14,주,목,부산,차대사람,안전운전 의무 불이행,교차로,승용차,보행자,129.176712,35.16252765,1.0,8,3,0,0
2019,3,7,17,주,목,경기,차대차,신호위반,교차로,이륜차,화물차,126.9924107,37.79317452,1.0,0,0,0,3
2019,3,7,18,야,목,경북,차량단독,안전운전 의무 불이행,기타,승용차,없음,128.1780932,35.92914472,1.3,0,0,0,0
2019,3,7,19,야,목,경기,차대사람,안전운전 의무 불이행,단일로,화물차,보행자,127.2622871,37.82169857,1.0,2,0,0,0
2019,3,7,23,야,목,충북,차대사람,안전운전 의무 불이행,교차로,승용차,보행자,128.2126416,37.15565873,1.7,5,1,0,3
2019,3,8,0,야,금,대구,차대사람,안전운전 의무 불이행,교차로,승용차,보행자,128.5684861,35.88870979,1.7,4,1,0,4
2019,3,8,0,야,금,대전,차대차,중앙선 침범,단일로,이륜차,승용차,127.4305961,36.33054541,1.3,25,0,0,5
2019,3,8,6,주,금,충남,차대차,과속,교차로,화물차,자전거,127.1381514,36.83347021,3.0999999999999996,22,3,0,4
2019,3,8,6,주,금,대전,차대차,신호위반,교차로,화물차,승합차,127.305363,36.36047346,1.3,9,1,0,1
2019,3,8,7,주,금,충북,차대차,신호위반,교차로,승용차,화물차,127.6893663,36.10266339,1.0,0,0,0,0
2019,3,8,7,주,금,충남,차량단독,안전운전 의무 불이행,단일로,이륜차,없음,126.9307718,36.87909201,1.0,1,0,1,0
2019,3,8,7,주,금,경기,차대차,안전운전 의무 불이행,교차로,화물차,농기계,127.3213948,37.65140672,1.0,1,0,0,1
2019,3,8,8,주,금,경기,차대차,신호위반,교차로,화물차,화물차,126.8942584,37.12277504,1.3,2,0,0,0
2019,3,8,12,주,금,경남,차대사람,안전운전 의무 불이행,단일로,화물차,보행자,128.3247828,35.43843488,1.0,0,0,0,0
2019,3,8,17,주,금,전남,차량단독,안전운전 의무 불이행,단일로,승용차,없음,126.9325931,34.50980869,2.4,0,0,0,0
2019,3,8,19,야,금,경북,차대사람,안전운전 의무 불이행,단일로,승합차,보행자,128.6187161,36.82685555,1.0,5,2,0,3
2019,3,8,19,야,금,경북,차대사람,보행자 보호의무 위반,교차로,승용차,보행자,128.7210004,35.83087304,1.0,7,0,0,2
2019,3,8,20,야,금,광주,차대차,중앙선 침범,단일로,승용차,이륜차,126.9167459,35.12261098,1.0,5,2,0,2
2019,3,9,1,야,토,경기,차대차,안전운전 의무 불이행,단일로,이륜차,이륜차,127.3324776,37.53705953,1.7,0,0,1,2
2019,3,9,1,야,토,경남,차대사람,안전운전 의무 불이행,단일로,화물차,보행자,128.7257558,35.31918977,1.3,0,0,0,0
2019,3,9,4,야,토,경기,차대차,안전운전 의무 불이행,교차로,이륜차,화물차,127.1287506,37.42182401,1.3,8,1,1,6
2019,3,9,6,주,토,서울,차대사람,과속,단일로,승용차,보행자,126.9727783,37.53431593,1.0,3,1,0,2
2019,3,9,8,주,토,전남,차량단독,안전운전 의무 불이행,단일로,이륜차,없음,127.3147315,34.52588385,1.0,0,0,0,0
2019,3,9,9,주,토,경북,차대차,안전운전 의무 불이행,단일로,승용차,화물차,128.939719,35.93936593,1.0,0,0,1,1
2019,3,9,10,주,토,전북,차대차,안전운전 의무 불이행,교차로,이륜차,화물차,126.9091847,35.80180425,1.3,5,0,0,3
2019,3,9,13,주,토,경기,차량단독,안전운전 의무 불이행,기타,자전거,없음,126.9006049,37.43460615,1.0,2,0,0,1
2019,3,10,0,야,일,서울,차대사람,안전운전 의무 불이행,단일로,승용차,보행자,126.955652,37.49555753,1.0,3,3,0,2
2019,3,10,1,야,일,경기,차량단독,신호위반,교차로,승용차,없음,127.0510486,37.92302921,1.0,2,1,0,0
2019,3,10,5,야,일,경기,차대차,안전운전 의무 불이행,교차로,승용차,이륜차,127.1222573,37.38254849,1.0,4,1,1,1
2019,3,10,12,주,일,경기,차대사람,안전운전 의무 불이행,단일로,승용차,보행자,126.9006996,37.16387591,1.0,1,1,0,0
2019,3,10,15,주,일,전남,차대차,중앙선 침범,단일로,화물차,화물차,126.3873237,34.74157543,1.6,2,0,0,1
2019,3,10,20,야,일,경기,차대사람,안전운전 의무 불이행,단일로,승합차,보행자,126.8199187,37.73859603,1.3,2,0,0,0
2019,3,11,6,주,월,제주,차대사람,안전운전 의무 불이행,교차로,승용차,보행자,126.2231906,33.24568874,1.0,1,0,0,1
2019,3,11,8,주,월,제주,차대차,중앙선 침범,교차로,이륜차,승용차,126.2968304,33.26781568,1.0,0,0,0,1
2019,3,11,10,주,월,경기,차대사람,안전운전 의무 불이행,단일로,승용차,보행자,127.1710459,37.46213241,1.0,1,1,2,2
2019,3,12,3,야,화,전북,차량단독,안전운전 의무 불이행,교차로,승용차,없음,127.1105481,35.79518681,1.0,12,1,0,0
2019,3,12,10,주,화,전북,차대사람,안전운전 의무 불이행,교차로,화물차,보행자,127.1218357,35.81909857,1.0,11,3,0,2
2019,3,12,10,주,화,전남,차량단독,안전운전 의무 불이행,단일로,화물차,없음,127.4584671,35.0204891,1.0,1,0,0,0
2019,3,12,13,주,화,경기,차량단독,안전운전 의무 불이행,단일로,화물차,없음,127.2871827,37.43996347,1.0,1,0,0,0
2019,3,12,13,주,화,전북,차대차,안전운전 의무 불이행,단일로,승용차,승용차,127.4300489,35.79254232,2.5999999999999996,0,0,0,0
2019,3,12,13,주,화,제주,차대사람,기타,단일로,화물차,보행자,126.5316062,33.49739538,1.0,2,0,1,8
2019,3,12,19,야,화,경북,차대사람,안전운전 의무 불이행,단일로,승용차,보행자,128.9288928,36.01652034,1.0,2,0,0,0
2019,3,12,21,야,화,서울,차대차,신호위반,교차로,이륜차,승합차,126.9198754,37.62336391,1.0,10,3,0,2
2019,3,12,23,야,화,경북,차대차,중앙선 침범,단일로,승용차,승용차,128.7570481,35.81968275,5.5,6,0,0,0
2019,3,13,6,주,수,경기,차대사람,과속,교차로,화물차,보행자,126.9812849,37.25107541,1.0,4,3,0,1
2019,3,13,7,주,수,전북,차대차,신호위반,교차로,승용차,승용차,126.9709767,35.95815905,1.9,16,4,0,1
2019,3,13,9,주,수,대구,차대사람,신호위반,단일로,승용차,보행자,128.4281624,35.8636404,1.0,0,0,0,1
2019,3,13,9,주,수,대전,차대차,중앙선 침범,교차로,자전거,승합차,127.3945138,36.32549741,1.7,11,1,0,3
2019,3,13,11,주,수,인천,차대사람,보행자 보호의무 위반,교차로,화물차,보행자,126.7296071,37.48747106,1.0,10,2,1,5
2019,3,13,13,주,수,전북,차량단독,안전운전 의무 불이행,단일로,화물차,없음,127.407771,35.40863907,1.0,2,0,0,0
2019,3,13,15,주,수,전남,차대사람,안전운전 의무 불이행,교차로,화물차,보행자,126.5255368,35.06635751,1.0,2,1,0,1
2019,3,13,17,주,수,경남,차대차,안전운전 의무 불이행,단일로,승용차,건설기계,127.7828819,34.98877697,1.0,0,0,1,0
2019,3,13,18,야,수,충남,차대차,신호위반,교차로,원동기장치자전거,승용차,126.6017736,36.34589672,1.0,8,2,0,5
2019,3,13,19,야,수,서울,차대사람,안전운전 의무 불이행,단일로,화물차,보행자,127.0307216,37.56263749,1.0,2,1,0,1
2019,3,13,21,야,수,전북,차대차,안전운전 의무 불이행,단일로,화물차,원동기장치자전거,126.7313687,35.72303556,1.0,6,0,0,1
2019,3,13,23,야,수,강원,차량단독,안전운전 의무 불이행,단일로,화물차,없음,128.8264063,37.71412566,1.0,0,0,0,1
2019,3,14,0,야,목,경기,차대차,중앙선 침범,단일로,승용차,승용차,126.9381467,37.03164134,3.0,0,0,0,0
2019,3,14,1,야,목,대구,차대차,안전운전 의무 불이행,단일로,특수차,화물차,128.4444247,35.63923348,2.0,0,0,0,1
2019,3,14,3,야,목,서울,차량단독,안전운전 의무 불이행,단일로,이륜차,없음,126.8820358,37.48513987,1.0,5,1,0,7
2019,3,14,5,야,목,서울,차대차,안전운전 의무 불이행,단일로,승용차,승용차,126.9283883,37.57713067,1.0,9,0,0,2
2019,3,14,5,야,목,인천,차대사람,안전운전 의무 불이행,단일로,화물차,보행자,126.7052762,37.49069895,1.0,5,5,0,2
2019,3,14,5,야,목,울산,차대사람,안전운전 의무 불이행,교차로,승용차,보행자,129.307912,35.48823494,1.0,4,1,0,0
2019,3,14,15,주,목,경북,차대차,교차로 통행방법 위반,교차로,승용차,이륜차,128.1781628,36.10307566,1.0,0,0,0,0
2019,3,14,15,주,목,인천,차대사람,안전운전 의무 불이행,교차로,승용차,보행자,126.7026721,37.44194547,1.0,11,0,1,1
2019,3,14,18,야,목,전남,차량단독,안전운전 의무 불이행,단일로,화물차,없음,127.27193,34.60940251,1.0,0,0,0,0
2019,3,14,18,야,목,전남,차량단독,안전운전 의무 불이행,교차로,이륜차,없음,126.4876458,35.25950992,1.0,2,0,0,0
2019,3,14,19,야,목,전남,차대차,신호위반,교차로,화물차,화물차,126.4420215,34.94392954,1.0,1,0,2,1
2019,3,14,21,야,목,전남,차량단독,안전운전 의무 불이행,교차로,승용차,없음,126.9209563,34.69238396,1.0,2,0,0,0
2019,3,15,1,야,금,서울,차대사람,안전운전 의무 불이행,교차로,승합차,보행자,126.8627745,37.55709228,1.0,3,2,0,0
2019,3,15,3,야,금,경남,차대사람,안전운전 의무 불이행,단일로,승용차,보행자,128.6159018,34.88774945,1.0,7,2,0,4
2019,3,15,5,야,금,전남,차대사람,안전운전 의무 불이행,교차로,승용차,보행자,127.7116115,34.72626554,1.0,3,1,1,0
2019,3,15,6,주,금,서울,차대차,중앙선 침범,단일로,기타,승용차,127.0728551,37.5925798,1.0,9,1,5,2
2019,3,15,6,주,금,전남,차대사람,과속,단일로,승용차,보행자,126.422008,34.81456609,1.0,9,1,0,6
2019,3,15,6,주,금,제주,차량단독,안전운전 의무 불이행,교차로,화물차,없음,126.573131,33.51217073,1.0,1,1,0,1
2019,3,15,6,주,금,경기,차대사람,안전운전 의무 불이행,단일로,승용차,보행자,126.7617801,37.69923737,1.0,5,1,0,0
2019,3,15,14,주,금,전남,차량단독,안전운전 의무 불이행,단일로,사륜오토바이(ATV),없음,127.1743049,34.8072331,1.0,0,0,0,0
2019,3,15,19,야,금,강원,차대사람,안전운전 의무 불이행,단일로,승용차,보행자,128.0356417,37.76099327,1.0,0,0,0,0
2019,3,15,20,야,금,경북,차대차,안전운전 의무 불이행,교차로,승용차,승용차,129.3821693,35.97663821,1.0,1,0,0,3
2019,3,16,2,야,토,부산,차량단독,안전운전 의무 불이행,교차로,승용차,없음,129.1048537,35.28353902,1.0,0,0,0,0
2019,3,16,3,야,토,충북,차대차,신호위반,교차로,화물차,이륜차,127.5187445,36.6234056,1.0,4,2,0,0
2019,3,16,5,야,토,경남,차대차,안전운전 의무 불이행,교차로,화물차,승용차,128.1034642,35.17939247,1.0,0,1,1,0
2019,3,16,6,주,토,경기,차대차,안전운전 의무 불이행,단일로,승용차,건설기계,126.7594353,37.21159033,1.3,0,0,0,1