발생년,발생월,발생일,발생시,주야,요일,발생지시도,사고유형_대분류,가해자법규위반,도로형태_대분류,가해자_당사자종별,피해자_당사자종별,경도,위도,사상자수,반경500m카메라수,반경500m학교수,반경500m전광판수,반경500m사고건수
2019,5,2,15,주,목,강원,차대차,기타,교차로,화물차,건설기계,127.4600682,38.26191484,1.3,0,0,0,0
2019,5,2,16,주,목,강원,차대사람,안전운전 의무 불이행,단일로,화물차,보행자,127.7047622,37.73121357,1.0,1,1,0,1
2019,5,2,16,주,목,충남,차량단독,안전운전 의무 불이행,단일로,승용차,없음,127.0710838,36.18870376,1.3,0,0,0,0
2019,5,2,16,주,목,전북,차대차,신호위반,교차로,건설기계,자전거,126.7380922,35.98566492,1.0,3,0,0,0
2019,5,2,16,주,목,대전,차대사람,안전운전 의무 불이행,교차로,승용차,보행자,127.36524,36.35455174,1.0,14,2,0,6
2019,5,2,19,야,목,전북,차대차,안전운전 의무 불이행,단일로,승용차,농기계,126.8943703,35.82299944,2.0,2,0,0,0
2019,5,2,20,야,목,충북,차대사람,안전운전 의무 불이행,교차로,화물차,보행자,127.7972879,36.97268046,1.0,0,0,0,1
2019,5,3,2,야,금,서울,차대사람,안전운전 의무 불이행,단일로,승용차,보행자,127.0699813,37.53840544,1.0,8,4,14,1
2019,5,3,2,야,금,경기,차대사람,안전운전 의무 불이행,교차로,승용차,보행자,127.0757723,37.24650657,1.0,7,3,0,1
2019,5,3,3,야,금,경기,차대사람,과속,교차로,승용차,보행자,126.9808041,37.28366224,1.0,10,4,0,0
2019,5,3,3,야,금,충북,차량단독,안전운전 의무 불이행,단일로,이륜차,없음,127.424407,36.64620001,1.0,2,0,0,0
2019,5,3,7,주,금,강원,차량단독,안전운전 의무 불이행,교차로,자전거,없음,127.9571067,37.34105365,1.0,1,5,0,1
2019,5,3,7,주,금,경북,차대차,기타,단일로,이륜차,승용차,129.023318,36.25991032,1.7,0,0,0,0
2019,5,3,8,주,금,충남,차량단독,안전운전 의무 불이행,단일로,화물차,없음,126.9990975,36.78442195,1.0,19,1,0,2
2019,5,3,10,주,금,충남,차량단독,안전운전 의무 불이행,단일로,자전거,없음,126.288072,36.76132835,1.0,2,1,0,0
2019,5,3,17,주,금,부산,차대사람,안전운전 의무 불이행,단일로,승용차,보행자,128.9898969,35.19283868,1.0,3,2,0,4
2019,5,3,17,주,금,경북,차대사람,보행자 보호의무 위반,교차로,화물차,보행자,128.1143292,36.13334276,1.0,6,0,1,1
2019,5,4,1,야,토,서울,차대차,과속,교차로,승용차,화물차,126.8331205,37.51510519,1.6,4,6,0,3
2019,5,4,1,야,토,경기,차대차,안전운전 의무 불이행,단일로,이륜차,승용차,126.9292462,37.39461902,1.0,5,1,0,3
2019,5,4,7,주,토,경남,차대사람,중앙선 침범,교차로,화물차,보행자,128.381655,35.38690056,1.0,0,0,0,0
2019,5,4,10,주,토,경북,차대차,기타,교차로,화물차,화물차,129.3703603,36.39703766,1.0,0,0,0,2
2019,5,4,11,주,토,부산,차대차,안전운전 의무 불이행,단일로,건설기계,자전거,128.9192547,35.1828859,1.0,0,0,0,0
2019,5,4,11,주,토,경북,차대사람,안전운전 의무 불이행,단일로,승용차,보행자,129.2365696,35.83595926,1.0,0,0,1,0
2019,5,4,11,주,토,경남,차량단독,안전운전 의무 불이행,단일로,이륜차,없음,127.6367085,35.52943917,1.0,0,0,0,0
2019,5,4,14,주,토,인천,차대차,중앙선 침범,단일로,승용차,승용차,126.5893456,37.56952194,2.3,0,0,0,0
2019,5,4,15,주,토,경기,차대차,안전운전 의무 불이행,교차로,화물차,화물차,127.3594681,37.17054519,1.7,0,0,0,0
2019,5,5,1,야,일,경기,차대사람,과속,교차로,이륜차,보행자,127.0379488,37.21236421,1.0,8,4,0,2
2019,5,5,1,야,일,경남,차량단독,안전운전 의무 불이행,단일로,승용차,없음,128.6272935,35.21726117,1.0,1,0,0,0
2019,5,5,2,야,일,강원,차대사람,안전운전 의무 불이행,단일로,승용차,보행자,127.9383662,37.35912879,1.0,2,1,0,6
2019,5,5,4,야,일,전남,차대차,안전운전 의무 불이행,단일로,화물차,농기계,127.1901967,34.55001635,1.0,0,0,0,0
2019,5,5,7,주,일,경북,차대사람,안전운전 의무 불이행,교차로,화물차,보행자,128.1996862,36.00067829,1.0,0,0,0,0
2019,5,5,11,주,일,전남,차량단독,안전운전 의무 불이행,교차로,농기계,없음,126.7035111,34.90573571,1.0,0,0,0,0
2019,5,5,12,주,일,경북,차대사람,보행자 보호의무 위반,단일로,승용차,보행자,128.723018,36.56678444,1.0,4,2,0,1
2019,5,5,15,주,일,서울,차대차,기타,교차로,승용차,자전거,127.1293674,37.53958022,1.0,8,0,0,6
2019,5,5,16,주,일,전북,차대차,과속,교차로,승용차,이륜차,127.2948606,35.36422736,1.0,0,0,0,0
2019,5,5,16,주,일,대구,차대차,기타,교차로,이륜차,승용차,128.7077298,35.86615872,1.3,0,2,1,2
2019,5,5,18,야,일,전남,차대차,안전운전 의무 불이행,기타,승용차,승용차,126.7233645,34.79013788,2.6999999999999997,0,0,0,0
2019,5,5,20,야,일,충북,차대사람,안전운전 의무 불이행,단일로,승용차,보행자,128.2083856,37.16541937,1.0,2,0,0,4
2019,5,5,20,야,일,경기,차대사람,안전운전 의무 불이행,단일로,승용차,보행자,127.1544358,38.2363996,1.0,0,0,0,0
2019,5,5,21,야,일,경기,차량단독,안전운전 의무 불이행,단일로,개인형이동수단(PM),없음,126.8360684,37.3083128,1.0,14,5,0,2
2019,5,5,21,야,일,경남,차량단독,안전운전 의무 불이행,단일로,이륜차,없음,128.6030616,35.21118183,1.0,2,0,1,0
2019,5,6,0,야,월,전남,차대차,중앙선 침범,단일로,승용차,승용차,126.2785015,34.45786716,4.4,1,0,0,0
2019,5,6,1,야,월,서울,차대사람,과속,단일로,승용차,보행자,126.8079673,37.55905423,1.0,2,1,0,2
2019,5,6,2,야,월,서울,차대사람,안전운전 의무 불이행,단일로,승용차,보행자,126.8396666,37.54141622,1.0,3,1,0,2
2019,5,6,3,야,월,경기,차대차,과속,단일로,승용차,승용차,126.7945819,37.58454597,1.0,0,0,0,0
2019,5,6,5,야,월,경기,차량단독,안전운전 의무 불이행,단일로,이륜차,없음,127.1706242,37.41129383,1.0,0,0,1,0
2019,5,6,11,주,월,경북,차대차,교차로 통행방법 위반,교차로,화물차,이륜차,128.8160006,35.99683408,1.0,1,0,0,2
2019,5,6,14,주,월,강원,차대사람,보행자 보호의무 위반,교차로,특수차,보행자,127.7618457,37.88572154,1.0,3,2,0,0
2019,5,6,19,야,월,경남,차대사람,안전운전 의무 불이행,단일로,화물차,보행자,128.7529116,35.45198977,1.0,0,0,0,0
2019,5,6,22,야,월,전남,차량단독,안전운전 의무 불이행,단일로,승용차,없음,126.6936358,34.98425561,1.3,1,0,0,1
2019,5,7,5,야,화,경기,차량단독,안전운전 의무 불이행,단일로,이륜차,없음,127.1198776,37.60056249,1.0,0,0,1,1
2019,5,7,6,주,화,서울,차대사람,보행자 보호의무 위반,교차로,승용차,보행자,127.0437695,37.54805521,1.0,1,2,0,4
2019,5,7,7,주,화,전북,차량단독,안전운전 의무 불이행,단일로,화물차,없음,126.7621565,35.79302166,1.0,0,0,0,0
2019,5,7,8,주,화,인천,차대차,안전운전 의무 불이행,교차로,승용차,화물차,126.7181373,37.57713671,1.3,2,0,0,0
2019,5,7,9,주,화,서울,차대차,중앙선 침범,단일로,승용차,승용차,126.8959476,37.56664875,2.3,1,0,0,3
2019,5,7,9,주,화,서울,차대사람,안전운전 의무 불이행,단일로,승합차,보행자,126.8237645,37.56000204,1.0,4,3,0,3
2019,5,7,9,주,화,대구,차량단독,안전운전 의무 불이행,교차로,화물차,없음,128.6854559,35.85127055,1.0,1,0,0,2
2019,5,7,10,주,화,전북,차대차,기타,교차로,농기계,화물차,126.7779324,35.94869332,1.0,0,0,1,0
2019,5,7,11,주,화,경북,차대차,과속,단일로,승용차,승용차,128.3173025,36.26506128,1.3,0,0,0,0
2019,5,7,12,주,화,서울,차대차,안전운전 의무 불이행,단일로,자전거,화물차,126.967974,37.57487308,1.0,20,1,0,1
2019,5,7,12,주,화,서울,차대사람,신호위반,단일로,건설기계,보행자,126.9421524,37.54619923,1.0,19,4,0,3
2019,5,7,13,주,화,경기,차대사람,보행자 보호의무 위반,교차로,화물차,보행자,127.2264047,37.53450887,1.0,3,4,0,0
2019,5,7,14,주,화,경남,차대차,신호위반,교차로,승용차,건설기계,128.4724005,35.39412065,1.0,0,1,0,2
2019,5,7,14,주,화,인천,차대차,안전운전 의무 불이행,단일로,승용차,원동기장치자전거,126.4393806,37.77156728,1.0,1,0,0,1
2019,5,7,15,주,화,서울,차대차,안전운전 의무 불이행,교차로,원동기장치자전거,승용차,127.0439721,37.55159109,1.0,1,1,0,7
2019,5,7,15,주,화,경기,차대차,과속,단일로,승용차,자전거,126.7266709,37.59440477,1.0,0,0,0,1
2019,5,7,16,주,화,경기,차대차,신호위반,교차로,원동기장치자전거,승용차,127.0506583,37.90488462,1.0,10,0,0,3
2019,5,7,17,주,화,서울,차대사람,기타,단일로,승용차,보행자,126.8133794,37.5565801,1.0,2,1,0,2
2019,5,7,20,야,화,대전,차대사람,보행자 보호의무 위반,교차로,승용차,보행자,127.3234012,36.29472486,2.0,9,4,1,2
2019,5,8,2,야,수,경기,차대차,안전운전 의무 불이행,단일로,이륜차,특수차,126.8984892,37.68273563,1.0,0,0,0,1
2019,5,8,5,야,수,충남,차대차,안전운전 의무 불이행,단일로,화물차,화물차,127.1888896,36.92660815,1.3,0,0,1,2
2019,5,8,10,주,수,경북,차대사람,안전운전 의무 불이행,교차로,승용차,보행자,128.1109817,36.05556389,1.0,0,0,0,0
2019,5,8,13,주,수,대전,차대사람,중앙선 침범,단일로,승용차,보행자,127.3313416,36.35172295,1.0,6,1,0,4
2019,5,8,17,주,수,경기,차대차,안전운전 의무 불이행,교차로,승용차,자전거,127.151662,37.81949456,1.0,1,0,0,0
2019,5,8,23,야,수,대전,차대차,안전거리 미확보,단일로,화물차,승용차,127.4800742,36.34533118,1.6,0,0,0,2
2019,5,9,0,야,목,대구,차대사람,과속,기타,승용차,보행자,128.4942263,35.85165643,1.0,8,1,0,3
2019,5,9,3,야,목,전남,차대차,안전운전 의무 불이행,단일로,승용차,화물차,127.4973154,34.99222652,1.0,4,1,0,0
2019,5,9,7,주,목,부산,차량단독,안전운전 의무 불이행,단일로,승용차,없음,129.1088721,35.10613291,1.0,1,0,1,0
2019,5,9,9,주,목,강원,차대차,중앙선 침범,기타,승용차,승용차,128.2156407,38.15879685,1.6,0,0,0,0
2019,5,9,13,주,목,경기,차대사람,보행자 보호의무 위반,교차로,화물차,보행자,127.0690013,37.14644407,1.0,4,2,0,3
2019,5,9,15,주,목,서울,차대사람,안전운전 의무 불이행,단일로,화물차,보행자,126.9162838,37.58413796,1.0,7,3,0,2
2019,5,9,16,주,목,전북,차대차,안전운전 의무 불이행,단일로,승합차,자전거,127.3737197,35.41364867,1.0,3,2,0,0
2019,5,9,21,야,목,경기,차대사람,안전운전 의무 불이행,단일로,승용차,보행자,127.2536358,37.45925077,1.3,3,0,2,0
2019,5,9,23,야,목,충북,차대차,안전운전 의무 불이행,단일로,승용차,화물차,127.4206251,36.62495195,2.0,3,1,0,2
2019,5,10,6,주,금,부산,차대사람,기타,기타,화물차,보행자,129.049897,35.15749086,1.0,8,2,2,5
2019,5,10,12,주,금,대전,차량단독,안전운전 의무 불이행,단일로,승용차,없음,127.4710586,36.43553697,1.0,0,0,0,0
2019,5,10,14,주,금,전남,차대차,신호위반,교차로,원동기장치자전거,화물차,126.7022795,34.79979175,1.0,2,0,0,0
2019,5,10,15,주,금,경기,차대차,신호위반,교차로,원동기장치자전거,승용차,126.9334487,36.98293279,1.3,3,0,0,2
2019,5,10,15,주,금,전북,차대차,중앙선 침범,단일로,화물차,원동기장치자전거,127.6515899,36.01413645,1.0,0,0,0,0
2019,5,10,19,야,금,경남,차대차,안전운전 의무 불이행,단일로,승용차,화물차,127.7641946,35.53250934,3.3,0,0,0,0
2019,5,10,20,야,금,충남,차대사람,과속,단일로,승용차,보행자,127.0008251,36.41799912,1.0,0,1,0,0
2019,5,10,22,야,금,경남,차대사람,안전운전 의무 불이행,단일로,승합차,보행자,128.6916267,34.80879932,1.0,0,0,0,0
2019,5,11,0,야,토,서울,차대사람,안전운전 의무 불이행,교차로,승용차,보행자,127.0090019,37.48357248,1.0,7,3,0,1
2019,5,11,5,야,토,울산,차량단독,안전운전 의무 불이행,단일로,이륜차,화물차,129.1067657,35.57400621,1.0,0,0,0,1
2019,5,11,9,주,토,충남,차대차,과속,교차로,승용차,이륜차,127.0944032,36.19146267,1.0,8,2,0,3
2019,5,11,12,주,토,충북,차량단독,안전운전 의무 불이행,단일로,농기계,없음,127.8982276,36.14407424,1.0,0,0,0,0
2019,5,11,12,주,토,인천,차대차,교차로 통행방법 위반,교차로,화물차,자전거,126.6754636,37.58581098,1.0,2,0,0,0
2019,5,11,15,주,토,전북,차대차,중앙선 침범,교차로,승용차,특수차,126.8195249,35.85387547,1.7,3,3,0,0
2019,5,11,16,주,토,충남,차대차,안전운전 의무 불이행,단일로,자전거,승용차,126.8427675,36.51718377,1.0,0,0,0,0
2019,5,11,17,주,토,충북,차량단독,안전운전 의무 불이행,단일로,승용차,없음,127.6869295,36.59989355,1.0,0,0,0,0
2019,5,11,17,주,토,충남,차량단독,안전운전 의무 불이행,단일로,이륜차,없음,126.8506119,36.60748416,1.0,0,0,0,0
2019,5,11,18,야,토,충남,차량단독,안전운전 의무 불이행,단일로,화물차,없음,126.3642466,36.60739291,1.0,0,0,0,1
2019,5,11,20,야,토,경북,차대차,안전운전 의무 불이행,단일로,승용차,원동기장치자전거,129.1184594,35.84171018,1.3,0,0,0,0
2019,5,12,4,야,일,부산,차량단독,안전운전 의무 불이행,단일로,이륜차,없음,129.1114609,35.17014834,1.0,3,0,0,0
2019,5,12,8,주,일,부산,차량단독,안전운전 의무 불이행,단일로,이륜차,없음,128.9778025,35.09742414,1.0,6,1,0,0
2019,5,12,13,주,일,전북,차대차,중앙선 침범,단일로,자전거,이륜차,126.7858931,35.47522436,1.7,0,0,0,0
2019,5,12,14,주,일,경북,차대차,안전운전 의무 불이행,단일로,승용차,승용차,128.7255991,36.45912406,1.9,0,0,0,0
2019,5,12,15,주,일,전남,차량단독,안전운전 의무 불이행,단일로,승용차,없음,127.0351463,35.16597318,2.0,0,0,0,0
2019,5,12,19,야,일,충북,차대차,안전운전 의무 불이행,단일로,불명,이륜차,127.5866943,36.58338216,1.0,0,0,0,0
2019,5,13,7,주,월,충북,차량단독,안전운전 의무 불이행,교차로,승용차,없음,127.4302294,36.83875109,1.0,0,0,0,0
2019,5,13,8,주,월,강원,차대사람,안전운전 의무 불이행,교차로,화물차,보행자,128.9904072,37.17162069,1.0,6,1,0,1
2019,5,13,10,주,월,경기,차대사람,안전운전 의무 불이행,단일로,건설기계,보행자,127.0769073,36.97610288,1.0,0,0,2,0
2019,5,13,10,주,월,충북,차대차,신호위반,교차로,이륜차,승용차,127.7216306,36.48942071,1.3,0,1,0,1
2019,5,13,10,주,월,충북,차대차,안전운전 의무 불이행,단일로,화물차,농기계,127.3949153,36.82834021,1.0,0,0,0,0
2019,5,13,10,주,월,전북,차대사람,안전운전 의무 불이행,교차로,승용차,보행자,127.4358888,35.96148076,1.0,0,0,0,0
2019,5,13,11,주,월,경기,차대차,안전거리 미확보,단일로,원동기장치자전거,승용차,127.2261762,37.93263406,1.7,1,0,0,0
2019,5,13,13,주,월,대구,차대사람,중앙선 침범,단일로,승용차,보행자,128.6963732,35.86590273,1.0,3,1,0,1
2019,5,13,13,주,월,울산,차대차,과속,단일로,이륜차,승용차,129.3660753,35.6293903,1.0,3,0,0,1
2019,5,13,13,주,월,경기,차대사람,안전운전 의무 불이행,단일로,화물차,보행자,126.8943255,37.65361945,1.0,9,1,1,4
2019,5,13,14,주,월,충북,차대차,안전운전 의무 불이행,단일로,승용차,화물차,127.5195418,36.67604023,1.0,0,0,0,0
2019,5,13,18,야,월,경기,차대차,안전운전 의무 불이행,단일로,화물차,이륜차,127.5324319,37.30742153,1.0,0,0,0,0
2019,5,13,19,야,월,전남,차대차,안전운전 의무 불이행,단일로,화물차,농기계,127.4794433,35.2111556,1.3,0,0,0,1
2019,5,13,20,야,월,경기,차대차,과속,교차로,승용차,이륜차,126.9564648,37.27514302,1.6,3,0,1,1
2019,5,13,21,야,월,전남,차량단독,안전운전 의무 불이행,교차로,이륜차,없음,126.762218,34.70773104,1.0,0,0,0,0
2019,5,13,22,야,월,충남,차대사람,안전운전 의무 불이행,단일로,승용차,보행자,127.0281171,36.75819067,1.0,2,0,0,0
2019,5,14,1,야,화,서울,차대차,중앙선 침범,단일로,원동기장치자전거,승용차,127.114245,37.49116487,1.0,3,1,0,3
2019,5,14,10,주,화,경남,차대사람,안전운전 의무 불이행,단일로,특수차,보행자,127.8859977,34.96735613,1.0,2,0,0,0
2019,5,14,13,주,화,서울,차대차,신호위반,교차로,이륜차,승용차,127.1066174,37.51549448,1.6,5,0,0,0
2019,5,14,14,주,화,경기,차대사람,안전운전 의무 불이행,교차로,승합차,보행자,127.1595503,37.4337157,1.0,4,0,1,3
2019,5,14,16,주,화,서울,차대차,신호위반,단일로,승합차,자전거,126.8385894,37.53727482,1.0,5,3,0,3
2019,5,14,16,주,화,경기,차대사람,안전운전 의무 불이행,단일로,화물차,보행자,127.6379129,37.35910351,1.0,0,0,0,0
2019,5,14,19,야,화,충남,차대사람,안전운전 의무 불이행,단일로,승용차,보행자,126.6212308,36.51216946,1.0,1,1,0,2
2019,5,14,21,야,화,전남,차대사람,과속,단일로,승용차,보행자,126.3590029,34.75951907,1.0,0,0,0,0
2019,5,15,5,야,수,부산,차량단독,안전운전 의무 불이행,단일로,승용차,없음,129.0789123,35.21138346,1.7,4,6,1,1
2019,5,15,5,야,수,전북,차량단독,안전운전 의무 불이행,단일로,이륜차,없음,127.0126518,35.87483865,1.0,0,0,0,2
2019,5,15,6,주,수,경북,차대차,신호위반,교차로,건설기계,자전거,129.3630393,36.01627598,1.0,7,2,0,2
2019,5,15,7,주,수,제주,차대차,안전운전 의무 불이행,단일로,이륜차,이륜차,126.9287886,33.46791783,1.0,0,1,0,1
2019,5,15,10,주,수,경기,차대사람,기타,단일로,화물차,보행자,127.4342318,37.2315908,1.0,1,0,0,1
2019,5,15,13,주,수,전남,차대차,중앙선 침범,교차로,승용차,특수차,126.3307931,35.09049631,1.3,1,0,0,0
2019,5,15,14,주,수,전남,차대차,안전운전 의무 불이행,교차로,자전거,승합차,127.6054909,34.97626491,1.0,4,2,0,0
2019,5,15,15,주,수,경기,차대차,안전운전 의무 불이행,단일로,화물차,화물차,127.633577,37.48018162,1.3,0,0,0,0
2019,5,15,16,주,수,제주,차대사람,안전운전 의무 불이행,교차로,승용차,보행자,126.5730583,33.25459552,1.0,0,0,1,1
2019,5,15,18,야,수,광주,차대차,교차로 통행방법 위반,교차로,화물차,화물차,126.7627403,35.19961627,1.3,0,0,0,0
2019,5,15,19,야,수,인천,차대차,신호위반,교차로,승합차,승합차,126.6647229,37.38589493,4.699999999999999,4,2,0,0
2019,5,15,22,야,수,전남,차량단독,안전운전 의무 불이행,단일로,승용차,없음,127.2155698,35.23450209,1.3,0,0,0,1
2019,5,15,23,야,수,경기,차대차,교차로 통행방법 위반,교차로,이륜차,승합차,126.7076479,37.3430276,1.0,0,0,0,0
2019,5,16,1,야,목,경남,차량단독,안전운전 의무 불이행,단일로,승용차,없음,127.8540825,35.71276134,1.7,1,0,0,0
2019,5,16,2,야,목,경기,차량단독,안전운전 의무 불이행,단일로,화물차,없음,126.8833376,37.25044717,1.7,0,0,0,2
2019,5,16,3,야,목,경북,차대차,안전운전 의무 불이행,단일로,화물차,화물차,128.3155948,36.30849933,1.0,0,0,1,1
2019,5,16,11,주,목,서울,차대차,안전운전 의무 불이행,교차로,승용차,화물차,127.0975489,37.51634726,1.6,7,3,0,0
2019,5,16,14,주,목,전남,차량단독,안전운전 의무 불이행,단일로,농기계,없음,127.6892311,35.12194681,1.7,1,1,0,0
2019,5,16,16,주,목,대전,차대사람,안전운전 의무 불이행,기타,승용차,보행자,127.3477525,36.30887659,1.3,5,1,0,1
2019,5,16,18,야,목,전남,차대차,안전운전 의무 불이행,교차로,이륜차,화물차,126.9269279,34.67818218,1.3,0,0,0,1
2019,5,16,20,야,목,경북,차대사람,안전운전 의무 불이행,단일로,승용차,보행자,129.3044741,36.36174306,1.0,0,0,0,0
2019,5,17,0,야,금,경기,차대차,안전운전 의무 불이행,단일로,승용차,승용차,127.0313087,37.21267164,1.0,6,1,0,1
2019,5,17,9,주,금,전북,차대차,중앙선 침범,기타,이륜차,화물차,126.7604829,35.7191878,1.0,0,0,0,0
2019,5,17,13,주,금,경북,차대사람,보행자 보호의무 위반,단일로,승용차,보행자,129.4459854,36.67763039,1.0,2,2,0,0
2019,5,17,15,주,금,충남,차대차,중앙선 침범,단일로,화물차,화물차,126.6552459,36.81844469,1.7,0,0,1,1
2019,5,17,19,야,금,강원,차대사람,안전운전 의무 불이행,단일로,승용차,보행자,127.9603875,37.36305627,1.0,3,1,0,0
2019,5,17,19,야,금,경북,차대차,중앙선 침범,단일로,이륜차,승용차,128.9327116,35.95403629,1.0,0,0,0,0
2019,5,17,23,야,금,전남,차대차,중앙선 침범,교차로,승용차,승용차,127.7593636,34.71552318,1.7,0,0,0,2
2019,5,18,1,야,토,경기,차대차,안전운전 의무 불이행,단일로,승용차,화물차,127.4147524,37.24090073,1.3,4,0,0,1
2019,5,18,3,야,토,경기,차대차,중앙선 침범,단일로,승용차,승용차,127.6139545,37.34672591,1.7,0,0,0,1
2019,5,18,5,야,토,충북,차대차,과속,단일로,승용차,화물차,127.8190124,37.03902401,1.7,0,0,0,0
2019,5,18,13,주,토,부산,차대사람,안전운전 의무 불이행,단일로,승용차,보행자,128.9772218,35.07556672,1.0,4,3,1,1
2019,5,18,17,주,토,경기,차량단독,안전운전 의무 불이행,단일로,이륜차,없음,126.9701806,37.70120519,1.0,0,0,0,0
2019,5,18,18,야,토,강원,차량단독,안전운전 의무 불이행,단일로,승용차,없음,128.1661977,37.42048472,2.0,1,1,0,0
2019,5,18,18,야,토,전남,차량단독,안전운전 의무 불이행,단일로,승용차,없음,127.6028563,34.85094736,1.0,1,0,0,0
2019,5,18,19,야,토,광주,차대차,안전운전 의무 불이행,교차로,승용차,이륜차,126.7925439,35.13943095,1.0,12,1,0,3
2019,5,18,21,야,토,전남,차대사람,과속,교차로,승용차,보행자,126.5844026,34.5578428,1.0,1,0,0,2
2019,5,19,0,야,일,경기,차대사람,안전운전 의무 불이행,단일로,승용차,보행자,127.3552398,37.34951358,1.0,1,0,0,1
2019,5,19,1,야,일,전북,차대차,중앙선 침범,단일로,승용차,승용차,126.7399224,35.74789315,1.7,0,0,0,0
2019,5,19,14,주,일,경남,차대차,기타,교차로,승용차,화물차,128.3451896,35.58072518,1.0,0,0,0,0
2019,5,19,15,주,일,강원,차량단독,안전운전 의무 불이행,단일로,승합차,없음,127.2128816,38.14656653,1.0,0,0,0,0
2019,5,19,19,야,일,경북,차대사람,안전운전 의무 불이행,교차로,승용차,보행자,129.3805898,36.35698135,1.0,2,3,0,1
2019,5,19,21,야,일,경기,차대사람,안전운전 의무 불이행,단일로,화물차,보행자,127.1702687,37.7028268,1.0,0,0,0,1
2019,5,19,22,야,일,인천,차대사람,신호위반,단일로,승용차,보행자,126.6434154,37.61108125,1.0,1,0,1,1
2019,5,20,5,야,월,경기,차량단독,안전운전 의무 불이행,단일로,이륜차,없음,127.1282152,37.40210925,1.0,11,2,0,1
2019,5,20,6,주,월,경남,차대차,기타,교차로,화물차,이륜차,128.5786331,35.20325996,1.0,7,0,1,5
2019,5,20,7,주,월,서울,차대사람,안전운전 의무 불이행,교차로,승합차,보행자,127.0569204,37.61079852,1.0,9,1,0,7
2019,5,20,9,주,월,경남,차대사람,안전운전 의무 불이행,단일로,승용차,보행자,128.7519052,35.48659473,1.0,9,1,0,4
2019,5,20,11,주,월,경기,차대차,과속,교차로,승용차,자전거,127.6567674,37.17239977,1.0,0,0,0,0
2019,5,20,11,주,월,경기,차대사람,안전운전 의무 불이행,교차로,화물차,보행자,126.9786552,37.38411183,1.0,4,1,0,0
2019,5,20,11,주,월,전남,차대차,안전운전 의무 불이행,단일로,이륜차,화물차,127.7099161,34.75511553,1.0,1,2,0,1
2019,5,20,14,주,월,전북,차대차,안전운전 의무 불이행,단일로,화물차,자전거,126.9422065,35.96351043,1.0,1,0,0,2
2019,5,20,14,주,월,인천,차대사람,안전운전 의무 불이행,불명,건설기계,보행자,126.7233524,37.49846258,1.0,5,3,0,5
2019,5,20,16,주,월,부산,차량단독,안전운전 의무 불이행,단일로,승합차,없음,129.0543006,35.12638298,2.4,1,0,0,1
2019,5,20,18,야,월,경기,차량단독,안전운전 의무 불이행,교차로,사륜오토바이(ATV),없음,127.4375178,37.0880507,1.0,0,0,0,1
2019,5,21,2,야,화,경기,차대차,중앙선 침범,교차로,승용차,승용차,126.7769089,37.69141755,3.0999999999999996,11,1,0,3
2019,5,21,6,주,화,제주,차대차,안전운전 의무 불이행,단일로,이륜차,화물차,126.5844242,33.51229981,1.0,0,2,0,0
2019,5,21,11,주,화,전남,차량단독,과속,단일로,승용차,없음,127.1446554,35.28252857,4.3999999999999995,0,0,1,1
2019,5,21,12,주,화,충북,차량단독,안전운전 의무 불이행,단일로,농기계,없음,127.8132133,36.71553329,1.3,0,0,0,0
2019,5,21,20,야,화,강원,차대차,보행자 보호의무 위반,교차로,승용차,승용차,129.1162284,37.52680604,1.0,5,0,0,0
2019,5,22,2,야,수,충남,차대차,신호위반,교차로,승용차,화물차,127.1245635,36.47221,1.7,3,2,0,0
2019,5,22,2,야,수,경북,차대차,안전운전 의무 불이행,교차로,승용차,승용차,128.605482,36.8149724,1.3,5,1,0,0
2019,5,22,7,주,수,경기,차대차,안전운전 의무 불이행,단일로,이륜차,승용차,126.6211947,37.66326643,1.0,0,0,0,1
2019,5,22,9,주,수,전북,차대차,기타,단일로,화물차,자전거,126.9626283,35.93659199,1.0,8,2,0,3
2019,5,22,10,주,수,경북,차대차,안전운전 의무 불이행,교차로,화물차,이륜차,128.7410698,35.80797533,1.0,4,2,0,2
2019,5,22,10,주,수,경기,차대차,안전운전 의무 불이행,단일로,승용차,화물차,126.7058623,37.69767528,2.0,2,0,0,0
2019,5,22,17,주,수,경남,차대사람,과속,단일로,화물차,보행자,129.0169615,35.33446833,1.7,10,4,0,1
2019,5,23,8,주,목,부산,차대차,신호위반,교차로,이륜차,화물차,128.9913598,35.20028511,1.7,3,1,1,3
2019,5,23,8,주,목,세종,차량단독,과속,단일로,승용차,없음,127.1751108,36.72281301,2.0,1,0,0,0
2019,5,23,9,주,목,충남,차대차,중앙선 침범,단일로,승용차,승용차,126.4096097,36.72389591,2.6999999999999997,0,0,0,1
2019,5,23,10,주,목,충북,차대사람,기타,단일로,승합차,보행자,127.7853712,36.20539619,1.0,0,0,0,0
2019,5,23,10,주,목,경기,차대사람,보행자 보호의무 위반,교차로,건설기계,보행자,127.1600721,37.86112362,1.0,1,1,0,0
2019,5,23,12,주,목,부산,차대차,안전운전 의무 불이행,단일로,건설기계,자전거,129.2808189,35.33113913,1.0,2,1,0,0
2019,5,23,13,주,목,경남,차대사람,보행자 보호의무 위반,교차로,승용차,보행자,128.8673524,35.23197255,1.7,16,3,0,2