발생년,발생월,발생일,발생시,주야,요일,발생지시도,사고유형_대분류,가해자법규위반,도로형태_대분류,가해자_당사자종별,피해자_당사자종별,경도,위도,사상자수,반경500m카메라수,반경500m학교수,반경500m전광판수,반경500m사고건수
2019,5,23,14,주,목,강원,차대차,신호위반,교차로,이륜차,화물차,128.447705,38.43757563,1.7,2,2,0,0
2019,5,23,14,주,목,전북,차량단독,안전운전 의무 불이행,단일로,화물차,없음,127.5962306,35.79889865,1.0,0,0,0,0
2019,5,23,19,야,목,경기,차대사람,안전운전 의무 불이행,단일로,승용차,보행자,127.5506253,37.19354069,1.0,0,0,0,1
2019,5,23,19,야,목,경남,차량단독,안전운전 의무 불이행,교차로,이륜차,없음,127.6877952,35.52718842,1.0,3,1,0,0
2019,5,23,20,야,목,경기,차대차,신호위반,교차로,승합차,자전거,126.7866571,37.32944195,1.0,9,0,0,2
2019,5,24,0,야,금,충남,차량단독,안전운전 의무 불이행,교차로,화물차,없음,126.4487034,36.74187081,1.0,2,1,0,0
2019,5,24,1,야,금,경남,차대사람,안전운전 의무 불이행,단일로,승용차,보행자,128.5809723,35.23635697,1.0,11,0,0,6
2019,5,24,8,주,금,전남,차대차,과속,교차로,승용차,승합차,127.0353298,34.6418869,3.0,0,0,0,0
2019,5,24,11,주,금,전북,차대차,안전운전 의무 불이행,단일로,화물차,농기계,127.2316338,35.997487,1.3,0,0,0,0
2019,5,24,15,주,금,경기,차대차,중앙선 침범,단일로,승용차,화물차,127.3309945,37.64740989,2.4,0,0,0,0
2019,5,24,17,주,금,경기,차대사람,안전운전 의무 불이행,교차로,화물차,보행자,126.9018968,37.30473378,1.0,9,4,1,0
2019,5,24,17,주,금,경북,차대사람,안전운전 의무 불이행,단일로,승용차,보행자,129.3504576,36.01774187,1.0,4,2,0,3
2019,5,24,18,야,금,경기,차대차,신호위반,교차로,사륜오토바이(ATV),승합차,127.2015955,37.64198886,1.0,0,0,0,2
2019,5,24,20,야,금,부산,차대사람,안전운전 의무 불이행,단일로,승용차,보행자,129.2860542,35.32807776,1.0,2,1,0,0
2019,5,24,22,야,금,서울,차대사람,안전운전 의무 불이행,교차로,승합차,보행자,127.0524662,37.63561364,1.0,2,1,0,1
2019,5,24,23,야,금,충남,차대차,신호위반,교차로,이륜차,승용차,127.1304598,36.79816318,1.3,12,1,0,3
2019,5,24,23,야,금,경남,차대사람,안전운전 의무 불이행,단일로,이륜차,보행자,128.8138401,35.10316212,1.0,4,0,0,2
2019,5,25,0,야,토,경기,차대사람,안전운전 의무 불이행,단일로,화물차,보행자,127.0384024,37.39468089,1.0,0,0,0,2
2019,5,25,1,야,토,서울,차대차,안전운전 의무 불이행,단일로,이륜차,승용차,127.0113416,37.50814421,1.0,10,3,0,3
2019,5,25,3,야,토,인천,차대차,안전운전 의무 불이행,단일로,승용차,승용차,126.6368009,37.4439344,2.4,3,2,0,5
2019,5,25,8,주,토,충북,차량단독,안전운전 의무 불이행,단일로,이륜차,없음,127.7226263,37.10560729,1.0,0,0,0,0
2019,5,25,8,주,토,충북,차대차,과속,단일로,승용차,자전거,127.4357926,36.63653363,1.0,5,2,0,1
2019,5,25,11,주,토,경북,차대차,중앙선 침범,단일로,승용차,화물차,128.9920239,36.02490163,1.7,0,0,0,0
2019,5,25,14,주,토,전남,차대차,중앙선 침범,기타,이륜차,승용차,126.2689122,34.4813282,1.0,1,0,0,2
2019,5,25,21,야,토,부산,차대사람,안전운전 의무 불이행,단일로,승용차,보행자,129.059418,35.1438265,1.3,6,1,1,3
2019,5,25,23,야,토,경기,차대사람,과속,단일로,승용차,보행자,126.7564286,37.48838203,1.0,8,2,0,2
2019,5,26,0,야,일,경기,차량단독,안전운전 의무 불이행,교차로,건설기계,없음,127.0234714,38.0581494,1.0,0,0,0,0
2019,5,26,1,야,일,경기,차대사람,안전운전 의무 불이행,교차로,승용차,보행자,127.0637519,37.06436863,1.0,19,2,0,3
2019,5,26,2,야,일,경기,차대사람,과속,교차로,승용차,보행자,126.9191987,37.1219714,1.0,4,0,1,0
2019,5,26,11,주,일,경북,차대차,중앙선 침범,단일로,이륜차,승용차,129.0585049,35.66535326,2.5999999999999996,0,0,0,0
2019,5,26,18,야,일,경남,차대차,안전운전 의무 불이행,교차로,승합차,이륜차,127.9117261,35.64842662,1.0,3,1,0,0
2019,5,27,4,야,월,경기,차대차,안전운전 의무 불이행,교차로,승용차,화물차,126.8559501,37.48278321,1.0,9,2,0,0
2019,5,27,5,야,월,충남,차량단독,안전운전 의무 불이행,단일로,화물차,없음,126.8538623,36.57572436,1.0,0,0,1,0
2019,5,27,11,주,월,대전,차대사람,안전운전 의무 불이행,단일로,화물차,보행자,127.4283013,36.33003017,1.0,24,1,0,5
2019,5,27,12,주,월,강원,차량단독,과속,단일로,승용차,없음,128.7975316,37.2268804,1.7,1,0,0,0
2019,5,27,12,주,월,충북,차대차,안전운전 의무 불이행,교차로,승용차,건설기계,127.9633807,36.88114744,2.3,0,0,0,0
2019,5,27,13,주,월,전남,차대차,신호위반,교차로,이륜차,승합차,126.7129848,35.00139796,1.0,4,2,0,1
2019,5,27,13,주,월,경남,차대사람,안전운전 의무 불이행,교차로,화물차,보행자,128.7674024,35.47524408,1.0,6,3,0,1
2019,5,27,14,주,월,경남,차량단독,안전운전 의무 불이행,단일로,화물차,없음,129.1143153,35.34248447,1.0,0,0,0,0
2019,5,27,15,주,월,제주,차대차,중앙선 침범,단일로,화물차,건설기계,126.6876055,33.52368926,1.0,0,0,0,1
2019,5,27,17,주,월,경북,차량단독,안전운전 의무 불이행,기타,화물차,없음,128.9880236,36.85771727,1.0,0,0,1,0
2019,5,27,19,야,월,전남,차대차,안전운전 의무 불이행,단일로,승용차,농기계,126.6795908,34.66659656,1.3,1,0,0,0
2019,5,27,20,야,월,경북,차대사람,보행자 보호의무 위반,단일로,승용차,보행자,128.9150958,35.71606959,1.0,1,0,0,0
2019,5,27,23,야,월,부산,차대사람,신호위반,교차로,승합차,보행자,129.0598427,35.16664974,1.0,4,1,1,1
2019,5,28,2,야,화,인천,차대차,중앙선 침범,단일로,승용차,승용차,126.6615667,37.39553875,2.4,4,1,1,2
2019,5,28,4,야,화,서울,차대차,중앙선 침범,단일로,승용차,화물차,127.1160727,37.6112852,1.7,0,0,0,1
2019,5,28,7,주,화,경남,차대사람,안전운전 의무 불이행,단일로,승용차,보행자,128.1220061,35.16974967,1.0,0,0,0,1
2019,5,28,8,주,화,대구,차대사람,안전운전 의무 불이행,단일로,승용차,보행자,128.5695391,35.84423524,1.0,3,2,0,4
2019,5,28,10,주,화,충북,차대차,안전운전 의무 불이행,단일로,화물차,승용차,127.6516435,36.47350836,3.9999999999999996,0,0,2,0
2019,5,28,17,주,화,경기,차대사람,안전운전 의무 불이행,단일로,승용차,보행자,127.2271401,37.54080206,1.0,4,2,0,2
2019,5,28,19,야,화,전남,차량단독,안전운전 의무 불이행,단일로,농기계,없음,127.3814981,34.67558497,1.0,0,0,0,0
2019,5,29,5,야,수,대구,차대차,안전운전 의무 불이행,교차로,화물차,자전거,128.5780818,35.89532263,1.0,0,0,0,0
2019,5,29,9,주,수,충북,차대차,안전운전 의무 불이행,교차로,이륜차,화물차,127.689174,36.47949315,1.7,0,0,0,0
2019,5,29,9,주,수,경북,차대차,중앙선 침범,단일로,이륜차,승용차,128.486767,36.24003723,1.0,1,0,0,2
2019,5,29,11,주,수,전남,차대사람,안전운전 의무 불이행,교차로,화물차,보행자,126.7143875,34.99566312,1.0,3,3,0,0
2019,5,29,11,주,수,경북,차대차,중앙선 침범,단일로,승용차,화물차,128.9715477,36.28656579,1.7,0,0,0,0
2019,5,29,12,주,수,경남,차량단독,안전운전 의무 불이행,단일로,이륜차,없음,128.8512846,35.40308079,1.0,0,0,0,0
2019,5,29,14,주,수,전남,차대사람,과속,교차로,승용차,보행자,127.3839517,35.01477328,1.0,1,1,1,0
2019,5,29,14,주,수,경남,차대차,안전거리 미확보,단일로,화물차,화물차,128.5421348,35.28875016,2.3,0,0,1,0
2019,5,29,15,주,수,인천,차대차,안전운전 의무 불이행,교차로,화물차,자전거,126.6479012,37.49184034,1.0,1,0,0,1
2019,5,29,16,주,수,강원,차량단독,안전운전 의무 불이행,단일로,화물차,없음,128.0723677,37.81874518,1.0,0,0,0,0
2019,5,29,16,주,수,충남,차량단독,안전거리 미확보,단일로,화물차,없음,127.0087255,36.91750803,1.0,0,0,0,0
2019,5,29,21,야,수,전북,차대사람,안전운전 의무 불이행,단일로,승용차,보행자,127.1061935,35.85721719,1.0,2,0,0,1
2019,5,30,8,주,목,전북,차대차,안전운전 의무 불이행,단일로,승용차,자전거,126.9760437,36.07564815,1.0,2,0,0,0
2019,5,30,14,주,목,대구,차대차,안전운전 의무 불이행,단일로,화물차,화물차,128.5503199,35.95604516,1.0,1,1,0,0
2019,5,30,17,주,목,충남,차량단독,안전운전 의무 불이행,단일로,이륜차,없음,127.165003,36.78622185,1.0,4,2,0,2
2019,5,30,21,야,목,경기,차대사람,과속,교차로,승합차,보행자,127.436622,37.24469855,3.0,6,0,1,0
2019,5,31,1,야,금,인천,차대차,안전운전 의무 불이행,단일로,이륜차,화물차,126.6721733,37.41725505,1.0,5,2,0,0
2019,5,31,6,주,금,전남,차량단독,안전운전 의무 불이행,교차로,승용차,없음,127.029865,35.34673378,1.0,0,0,0,0
2019,5,31,12,주,금,전북,차대차,과속,단일로,승용차,화물차,127.523154,35.48891231,1.7,0,0,1,0
2019,5,31,14,주,금,광주,차대사람,보행자 보호의무 위반,단일로,승용차,보행자,126.8016341,35.13594361,1.0,2,1,0,1
2019,5,31,17,주,금,대전,차대사람,안전운전 의무 불이행,단일로,승용차,보행자,127.4277163,36.32408864,1.0,8,3,0,4
2019,5,31,23,야,금,전북,차대차,안전운전 의무 불이행,단일로,승용차,자전거,126.7700356,35.75671705,1.0,2,0,0,0
2019,5,31,23,야,금,울산,차대차,신호위반,교차로,이륜차,승용차,129.2539491,35.53610045,1.3,0,5,1,2
2019,6,1,2,야,토,전남,차대사람,과속,단일로,승용차,보행자,127.5220579,34.95169096,1.0,4,4,0,1
2019,6,1,2,야,토,경남,차량단독,안전운전 의무 불이행,단일로,이륜차,없음,128.5712143,35.20297418,1.0,10,1,0,6
2019,6,1,4,야,토,대구,차량단독,안전운전 의무 불이행,단일로,이륜차,없음,128.5476441,35.90033424,1.0,3,2,1,3
2019,6,1,8,주,토,전남,차대사람,과속,교차로,승용차,보행자,126.9915929,35.32028129,1.0,0,0,0,0
2019,6,1,9,주,토,충북,차대차,과속,단일로,승용차,승용차,127.7986068,37.04279102,3.0999999999999996,0,0,0,0
2019,6,1,13,주,토,경북,차대사람,보행자 보호의무 위반,단일로,화물차,보행자,128.4814545,36.88544374,1.0,0,0,0,0
2019,6,1,13,주,토,인천,차대차,안전운전 의무 불이행,단일로,화물차,승용차,126.5032417,37.75515349,3.0999999999999996,1,0,0,1
2019,6,1,21,야,토,전북,차대차,안전운전 의무 불이행,단일로,승용차,이륜차,127.0093579,35.87546538,1.0,0,0,0,2
2019,6,1,22,야,토,충남,차대사람,안전운전 의무 불이행,단일로,승용차,보행자,126.6278604,36.53142876,1.0,1,0,1,0
2019,6,1,22,야,토,대구,차대사람,안전운전 의무 불이행,단일로,승용차,보행자,128.6081352,35.82958666,1.0,3,1,1,2
2019,6,1,23,야,토,서울,차대사람,안전운전 의무 불이행,단일로,승용차,보행자,127.0436204,37.53073513,1.0,11,3,0,0
2019,6,2,4,야,일,충남,차량단독,안전운전 의무 불이행,교차로,승용차,없음,127.0382891,36.7732671,1.0,0,0,0,1
2019,6,2,12,주,일,충북,차대차,중앙선 침범,단일로,이륜차,승용차,128.1599807,36.96728809,1.7,0,0,0,0
2019,6,2,15,주,일,강원,차대차,중앙선 침범,단일로,승용차,화물차,128.1447722,38.13970418,2.0,0,0,0,0
2019,6,2,16,주,일,충북,차량단독,안전운전 의무 불이행,단일로,이륜차,없음,127.5370274,36.78042254,1.0,3,1,0,0
2019,6,2,17,주,일,경북,차대차,신호위반,교차로,농기계,화물차,129.3471211,36.11522089,1.0,5,1,0,0
2019,6,2,20,야,일,세종,차량단독,안전운전 의무 불이행,단일로,자전거,없음,127.2454515,36.52106674,1.0,4,2,1,0
2019,6,2,20,야,일,울산,차대차,안전운전 의무 불이행,단일로,승용차,화물차,129.3431771,35.41061202,1.3,1,0,0,0
2019,6,2,21,야,일,경기,차대차,신호위반,교차로,승합차,승용차,126.8094409,37.32763016,1.0,9,1,0,2
2019,6,2,23,야,일,전남,차량단독,안전운전 의무 불이행,단일로,이륜차,없음,126.3681098,34.79672769,1.0,0,0,0,0
2019,6,3,4,야,월,광주,차대사람,신호위반,교차로,승용차,보행자,126.9291816,35.16207211,1.0,3,1,0,1
2019,6,3,8,주,월,서울,차대차,신호위반,교차로,승용차,이륜차,126.894212,37.49427056,1.0,5,4,0,4
2019,6,3,17,주,월,충남,차대사람,안전운전 의무 불이행,교차로,농기계,보행자,126.6310122,36.53626568,1.0,0,0,0,0
2019,6,3,20,야,월,전북,차대차,신호위반,교차로,승용차,이륜차,127.1725639,35.9277101,1.0,0,0,0,3
2019,6,3,22,야,월,충남,차량단독,안전운전 의무 불이행,단일로,승용차,없음,126.3008203,36.91796959,1.0,0,0,0,0
2019,6,4,1,야,화,경남,차량단독,안전운전 의무 불이행,교차로,이륜차,없음,128.1163988,35.19647764,1.3,6,2,0,1
2019,6,4,4,야,화,경북,차대차,안전운전 의무 불이행,단일로,화물차,농기계,129.4498957,35.65442155,1.7,0,0,0,1
2019,6,4,7,주,화,충남,차대차,중앙선 침범,기타,화물차,승용차,127.1211934,36.49128444,3.7,0,0,0,1
2019,6,4,10,주,화,충북,차대차,기타,교차로,건설기계,화물차,127.8582079,36.94004225,1.7,0,0,0,0
2019,6,4,10,주,화,경남,차대차,교차로 통행방법 위반,교차로,이륜차,화물차,128.705293,35.32947571,1.0,1,0,0,1
2019,6,4,11,주,화,충남,차대차,기타,교차로,승용차,특수차,126.4284214,36.71671102,1.3,0,0,0,0
2019,6,4,12,주,화,충북,차량단독,안전운전 의무 불이행,교차로,승용차,없음,127.582723,36.7854478,2.0,4,1,0,4
2019,6,4,14,주,화,경북,차대차,중앙선 침범,단일로,화물차,이륜차,128.5849409,36.30338329,1.0,1,2,1,1
2019,6,4,18,야,화,충북,차량단독,안전운전 의무 불이행,단일로,사륜오토바이(ATV),없음,127.6363241,37.14824001,1.0,0,0,0,0
2019,6,4,20,야,화,경기,차대차,안전운전 의무 불이행,단일로,이륜차,농기계,127.0476743,37.01570335,1.7,1,0,0,1
2019,6,4,20,야,화,대구,차대차,안전운전 의무 불이행,단일로,화물차,승용차,128.4667781,35.72797198,1.0,1,0,0,1
2019,6,5,5,야,수,충남,차량단독,안전운전 의무 불이행,교차로,승용차,없음,126.6365544,36.51001863,1.0,0,0,0,0
2019,6,5,7,주,수,부산,차대사람,안전운전 의무 불이행,교차로,승합차,보행자,128.991948,35.14520814,1.0,1,0,2,1
2019,6,5,7,주,수,경기,차대사람,안전운전 의무 불이행,기타,승용차,보행자,127.0362867,37.0046529,1.0,0,0,0,0
2019,6,5,7,주,수,경남,차량단독,안전운전 의무 불이행,단일로,화물차,없음,128.26998,35.62408346,1.3,0,0,0,0
2019,6,5,9,주,수,경북,차대사람,안전운전 의무 불이행,단일로,화물차,보행자,128.1212029,36.11708825,1.0,10,2,0,2
2019,6,5,15,주,수,전북,차대차,안전운전 의무 불이행,단일로,화물차,화물차,126.7273228,35.94334106,1.0,0,0,0,1
2019,6,5,17,주,수,부산,차량단독,안전운전 의무 불이행,단일로,이륜차,없음,129.0074167,35.23100685,1.0,4,3,0,3
2019,6,5,18,야,수,서울,차대차,과속,단일로,이륜차,승용차,126.8947348,37.54160317,2.0,3,2,0,0
2019,6,5,19,야,수,강원,차대차,중앙선 침범,단일로,화물차,승용차,127.5330281,38.0680054,1.7,0,0,1,0
2019,6,5,19,야,수,충북,차대차,중앙선 침범,교차로,승용차,이륜차,127.946121,36.97768174,1.0,3,1,1,1
2019,6,5,19,야,수,충남,차대차,안전운전 의무 불이행,단일로,승용차,자전거,127.1224068,36.79455004,1.0,14,1,0,2
2019,6,5,19,야,수,전북,차대차,안전운전 의무 불이행,교차로,승용차,자전거,126.6391466,35.92294431,1.0,2,0,0,0
2019,6,5,20,야,수,경기,차대차,안전운전 의무 불이행,단일로,승용차,승합차,126.7890051,37.800009,3.4,3,0,1,2
2019,6,5,21,야,수,서울,차대사람,보행자 보호의무 위반,교차로,승합차,보행자,126.8590252,37.51471681,1.0,3,3,0,0
2019,6,5,21,야,수,충북,차대사람,안전운전 의무 불이행,단일로,승용차,보행자,127.5169297,36.91552081,1.0,0,0,0,1
2019,6,5,21,야,수,충남,차량단독,안전운전 의무 불이행,단일로,이륜차,없음,126.521081,36.79486193,1.0,0,0,0,0
2019,6,6,0,야,목,서울,차대사람,안전운전 의무 불이행,단일로,승용차,보행자,127.1366885,37.54010773,1.0,10,2,0,3
2019,6,6,2,야,목,강원,차대사람,안전운전 의무 불이행,단일로,승용차,보행자,127.6997934,38.11459927,1.0,0,0,0,1
2019,6,6,10,주,목,전북,차대차,안전운전 의무 불이행,교차로,건설기계,이륜차,127.6506699,35.86285769,1.0,0,0,0,1
2019,6,6,14,주,목,경북,차량단독,안전운전 의무 불이행,교차로,농기계,없음,128.0790393,36.36071645,1.0,0,0,0,0
2019,6,6,17,주,목,경북,차대차,안전운전 의무 불이행,단일로,화물차,승용차,128.6810842,36.5128765,1.0,0,0,0,1
2019,6,6,19,야,목,경기,차량단독,안전운전 의무 불이행,교차로,승용차,없음,127.2107902,37.22724468,1.0,1,2,2,3
2019,6,6,19,야,목,전남,차량단독,안전운전 의무 불이행,단일로,화물차,없음,127.4876002,34.45150634,1.0,1,0,0,0
2019,6,7,0,야,금,강원,차대차,안전운전 의무 불이행,교차로,화물차,승용차,127.9921713,37.80607462,1.3,2,0,0,0
2019,6,7,0,야,금,충북,차량단독,과속,기타,승용차,없음,128.2941499,37.1821914,2.4,0,0,1,1
2019,6,7,4,야,금,경북,차량단독,안전운전 의무 불이행,단일로,특수차,없음,129.3870528,35.94604749,1.0,0,0,0,0
2019,6,7,4,야,금,경기,차대사람,안전운전 의무 불이행,단일로,건설기계,보행자,126.9954854,37.83206122,1.0,1,0,0,0
2019,6,7,5,야,금,서울,차대사람,보행자 보호의무 위반,교차로,승용차,보행자,127.0086272,37.61140951,1.0,4,0,0,3
2019,6,7,6,주,금,전남,차량단독,안전운전 의무 불이행,단일로,화물차,없음,126.933346,34.59805277,1.0,0,0,0,0
2019,6,7,7,주,금,전남,차량단독,과속,단일로,승용차,없음,126.4649946,34.76692439,3.8,0,0,0,1
2019,6,7,8,주,금,경기,차대사람,보행자 보호의무 위반,교차로,화물차,보행자,127.1491614,37.51620538,1.0,2,0,1,1
2019,6,7,11,주,금,경남,차대사람,안전운전 의무 불이행,교차로,승용차,보행자,127.9456474,35.05495365,1.0,0,0,0,0
2019,6,7,12,주,금,경기,차대차,안전운전 의무 불이행,단일로,승용차,승용차,127.0993068,37.12549962,4.6,0,0,1,1
2019,6,7,14,주,금,경남,차대차,안전운전 의무 불이행,교차로,승용차,이륜차,128.8747397,35.2256316,1.0,4,0,1,2
2019,6,7,14,주,금,광주,차대사람,기타,단일로,승용차,보행자,126.798687,35.15193176,1.0,0,2,0,1
2019,6,7,16,주,금,경남,차량단독,안전운전 의무 불이행,단일로,이륜차,없음,128.0098921,35.23199498,1.0,0,0,0,1
2019,6,7,20,야,금,충남,차대차,안전운전 의무 불이행,단일로,승합차,자전거,127.0408752,36.93123044,1.0,2,2,0,0
2019,6,7,21,야,금,경북,차대사람,안전운전 의무 불이행,단일로,화물차,보행자,128.7050077,36.62311895,1.0,2,0,0,0
2019,6,8,4,야,토,인천,차대사람,과속,교차로,승용차,보행자,126.6627944,37.52973099,1.0,8,1,1,2
2019,6,8,14,주,토,경기,차대차,과속,교차로,승용차,승용차,127.2155674,37.58653649,1.9,9,3,0,2
2019,6,8,16,주,토,충북,차대사람,안전운전 의무 불이행,교차로,승용차,보행자,127.7929306,36.451084,1.0,0,0,0,0
2019,6,8,18,야,토,경북,차량단독,안전운전 의무 불이행,단일로,원동기장치자전거,없음,128.4183744,36.07648441,1.0,3,2,0,0
2019,6,8,21,야,토,경기,차량단독,안전운전 의무 불이행,단일로,화물차,없음,126.7063365,37.17662405,2.0,0,0,0,0
2019,6,8,21,야,토,대구,차대차,기타,단일로,자전거,승용차,128.5285569,35.80470737,1.0,9,3,0,0
2019,6,9,0,야,일,제주,차대차,신호위반,교차로,승용차,승용차,126.4091211,33.47347818,1.7,0,0,0,0
2019,6,9,0,야,일,울산,차대차,신호위반,교차로,이륜차,이륜차,129.1029167,35.53034148,2.4,1,0,0,1
2019,6,9,2,야,일,강원,차대사람,과속,기타,승용차,보행자,127.9138077,37.69877072,1.0,0,0,0,0
2019,6,9,4,야,일,충북,차대차,중앙선 침범,교차로,승용차,승용차,127.4685852,36.62038291,2.4,3,1,0,0
2019,6,9,4,야,일,충남,차대차,안전운전 의무 불이행,단일로,승용차,사륜오토바이(ATV),126.8942679,36.76123548,1.7,0,0,0,0
2019,6,9,6,주,일,경북,차량단독,안전운전 의무 불이행,단일로,농기계,없음,129.16836,35.72524729,1.3,0,0,0,0
2019,6,9,9,주,일,경기,차량단독,안전운전 의무 불이행,단일로,자전거,없음,127.5182573,37.44251525,1.0,0,0,0,0
2019,6,9,9,주,일,경기,차대사람,안전운전 의무 불이행,교차로,승합차,보행자,127.0479277,37.90870468,1.0,2,0,0,1
2019,6,9,11,주,일,경기,차대차,중앙선 침범,교차로,승용차,화물차,126.8626126,36.96842113,2.4,0,0,0,1
2019,6,9,15,주,일,전남,차량단독,안전운전 의무 불이행,단일로,농기계,없음,127.043572,35.2615316,1.0,0,0,0,0
2019,6,9,18,야,일,서울,차대차,신호위반,교차로,이륜차,승합차,126.8265966,37.55984247,1.0,3,1,0,4
2019,6,10,2,야,월,인천,차대사람,안전운전 의무 불이행,단일로,승합차,보행자,126.7498934,37.46093966,1.0,1,0,1,1
2019,6,10,7,주,월,전북,차대차,안전거리 미확보,단일로,화물차,승용차,126.6663109,35.44525238,1.7,0,0,0,0
2019,6,10,7,주,월,대구,차대차,안전운전 의무 불이행,단일로,승용차,농기계,128.4762262,35.79206266,1.0,0,0,1,0
2019,6,10,10,주,월,경남,차대차,신호위반,교차로,이륜차,특수차,128.631859,35.19155749,1.0,1,0,0,3
2019,6,10,14,주,월,전북,차대차,신호위반,교차로,건설기계,이륜차,127.0779054,36.06135447,1.0,1,0,0,0
2019,6,10,14,주,월,경남,차대차,중앙선 침범,단일로,화물차,이륜차,128.7540067,35.49059404,1.0,7,1,0,2
2019,6,10,20,야,월,서울,차대사람,안전운전 의무 불이행,단일로,이륜차,보행자,127.0385195,37.58156049,1.0,10,1,0,5
2019,6,10,22,야,월,경기,차대차,신호위반,교차로,승합차,자전거,126.747855,37.69653555,1.0,5,4,0,1
2019,6,11,0,야,화,부산,차량단독,안전운전 의무 불이행,단일로,이륜차,없음,129.1314684,35.16145055,1.0,5,2,0,2
2019,6,11,1,야,화,전남,차대차,신호위반,교차로,원동기장치자전거,화물차,127.6787778,34.74970676,1.3,5,2,2,0
2019,6,11,5,야,화,대구,차대차,안전운전 의무 불이행,교차로,화물차,자전거,128.582329,35.87042477,1.0,16,5,0,4
2019,6,11,7,주,화,충남,차대차,안전운전 의무 불이행,단일로,승용차,승용차,126.5743817,36.81127122,2.3,0,0,1,1
2019,6,11,7,주,화,경남,차량단독,안전운전 의무 불이행,교차로,승용차,없음,128.9279737,35.30881991,1.0,3,1,0,1
2019,6,11,12,주,화,충남,차대차,안전운전 의무 불이행,단일로,화물차,화물차,127.128072,36.32494728,2.4,0,0,0,0
2019,6,12,8,주,수,서울,차대사람,안전운전 의무 불이행,교차로,건설기계,보행자,126.9415738,37.59186764,1.0,11,2,0,9
2019,6,12,12,주,수,경기,차량단독,안전운전 의무 불이행,교차로,자전거,없음,127.1017959,36.99507411,1.0,9,3,0,1
2019,6,12,13,주,수,경북,차대차,신호위반,교차로,이륜차,화물차,128.2835976,35.76322278,1.0,2,0,0,2
2019,6,12,16,주,수,경북,차량단독,안전운전 의무 불이행,단일로,승용차,없음,128.2532036,35.85631764,1.7,0,0,0,0
2019,6,12,17,주,수,전남,차대차,신호위반,교차로,승용차,승용차,127.4966385,34.93143053,1.9,1,0,0,0
2019,6,12,18,야,수,충남,차대사람,안전운전 의무 불이행,교차로,승용차,보행자,126.5462545,36.7098619,1.0,0,0,0,0
2019,6,12,22,야,수,충남,차량단독,안전운전 의무 불이행,단일로,이륜차,없음,127.0854492,36.51948207,1.0,0,0,0,0
2019,6,12,22,야,수,대전,차대차,신호위반,교차로,이륜차,승용차,127.422883,36.40121232,1.7,3,2,0,0
2019,6,13,0,야,목,경기,차대사람,과속,단일로,승용차,보행자,126.7465952,37.67642811,1.0,16,3,0,0
2019,6,13,8,주,목,경남,차대차,중앙선 침범,교차로,자전거,화물차,128.2453149,35.18913441,1.0,1,0,0,1
2019,6,13,8,주,목,광주,차대차,안전운전 의무 불이행,단일로,승용차,자전거,126.9003716,35.14458774,1.0,4,3,0,1
2019,6,13,9,주,목,경기,차대차,신호위반,교차로,이륜차,승용차,126.7111267,37.63007558,1.0,2,0,0,3
2019,6,13,18,야,목,충남,차대사람,기타,단일로,승용차,보행자,126.4567279,36.7803877,1.0,2,1,0,2
2019,6,13,21,야,목,경북,차대사람,안전운전 의무 불이행,단일로,승용차,보행자,128.922718,36.03537209,1.0,0,0,0,0
2019,6,14,1,야,금,경기,차대차,중앙선 침범,단일로,승용차,화물차,127.3162415,37.63106449,1.0,2,0,0,0
2019,6,14,1,야,금,전북,차대차,안전운전 의무 불이행,단일로,승용차,이륜차,127.0342927,35.82267633,1.0,1,0,0,1
2019,6,14,10,주,금,서울,차대사람,신호위반,교차로,이륜차,보행자,127.0238053,37.55877005,1.0,4,1,0,1
2019,6,14,11,주,금,충북,차대차,안전거리 미확보,교차로,화물차,건설기계,127.4801038,36.75278731,1.0,0,0,1,2
2019,6,14,11,주,금,전북,차대차,중앙선 침범,단일로,승용차,건설기계,126.5800474,35.70113784,1.3,2,0,0,1
2019,6,14,15,주,금,충북,차대차,안전운전 의무 불이행,단일로,승용차,특수차,127.4669383,36.96622408,3.6999999999999997,0,0,0,0
2019,6,14,16,주,금,충북,차대차,중앙선 침범,단일로,화물차,승합차,128.3637451,37.06299059,1.0,0,0,0,0
2019,6,14,17,주,금,인천,차대차,안전운전 의무 불이행,교차로,승용차,승용차,126.6672802,37.4505103,1.7,8,1,1,5
2019,6,14,20,야,금,전북,차대차,안전운전 의무 불이행,단일로,화물차,농기계,127.2267497,35.58698533,1.0,0,0,0,1
2019,6,14,21,야,금,경북,차대차,안전운전 의무 불이행,단일로,화물차,화물차,128.1948271,36.15601864,2.0,0,0,0,1
2019,6,14,22,야,금,서울,차대사람,신호위반,교차로,승용차,보행자,126.8580713,37.50982631,1.0,5,5,0,0
2019,6,15,0,야,토,경북,차량단독,안전운전 의무 불이행,단일로,승용차,없음,128.9224047,36.46012271,1.0,0,0,0,0
2019,6,15,6,주,토,서울,차대차,신호위반,교차로,이륜차,승용차,127.0383366,37.5781617,1.0,15,0,0,7
2019,6,15,11,주,토,전남,차대차,중앙선 침범,단일로,이륜차,승용차,126.5907828,34.56951427,1.3,0,2,0,1
2019,6,15,13,주,토,경기,차대사람,안전운전 의무 불이행,교차로,승합차,보행자,126.8516613,37.47333068,1.0,10,4,0,2