발생년,발생월,발생일,발생시,주야,요일,발생지시도,사고유형_대분류,가해자법규위반,도로형태_대분류,가해자_당사자종별,피해자_당사자종별,경도,위도,사상자수,반경500m카메라수,반경500m학교수,반경500m전광판수,반경500m사고건수
2019,9,25,14,주,수,경기,차량단독,안전운전 의무 불이행,단일로,승합차,없음,126.9997134,37.38202146,8.0,1,0,0,1
2019,9,25,14,주,수,강원,차량단독,안전운전 의무 불이행,교차로,건설기계,없음,129.3418056,37.23185796,1.0,0,1,0,0
2019,9,25,15,주,수,제주,차대차,신호위반,교차로,화물차,승용차,126.6675144,33.27803646,1.3,1,1,0,0
2019,9,25,15,주,수,대구,차대차,기타,교차로,자전거,화물차,128.668805,35.87644284,1.0,3,1,1,3
2019,9,26,5,야,목,강원,차대차,안전운전 의무 불이행,단일로,이륜차,승용차,128.5664944,38.16379522,1.6,1,0,0,0
2019,9,26,5,야,목,경남,차대사람,보행자 보호의무 위반,교차로,승용차,보행자,128.1162746,35.18438651,1.0,6,0,0,3
2019,9,26,6,주,목,인천,차대사람,안전운전 의무 불이행,교차로,화물차,보행자,126.6711927,37.4778937,1.0,2,0,0,0
2019,9,26,9,주,목,전북,차대차,신호위반,교차로,이륜차,승용차,127.1411653,35.38057692,1.0,5,3,1,2
2019,9,26,11,주,목,충남,차대차,안전운전 의무 불이행,단일로,화물차,화물차,127.1431554,36.76773223,1.0,1,0,0,1
2019,9,26,11,주,목,경남,차대차,기타,교차로,이륜차,화물차,128.0967193,35.1175148,1.0,0,0,0,0
2019,9,26,11,주,목,경남,차대사람,안전운전 의무 불이행,교차로,승용차,보행자,128.6740549,35.24474066,1.0,2,4,0,2
2019,9,26,16,주,목,경남,차대차,안전운전 의무 불이행,단일로,승용차,자전거,128.1046101,35.21101833,1.0,2,0,0,1
2019,9,26,19,야,목,경기,차대차,안전운전 의무 불이행,단일로,승용차,원동기장치자전거,127.5975291,37.13844378,2.0,0,0,0,0
2019,9,26,19,야,목,경기,차대차,안전운전 의무 불이행,단일로,승용차,이륜차,127.1775021,37.70903895,1.0,1,0,2,0
2019,9,27,0,야,금,인천,차대차,안전운전 의무 불이행,단일로,화물차,화물차,126.7420616,37.44136097,4.9,5,1,1,2
2019,9,27,5,야,금,서울,차대사람,안전운전 의무 불이행,단일로,승용차,보행자,126.9872489,37.47562022,1.0,8,4,0,3
2019,9,27,8,주,금,전북,차대차,안전운전 의무 불이행,단일로,이륜차,화물차,127.1002278,35.9199266,1.0,2,0,0,2
2019,9,27,9,주,금,경북,차량단독,안전운전 의무 불이행,단일로,화물차,없음,128.7760435,35.6408919,1.0,0,0,0,0
2019,9,27,11,주,금,경기,차대차,안전운전 의무 불이행,교차로,승용차,자전거,127.1872148,37.5600191,1.0,7,2,0,1
2019,9,27,12,주,금,경북,차량단독,안전운전 의무 불이행,기타,농기계,없음,128.262231,36.08833478,1.0,0,0,2,0
2019,9,27,13,주,금,경북,차대사람,보행자 보호의무 위반,교차로,승용차,보행자,128.1695415,36.41609258,1.0,2,1,0,0
2019,9,27,14,주,금,서울,차대차,안전운전 의무 불이행,단일로,자전거,승합차,127.0811627,37.59538392,1.0,11,1,6,1
2019,9,27,15,주,금,경남,차대차,신호위반,교차로,이륜차,승용차,128.5618175,35.21445395,1.0,6,2,0,0
2019,9,27,17,주,금,경북,차량단독,안전운전 의무 불이행,단일로,이륜차,없음,128.8062656,36.53252085,1.0,0,0,0,0
2019,9,27,18,야,금,전남,차대차,안전운전 의무 불이행,단일로,화물차,승용차,126.4834824,35.03860103,1.0,0,0,0,1
2019,9,27,19,야,금,인천,차대차,신호위반,교차로,승용차,이륜차,126.7023665,37.46114219,1.0,12,3,0,1
2019,9,28,1,야,토,전남,차대사람,안전운전 의무 불이행,단일로,화물차,보행자,126.8118114,34.71479349,1.0,4,3,0,0
2019,9,28,1,야,토,경북,차량단독,안전운전 의무 불이행,교차로,화물차,없음,128.1382189,36.4158494,1.0,3,0,0,0
2019,9,28,1,야,토,인천,차대차,안전운전 의무 불이행,단일로,승용차,특수차,126.6328995,37.44600598,1.3,4,0,2,4
2019,9,28,5,야,토,전북,차대사람,안전운전 의무 불이행,단일로,승용차,보행자,126.6716979,35.51196676,1.0,2,0,1,0
2019,9,28,6,주,토,충남,차대차,안전운전 의무 불이행,단일로,특수차,건설기계,126.967899,36.56953572,1.3,0,0,0,1
2019,9,28,7,주,토,전남,차대차,중앙선 침범,단일로,승용차,승합차,127.6615364,34.75653387,1.3,0,0,0,0
2019,9,28,8,주,토,경기,차대차,안전운전 의무 불이행,단일로,화물차,승용차,127.4930769,37.24555362,1.0,4,1,1,5
2019,9,28,10,주,토,전북,차대차,안전운전 의무 불이행,교차로,화물차,승용차,126.9678629,35.96442935,2.6999999999999997,1,1,0,1
2019,9,28,11,주,토,경기,차대차,안전운전 의무 불이행,단일로,승용차,사륜오토바이(ATV),127.0917592,37.81785107,1.0,14,2,0,2
2019,9,28,13,주,토,강원,차량단독,안전운전 의무 불이행,교차로,화물차,없음,128.9089485,37.74810722,1.0,2,0,3,1
2019,9,28,16,주,토,전북,차대사람,안전운전 의무 불이행,단일로,화물차,보행자,127.2675911,35.98669785,1.0,0,0,0,0
2019,9,28,16,주,토,전남,차대차,기타,교차로,승용차,승용차,126.6767734,35.01933626,1.9,0,0,0,0
2019,9,28,20,야,토,충남,차대사람,안전운전 의무 불이행,단일로,승용차,보행자,126.6530559,36.60251174,1.0,1,0,0,0
2019,9,28,21,야,토,충남,차대차,안전운전 의무 불이행,단일로,화물차,승용차,126.5784092,36.21294338,1.7,0,0,0,0
2019,9,29,11,주,일,서울,차대차,안전거리 미확보,단일로,건설기계,이륜차,126.9429027,37.56219988,1.0,8,2,0,1
2019,9,29,12,주,일,강원,차대사람,안전운전 의무 불이행,단일로,화물차,보행자,128.2092015,38.25164581,1.0,0,0,0,0
2019,9,29,13,주,일,충북,차량단독,안전운전 의무 불이행,기타,이륜차,없음,128.2811526,36.92686286,1.0,0,0,0,0
2019,9,29,14,주,일,전남,차대사람,안전운전 의무 불이행,단일로,화물차,보행자,126.3024451,34.95832293,1.0,0,0,0,0
2019,9,29,19,야,일,경기,차대차,중앙선 침범,단일로,승용차,화물차,127.3986058,37.0732043,1.3,0,0,0,1
2019,9,29,19,야,일,경기,차대사람,안전운전 의무 불이행,단일로,승용차,보행자,127.1249767,37.42165886,1.0,5,0,2,8
2019,9,29,20,야,일,경기,차대사람,안전운전 의무 불이행,단일로,승용차,보행자,126.947976,37.35937407,1.0,2,1,0,2
2019,9,29,21,야,일,경기,차대사람,신호위반,단일로,승용차,보행자,127.1087023,37.70958781,1.0,2,2,2,1
2019,9,29,22,야,일,서울,차량단독,안전운전 의무 불이행,단일로,개인형이동수단(PM),없음,126.9392176,37.54506765,1.0,13,4,0,2
2019,9,29,22,야,일,충남,차대차,과속,단일로,승용차,승용차,126.8162404,36.27551867,1.7,0,0,0,0
2019,9,30,1,야,월,인천,차대사람,과속,단일로,승용차,보행자,126.7158243,37.46311338,1.0,17,3,1,2
2019,9,30,5,야,월,강원,차대차,과속,단일로,화물차,농기계,127.7715445,37.6380635,1.0,0,0,0,0
2019,9,30,5,야,월,경기,차대차,안전운전 의무 불이행,교차로,화물차,이륜차,126.7928828,37.66112183,1.0,1,1,1,2
2019,9,30,6,주,월,충남,차대사람,기타,단일로,화물차,보행자,127.1649579,36.79144124,1.0,6,2,1,0
2019,9,30,7,주,월,전북,차대차,안전운전 의무 불이행,교차로,화물차,화물차,126.5097133,35.38003055,1.0,2,2,0,0
2019,9,30,7,주,월,대전,차대사람,보행자 보호의무 위반,교차로,승용차,보행자,127.3876148,36.34273765,1.0,9,2,0,1
2019,9,30,7,주,월,경기,차대사람,안전운전 의무 불이행,단일로,승합차,보행자,127.0659283,37.96409383,1.0,0,0,0,0
2019,9,30,9,주,월,전북,차대사람,안전운전 의무 불이행,단일로,승용차,보행자,127.1529811,35.87583089,1.0,1,0,1,1
2019,9,30,9,주,월,경기,차량단독,안전운전 의무 불이행,교차로,사륜오토바이(ATV),없음,126.9173659,37.98118911,1.0,0,0,0,1
2019,9,30,19,야,월,전남,차대차,안전운전 의무 불이행,단일로,화물차,농기계,126.4654938,35.03147892,2.3,0,0,0,0
2019,9,30,22,야,월,서울,차대사람,신호위반,단일로,승용차,보행자,126.897314,37.46439743,1.0,6,1,0,6
2019,10,1,4,야,화,충남,차대차,안전운전 의무 불이행,단일로,승합차,농기계,127.1549849,36.84585225,1.0,2,1,0,0
2019,10,1,5,야,화,서울,차대차,안전운전 의무 불이행,기타,화물차,자전거,126.936177,37.5219065,1.0,4,4,0,1
2019,10,1,6,주,화,대전,차대차,안전운전 의무 불이행,기타,화물차,화물차,127.4183605,36.44943215,3.6999999999999997,12,2,1,2
2019,10,1,8,주,화,서울,차대차,안전거리 미확보,단일로,이륜차,승용차,126.8274612,37.56315983,1.6,2,0,0,3
2019,10,1,10,주,화,서울,차대사람,보행자 보호의무 위반,교차로,화물차,보행자,126.8981752,37.47122511,1.0,11,3,0,12
2019,10,1,15,주,화,경남,차량단독,안전운전 의무 불이행,단일로,화물차,없음,128.5985894,35.36251866,1.0,0,0,0,0
2019,10,1,16,주,화,서울,차대차,기타,교차로,원동기장치자전거,승용차,126.9269472,37.61295197,1.0,10,4,0,5
2019,10,1,17,주,화,충남,차대차,중앙선 침범,단일로,화물차,화물차,126.768771,36.2868225,2.6999999999999997,1,0,0,0
2019,10,2,2,야,수,경기,차대사람,안전운전 의무 불이행,단일로,승용차,보행자,127.0337042,37.74317782,1.0,18,3,0,3
2019,10,2,3,야,수,서울,차대차,신호위반,교차로,승용차,이륜차,127.0413621,37.48548723,1.0,12,1,0,4
2019,10,2,5,야,수,전북,차량단독,안전운전 의무 불이행,단일로,이륜차,없음,127.1059892,35.82194095,1.0,10,0,0,0
2019,10,2,13,주,수,강원,차량단독,안전운전 의무 불이행,단일로,화물차,없음,128.0180924,37.43247116,1.0,0,0,0,1
2019,10,2,18,야,수,충남,차대사람,안전운전 의무 불이행,기타,승용차,보행자,126.6706903,36.70661109,1.0,3,1,0,2
2019,10,2,21,야,수,전북,차대사람,보행자 보호의무 위반,교차로,화물차,보행자,127.1049991,35.92112349,1.0,2,0,0,3
2019,10,2,22,야,수,충북,차대사람,안전운전 의무 불이행,단일로,승용차,보행자,127.4932635,36.66559694,1.0,3,2,0,0
2019,10,2,23,야,수,강원,차대차,과속,단일로,승용차,승용차,127.9731074,37.50738728,1.3,0,0,0,0
2019,10,3,0,야,목,서울,차대사람,안전운전 의무 불이행,단일로,승용차,보행자,127.04613,37.49572707,1.0,8,2,0,0
2019,10,3,0,야,목,인천,차대사람,과속,단일로,승용차,보행자,126.7071375,37.44728448,1.0,9,3,0,2
2019,10,3,2,야,목,인천,차대사람,과속,교차로,승용차,보행자,126.7299914,37.44847395,1.0,6,2,1,4
2019,10,3,6,주,목,광주,차대차,교차로 통행방법 위반,교차로,이륜차,화물차,126.7962696,35.13942019,1.0,10,1,0,4
2019,10,3,9,주,목,충남,차량단독,안전운전 의무 불이행,단일로,화물차,없음,126.8383788,36.30141802,2.0,0,0,0,0
2019,10,3,15,주,목,경남,차대차,신호위반,교차로,승용차,이륜차,128.8645163,35.24240928,1.0,13,1,0,0
2019,10,3,16,주,목,경남,차량단독,안전운전 의무 불이행,단일로,화물차,없음,128.1882917,35.29762013,1.0,0,0,0,0
2019,10,3,18,야,목,경북,차대사람,안전운전 의무 불이행,단일로,화물차,보행자,127.9620255,36.31153363,1.0,1,0,0,1
2019,10,3,21,야,목,전북,차대차,안전운전 의무 불이행,단일로,화물차,이륜차,126.7154278,35.96785886,2.0,21,2,0,1
2019,10,3,23,야,목,경기,차대차,신호위반,교차로,승용차,승합차,127.1333898,37.26811531,9.8,7,1,0,0
2019,10,4,0,야,금,울산,차량단독,안전운전 의무 불이행,교차로,승합차,없음,129.2663443,35.57170989,1.0,4,1,0,0
2019,10,4,5,야,금,경북,차대차,안전운전 의무 불이행,단일로,화물차,건설기계,128.3098946,36.22575989,1.0,0,0,0,0
2019,10,4,8,주,금,전남,차량단독,안전운전 의무 불이행,교차로,건설기계,없음,126.7518166,34.9248618,1.0,0,0,0,0
2019,10,4,10,주,금,충북,차대차,중앙선 침범,단일로,승용차,건설기계,127.690579,36.1998327,1.7,0,0,0,0
2019,10,4,10,주,금,전북,차량단독,안전운전 의무 불이행,교차로,화물차,없음,127.3079708,35.74356816,1.0,0,0,0,0
2019,10,4,12,주,금,경남,차대차,안전운전 의무 불이행,단일로,화물차,이륜차,127.8116395,35.77199853,1.7,0,0,0,0
2019,10,4,14,주,금,충북,차대사람,안전운전 의무 불이행,기타,승용차,보행자,128.4889058,37.07643548,1.0,0,0,0,1
2019,10,4,17,주,금,울산,차량단독,안전운전 의무 불이행,단일로,이륜차,없음,129.4431583,35.61429737,1.0,0,0,0,0
2019,10,4,18,야,금,전남,차대사람,안전운전 의무 불이행,교차로,승용차,보행자,126.5416103,35.02654416,1.0,2,1,0,0
2019,10,4,18,야,금,경남,차대사람,안전운전 의무 불이행,단일로,승용차,보행자,128.9128772,35.22237936,1.0,0,0,1,1
2019,10,4,18,야,금,경기,차대사람,안전운전 의무 불이행,교차로,승용차,보행자,126.8352519,37.69796196,1.0,1,0,0,0
2019,10,4,18,야,금,경기,차대사람,신호위반,교차로,이륜차,보행자,127.1147507,37.70931029,1.0,5,3,0,2
2019,10,4,20,야,금,강원,차대사람,안전운전 의무 불이행,단일로,승용차,보행자,127.8032723,37.48963872,1.0,0,0,0,0
2019,10,4,23,야,금,서울,차대차,신호위반,교차로,이륜차,승용차,127.0607729,37.57798592,1.7,5,2,0,4
2019,10,5,3,야,토,서울,차대사람,안전운전 의무 불이행,단일로,화물차,보행자,127.0397864,37.55052297,1.0,1,3,0,5
2019,10,5,8,주,토,충남,차량단독,과속,단일로,승합차,없음,127.1750097,36.81050815,4.3999999999999995,2,1,0,0
2019,10,5,9,주,토,경기,차대사람,과속,단일로,승용차,보행자,127.5417556,37.21013013,1.0,9,0,1,3
2019,10,5,10,주,토,경남,차량단독,안전운전 의무 불이행,기타,이륜차,없음,127.857205,35.74604929,1.0,2,0,0,1
2019,10,5,18,야,토,경북,차대사람,안전운전 의무 불이행,교차로,승용차,보행자,128.8202644,35.99572343,1.0,3,1,0,2
2019,10,5,23,야,토,경기,차대사람,안전운전 의무 불이행,단일로,승합차,보행자,127.0031344,37.26739782,1.0,1,0,0,3
2019,10,6,2,야,일,경남,차대사람,안전운전 의무 불이행,교차로,승용차,보행자,129.0248451,35.3412212,1.0,2,3,0,3
2019,10,6,12,주,일,전남,차대차,기타,교차로,이륜차,화물차,126.7771644,34.70176078,1.7,2,0,0,0
2019,10,6,14,주,일,서울,차대사람,안전운전 의무 불이행,단일로,승합차,보행자,126.9981446,37.56618101,1.0,4,1,0,2
2019,10,6,18,야,일,경북,차대차,교차로 통행방법 위반,교차로,승용차,원동기장치자전거,129.4010543,35.98073041,1.0,6,1,0,0
2019,10,6,21,야,일,경기,차대사람,안전운전 의무 불이행,교차로,승용차,보행자,127.541621,37.21131103,1.0,8,0,1,2
2019,10,6,21,야,일,경기,차량단독,안전운전 의무 불이행,단일로,원동기장치자전거,없음,127.1303093,37.64671735,1.0,5,0,1,1
2019,10,7,5,야,월,서울,차대사람,안전운전 의무 불이행,단일로,승용차,보행자,127.1316235,37.49973821,1.0,6,4,0,2
2019,10,7,6,주,월,대구,차대사람,과속,단일로,승용차,보행자,128.6057655,35.87501122,1.0,6,0,3,6
2019,10,7,6,주,월,대구,차대사람,안전운전 의무 불이행,단일로,승용차,보행자,128.4972844,35.85549523,1.0,14,3,0,2
2019,10,7,12,주,월,강원,차량단독,안전운전 의무 불이행,단일로,화물차,없음,128.5276853,37.98302735,1.0,0,0,1,0
2019,10,7,18,야,월,충남,차대사람,안전운전 의무 불이행,기타,승용차,보행자,127.1225521,36.61146843,1.0,0,0,0,1
2019,10,7,18,야,월,경남,차대차,안전운전 의무 불이행,교차로,화물차,자전거,128.8616267,35.22075778,1.0,0,0,0,0
2019,10,7,19,야,월,전남,차대사람,안전운전 의무 불이행,단일로,승용차,보행자,127.5141054,34.94500115,1.0,6,1,0,0
2019,10,8,6,주,화,서울,차대사람,보행자 보호의무 위반,단일로,승용차,보행자,127.1393553,37.55046346,1.0,3,4,0,1
2019,10,8,11,주,화,충남,차대차,과속,교차로,승용차,승합차,127.0753412,36.77217913,1.3,14,2,0,1
2019,10,8,12,주,화,전남,차대차,안전운전 의무 불이행,교차로,화물차,자전거,126.7909597,35.30834744,1.0,1,2,0,0
2019,10,8,13,주,화,울산,차대차,안전운전 의무 불이행,단일로,특수차,화물차,129.2808171,35.57700517,1.0,0,0,1,0
2019,10,8,18,야,화,충남,차대사람,안전운전 의무 불이행,단일로,승용차,보행자,127.0802464,36.20155638,1.0,2,4,0,0
2019,10,9,0,야,수,경기,차대사람,안전운전 의무 불이행,단일로,이륜차,보행자,127.1560321,37.44420649,1.0,10,1,0,1
2019,10,9,0,야,수,경남,차대차,안전운전 의무 불이행,교차로,승용차,화물차,129.0189209,35.33863611,1.0,5,2,0,1
2019,10,9,3,야,수,경기,차대차,안전운전 의무 불이행,단일로,화물차,화물차,127.094894,37.12866032,1.3,0,0,1,1
2019,10,9,6,주,수,서울,차대사람,과속,단일로,승용차,보행자,126.8449759,37.47533177,1.0,1,2,0,2
2019,10,9,14,주,수,강원,차량단독,과속,단일로,화물차,없음,128.2021726,38.21003284,1.0,0,0,0,0
2019,10,9,18,야,수,충남,차대차,과속,단일로,화물차,농기계,127.1310287,36.31458873,1.7,0,0,0,0
2019,10,9,19,야,수,충북,차대차,안전운전 의무 불이행,단일로,승용차,농기계,127.6461732,36.62800521,1.6,0,0,0,2
2019,10,9,19,야,수,충남,차량단독,안전운전 의무 불이행,교차로,화물차,없음,126.241709,36.87591184,1.0,0,0,0,0
2019,10,9,19,야,수,전북,차대차,안전운전 의무 불이행,교차로,승용차,화물차,127.1253989,35.94362064,1.6,1,0,0,1
2019,10,9,20,야,수,전북,차대차,안전운전 의무 불이행,단일로,승용차,자전거,126.6539399,35.94049042,1.0,1,0,0,0
2019,10,10,2,야,목,전남,차대차,안전운전 의무 불이행,단일로,승용차,화물차,127.725892,34.73932204,1.3,2,5,4,1
2019,10,10,3,야,목,전북,차량단독,안전운전 의무 불이행,단일로,화물차,없음,126.9344927,35.91924235,1.0,1,0,0,1
2019,10,10,5,야,목,경북,차대사람,안전운전 의무 불이행,단일로,승용차,보행자,129.4079083,35.9530825,2.0,1,0,0,0
2019,10,10,6,주,목,부산,차대차,안전거리 미확보,단일로,특수차,승용차,128.9002286,35.16466011,2.9,0,0,0,0
2019,10,10,7,주,목,경기,차대사람,안전운전 의무 불이행,단일로,승합차,보행자,126.8397286,37.65873445,1.0,15,1,0,1
2019,10,10,12,주,목,전남,차대차,안전운전 의무 불이행,교차로,이륜차,화물차,127.7018589,34.93286802,1.3,2,0,0,1
2019,10,10,16,주,목,인천,차대사람,보행자 보호의무 위반,교차로,화물차,보행자,126.6776254,37.54371579,1.0,6,1,2,2
2019,10,10,17,주,목,전남,차대사람,과속,교차로,화물차,보행자,127.481816,35.21362667,1.0,0,0,0,1
2019,10,10,19,야,목,충북,차대사람,안전운전 의무 불이행,단일로,승용차,보행자,128.0733944,37.13838609,1.0,0,0,0,0
2019,10,10,20,야,목,경기,차량단독,안전운전 의무 불이행,교차로,승용차,없음,127.102073,37.42291801,1.0,7,0,1,2
2019,10,10,22,야,목,충남,차대차,안전운전 의무 불이행,교차로,화물차,승용차,126.8315893,36.71264443,1.3,1,0,1,0
2019,10,10,23,야,목,경남,차량단독,안전운전 의무 불이행,단일로,이륜차,없음,128.4355773,35.04453612,1.7,0,0,0,0
2019,10,11,3,야,금,경기,차대차,안전운전 의무 불이행,단일로,승용차,화물차,127.4882285,37.24567042,1.0,3,1,1,4
2019,10,11,8,주,금,경기,차대차,기타,교차로,자전거,승용차,126.7307594,37.61097991,1.0,2,1,2,2
2019,10,11,8,주,금,경기,차대차,안전운전 의무 불이행,단일로,건설기계,화물차,126.8839761,37.36991061,1.3,0,0,1,0
2019,10,11,8,주,금,전북,차대차,중앙선 침범,단일로,건설기계,원동기장치자전거,126.5395396,35.45966612,1.7,0,1,0,0
2019,10,11,10,주,금,서울,차량단독,신호위반,교차로,승용차,없음,126.9030008,37.47065289,1.0,12,1,0,8
2019,10,11,13,주,금,부산,차대사람,안전운전 의무 불이행,교차로,승용차,보행자,129.0865857,35.13255531,1.0,5,2,0,4
2019,10,11,15,주,금,경기,차대사람,안전운전 의무 불이행,단일로,화물차,보행자,127.0511516,36.9634242,1.0,6,0,0,2
2019,10,11,16,주,금,경기,차대차,안전운전 의무 불이행,단일로,승용차,이륜차,126.5979851,37.68020713,1.0,0,0,0,0
2019,10,11,19,야,금,충남,차대차,안전운전 의무 불이행,단일로,승용차,자전거,126.6743947,36.07937721,1.0,0,0,0,0
2019,10,11,20,야,금,서울,차대차,신호위반,교차로,승용차,이륜차,127.0306795,37.57404209,1.0,6,1,0,3
2019,10,11,20,야,금,충남,차대사람,안전운전 의무 불이행,단일로,승용차,보행자,126.7140367,36.92409077,1.0,1,0,0,0
2019,10,11,20,야,금,경북,차대사람,안전운전 의무 불이행,단일로,승용차,보행자,129.1795316,36.2762708,2.4,0,0,0,0
2019,10,11,22,야,금,경기,차대사람,안전운전 의무 불이행,단일로,화물차,보행자,127.1032367,37.04435132,1.0,2,0,1,0
2019,10,12,3,야,토,인천,차대차,신호위반,교차로,승용차,승용차,126.7076429,37.44974856,3.9999999999999996,15,2,0,3
2019,10,12,7,주,토,서울,차대차,기타,교차로,승용차,자전거,127.0517364,37.53623744,1.0,0,1,0,2
2019,10,12,8,주,토,전남,차대사람,안전운전 의무 불이행,교차로,화물차,보행자,127.4616221,35.14158373,1.0,0,0,2,0
2019,10,12,9,주,토,충남,차대차,안전운전 의무 불이행,교차로,건설기계,이륜차,127.0375001,36.78895859,1.0,0,0,0,0
2019,10,12,13,주,토,경기,차대차,안전거리 미확보,단일로,승합차,승용차,127.4439263,37.20179518,6.3,2,0,0,0
2019,10,12,13,주,토,전남,차량단독,안전운전 의무 불이행,단일로,농기계,없음,126.6138387,34.19791839,1.0,0,0,0,0
2019,10,12,16,주,토,전남,차량단독,안전운전 의무 불이행,단일로,농기계,없음,126.6827033,34.94767197,1.0,0,0,0,0
2019,10,12,18,야,토,충북,차대사람,안전운전 의무 불이행,단일로,화물차,보행자,127.815455,36.44130818,1.0,0,0,0,0
2019,10,12,19,야,토,경북,차대차,안전운전 의무 불이행,단일로,화물차,농기계,128.2946665,35.91600591,1.3,0,0,1,1
2019,10,12,20,야,토,경북,차대사람,안전운전 의무 불이행,교차로,승용차,보행자,128.3679396,36.1266347,1.3,2,2,0,0
2019,10,12,23,야,토,경기,차대차,안전운전 의무 불이행,단일로,화물차,특수차,126.8692841,36.9985465,2.2,0,0,0,0
2019,10,13,3,야,일,경남,차량단독,안전운전 의무 불이행,단일로,이륜차,없음,128.6783555,35.21837081,1.0,15,1,0,2
2019,10,13,18,야,일,전남,차대사람,안전운전 의무 불이행,교차로,승용차,보행자,126.4732916,34.74264614,1.0,3,0,0,0
2019,10,14,0,야,월,경북,차량단독,안전운전 의무 불이행,단일로,승용차,없음,128.5127925,36.56450097,1.0,0,0,0,0
2019,10,14,4,야,월,대구,차량단독,기타,단일로,화물차,없음,128.5345233,35.86191507,1.0,3,1,0,1
2019,10,14,5,야,월,충북,차대사람,안전운전 의무 불이행,단일로,승용차,보행자,127.9302002,37.05904525,1.0,0,0,0,0
2019,10,14,5,야,월,전남,차대사람,안전운전 의무 불이행,단일로,특수차,보행자,127.6403399,34.90974258,1.0,4,0,0,1
2019,10,14,10,주,월,경기,차대차,기타,교차로,화물차,사륜오토바이(ATV),127.3246532,37.0228901,1.0,0,0,0,0
2019,10,14,12,주,월,서울,차량단독,안전운전 의무 불이행,단일로,승용차,없음,126.9154433,37.5829891,1.0,6,2,0,2
2019,10,14,14,주,월,전남,차대사람,안전운전 의무 불이행,단일로,화물차,보행자,127.2396875,35.12533082,1.0,0,0,0,0
2019,10,14,14,주,월,경기,차대사람,안전운전 의무 불이행,교차로,승용차,보행자,127.0486154,37.71003106,1.0,9,0,0,1
2019,10,14,18,야,월,충남,차대사람,안전운전 의무 불이행,단일로,승용차,보행자,126.7010241,36.01157103,1.0,1,1,0,0
2019,10,14,19,야,월,전북,차대사람,안전운전 의무 불이행,단일로,승용차,보행자,127.3505635,35.49918218,1.0,0,0,0,0
2019,10,15,6,주,화,경북,차대차,안전운전 의무 불이행,단일로,승용차,농기계,128.4154333,36.02583073,1.0,0,0,0,0
2019,10,15,10,주,화,강원,차량단독,과속,단일로,화물차,없음,127.4678618,38.14721947,1.0,0,0,0,1
2019,10,15,10,주,화,충남,차량단독,안전운전 의무 불이행,단일로,사륜오토바이(ATV),없음,127.2966239,36.16309088,1.0,0,0,0,0
2019,10,15,10,주,화,인천,차대차,안전운전 의무 불이행,교차로,승용차,자전거,126.6680234,37.42157044,1.0,5,3,2,1
2019,10,15,11,주,화,충남,차량단독,안전운전 의무 불이행,단일로,화물차,없음,126.5847995,36.4867621,1.0,0,0,0,0
2019,10,15,17,주,화,경기,차대차,안전운전 의무 불이행,교차로,자전거,화물차,126.7735276,37.29329801,1.0,0,0,1,0
2019,10,15,18,야,화,강원,차대사람,안전운전 의무 불이행,교차로,화물차,보행자,127.9565549,37.40705831,1.0,1,0,1,0
2019,10,15,18,야,화,충남,차대사람,안전운전 의무 불이행,단일로,승용차,보행자,126.2857552,36.77680916,1.0,0,0,0,1
2019,10,15,19,야,화,전남,차대차,안전거리 미확보,단일로,승용차,농기계,127.6053628,34.76443189,1.0,2,1,0,0
2019,10,16,7,주,수,충남,차대차,신호위반,교차로,승용차,승용차,127.0630847,36.92354375,3.0999999999999996,4,0,0,0
2019,10,16,9,주,수,충남,차량단독,안전운전 의무 불이행,단일로,이륜차,없음,126.63297,36.90065749,1.0,5,1,0,2
2019,10,16,10,주,수,전남,차량단독,안전운전 의무 불이행,단일로,이륜차,없음,127.5873886,34.86945735,1.0,0,0,0,0
2019,10,16,10,주,수,경기,차대차,안전거리 미확보,단일로,화물차,특수차,126.7522303,37.25189114,1.6,0,0,0,1
2019,10,16,10,주,수,광주,차대사람,안전운전 의무 불이행,교차로,화물차,보행자,126.9330033,35.18018183,1.0,6,3,2,2
2019,10,16,12,주,수,충남,차량단독,안전운전 의무 불이행,단일로,이륜차,없음,127.2030381,36.21403197,1.0,0,1,0,0
2019,10,16,13,주,수,경남,차대차,중앙선 침범,단일로,승용차,승용차,127.8541792,35.70713487,2.0,0,0,0,0
2019,10,16,14,주,수,강원,차대사람,안전운전 의무 불이행,기타,승용차,보행자,129.1075894,37.48566009,1.0,5,1,1,1
2019,10,16,14,주,수,전북,차대차,안전운전 의무 불이행,단일로,원동기장치자전거,화물차,127.2725124,35.47604877,1.0,0,0,0,0
2019,10,16,14,주,수,인천,차대사람,안전운전 의무 불이행,교차로,화물차,보행자,126.6634446,37.4653888,1.0,5,1,1,3
2019,10,16,18,야,수,전북,차대사람,안전운전 의무 불이행,교차로,승용차,보행자,126.9003557,35.81319293,1.0,0,0,0,1
2019,10,16,18,야,수,경남,차대사람,안전운전 의무 불이행,교차로,승용차,보행자,128.5244196,35.27746853,1.0,3,2,0,0