발생년,발생월,발생일,발생시,주야,요일,발생지시도,사고유형_대분류,가해자법규위반,도로형태_대분류,가해자_당사자종별,피해자_당사자종별,경도,위도,사상자수,반경500m카메라수,반경500m학교수,반경500m전광판수,반경500m사고건수
2019,10,16,19,야,수,경기,차대사람,안전운전 의무 불이행,단일로,승용차,보행자,127.4357992,37.08463336,1.0,0,0,0,1
2019,10,16,19,야,수,충북,차대사람,안전운전 의무 불이행,교차로,화물차,보행자,127.5190774,36.97434018,1.0,0,0,0,0
2019,10,16,19,야,수,경남,차대차,안전운전 의무 불이행,단일로,승용차,농기계,128.6554815,34.93218481,1.0,0,0,0,1
2019,10,16,20,야,수,경남,차대사람,안전운전 의무 불이행,단일로,화물차,보행자,128.7585457,35.29981055,1.0,1,0,1,1
2019,10,16,21,야,수,충북,차대사람,과속,교차로,승용차,보행자,127.9237304,36.98979346,1.0,5,0,0,1
2019,10,17,4,야,목,서울,차대차,안전운전 의무 불이행,단일로,승용차,건설기계,126.8279792,37.52438696,2.0,0,1,0,2
2019,10,17,6,주,목,충남,차대차,중앙선 침범,단일로,농기계,승합차,126.9533512,36.43083619,1.0,1,0,0,1
2019,10,17,7,주,목,경기,차대차,안전운전 의무 불이행,교차로,자전거,화물차,126.9577424,37.31873995,1.0,3,3,0,0
2019,10,17,15,주,목,경기,차대차,안전운전 의무 불이행,단일로,화물차,이륜차,127.5645294,37.29919666,1.0,6,0,0,1
2019,10,17,17,주,목,강원,차대차,중앙선 침범,단일로,이륜차,화물차,127.8882436,37.17089393,1.0,2,2,0,1
2019,10,17,20,야,목,경북,차대사람,안전운전 의무 불이행,단일로,승용차,보행자,128.8716661,35.93505137,1.0,2,2,0,3
2019,10,17,20,야,목,대전,차대사람,신호위반,교차로,승용차,보행자,127.4338147,36.34408751,1.0,6,1,0,5
2019,10,18,2,야,금,대구,차량단독,안전운전 의무 불이행,단일로,이륜차,없음,128.5150239,35.8588087,1.0,11,7,1,1
2019,10,18,5,야,금,서울,차대차,안전운전 의무 불이행,교차로,승용차,자전거,127.0393866,37.57502009,1.0,13,2,0,3
2019,10,18,6,주,금,광주,차대차,신호위반,교차로,자전거,승용차,126.8874706,35.1609703,1.0,4,1,0,3
2019,10,18,8,주,금,제주,차대차,신호위반,교차로,승용차,승합차,126.5806565,33.51731362,3.6999999999999997,2,4,0,2
2019,10,18,10,주,금,충남,차대사람,보행자 보호의무 위반,단일로,화물차,보행자,126.687609,36.07525725,1.0,9,2,0,0
2019,10,18,11,주,금,충남,차대차,안전운전 의무 불이행,단일로,화물차,원동기장치자전거,126.8146061,36.7325514,1.0,0,0,0,0
2019,10,18,12,주,금,대구,차대차,안전운전 의무 불이행,기타,승용차,승용차,128.5222771,35.85268865,1.0,11,3,1,1
2019,10,18,16,주,금,충남,차량단독,안전운전 의무 불이행,단일로,이륜차,없음,127.2852399,36.76165503,1.0,0,0,0,0
2019,10,18,16,주,금,전북,차대차,기타,교차로,이륜차,승용차,126.7322482,35.74083893,1.0,2,0,0,1
2019,10,18,18,야,금,충남,차량단독,안전운전 의무 불이행,단일로,농기계,없음,126.6386212,36.11708962,1.0,0,0,2,0
2019,10,18,18,야,금,전남,차대사람,보행자 보호의무 위반,단일로,승합차,보행자,127.5244532,35.19816118,1.0,1,1,0,0
2019,10,18,23,야,금,경기,차량단독,안전운전 의무 불이행,기타,승용차,없음,127.1676127,37.59378423,1.0,2,0,0,2
2019,10,19,5,야,토,강원,차대사람,안전운전 의무 불이행,교차로,승용차,보행자,128.5779865,38.19306119,1.0,4,1,0,2
2019,10,19,6,주,토,충북,차대차,안전운전 의무 불이행,단일로,화물차,화물차,128.4021734,36.91313296,1.0,0,0,1,1
2019,10,19,11,주,토,경기,차량단독,안전운전 의무 불이행,교차로,이륜차,없음,127.0455626,37.75846548,1.0,5,0,2,2
2019,10,19,15,주,토,경북,차대차,안전운전 의무 불이행,단일로,승용차,승용차,128.1170887,36.69634346,2.2,1,0,0,0
2019,10,19,16,주,토,전북,차대차,과속,교차로,승용차,원동기장치자전거,127.6351785,35.92401427,1.7,1,0,0,0
2019,10,19,17,주,토,경기,차대차,신호위반,교차로,화물차,승용차,126.7022942,37.32831735,1.0,1,0,1,0
2019,10,19,18,야,토,전북,차대사람,안전운전 의무 불이행,단일로,화물차,보행자,127.0753043,35.99983935,1.0,0,0,0,0
2019,10,19,19,야,토,부산,차대차,안전운전 의무 불이행,단일로,승용차,승용차,129.1447901,35.35584049,1.0,1,0,1,1
2019,10,19,19,야,토,전북,차대차,과속,기타,승용차,화물차,126.5813862,35.32445625,1.7,2,0,0,0
2019,10,20,2,야,일,인천,차대사람,과속,단일로,이륜차,보행자,126.6895378,37.45647604,1.0,8,1,0,2
2019,10,20,9,주,일,제주,차대차,안전거리 미확보,단일로,승용차,승용차,126.5205443,33.24725428,1.0,2,0,1,1
2019,10,20,11,주,일,경기,차대차,신호위반,교차로,이륜차,승용차,126.9086753,36.90847941,2.3,1,0,1,0
2019,10,20,14,주,일,충남,차량단독,안전운전 의무 불이행,교차로,승용차,없음,126.9374658,36.39202411,1.0,0,0,0,0
2019,10,20,18,야,일,전북,차대사람,과속,교차로,이륜차,보행자,127.2296047,35.34181826,1.0,3,0,0,1
2019,10,20,21,야,일,전북,차량단독,안전운전 의무 불이행,단일로,승용차,없음,126.5417166,35.50289949,1.0,0,0,0,0
2019,10,21,2,야,월,충남,차량단독,안전운전 의무 불이행,단일로,이륜차,없음,126.6475513,36.89146024,1.0,1,2,0,0
2019,10,21,2,야,월,충남,차대차,안전운전 의무 불이행,단일로,화물차,승용차,127.1629696,36.74637095,1.0,0,0,0,2
2019,10,21,5,야,월,경남,차대사람,안전운전 의무 불이행,교차로,승용차,보행자,129.0313307,35.33855164,1.0,8,2,0,2
2019,10,21,5,야,월,제주,차대사람,안전운전 의무 불이행,교차로,승용차,보행자,126.5832436,33.26314488,1.0,0,0,0,0
2019,10,21,5,야,월,경기,차대사람,안전운전 의무 불이행,교차로,승용차,보행자,127.047195,37.71600141,1.0,5,3,0,2
2019,10,21,11,주,월,경북,차대사람,안전운전 의무 불이행,단일로,화물차,보행자,128.2367735,36.35891032,3.0,4,0,0,1
2019,10,21,14,주,월,전북,차대차,안전운전 의무 불이행,단일로,화물차,농기계,126.659885,35.43560169,1.0,0,0,0,2
2019,10,21,15,주,월,경북,차량단독,안전운전 의무 불이행,단일로,건설기계,없음,128.0965682,36.3937702,1.0,1,0,0,0
2019,10,21,16,주,월,충북,차량단독,과속,교차로,승용차,없음,128.0016875,36.75869976,2.0,0,0,0,3
2019,10,21,17,주,월,서울,차량단독,안전운전 의무 불이행,단일로,이륜차,없음,127.0754175,37.49793613,1.0,5,1,0,1
2019,10,21,20,야,월,전북,차대차,기타,교차로,이륜차,승용차,126.7947165,35.72500134,2.0,0,0,0,0
2019,10,21,20,야,월,경기,차대차,과속,교차로,승용차,승용차,127.0694601,38.05711913,5.4,0,0,0,0
2019,10,21,21,야,월,경북,차대사람,안전운전 의무 불이행,교차로,승용차,보행자,128.3061463,36.25082974,1.0,2,0,0,0
2019,10,22,6,주,화,부산,차대차,안전운전 의무 불이행,단일로,승용차,화물차,129.0812067,35.11602701,1.0,6,1,0,1
2019,10,22,6,주,화,경기,차대사람,신호위반,교차로,승용차,보행자,126.8152938,37.3132782,1.0,10,2,0,3
2019,10,22,6,주,화,강원,차대사람,보행자 보호의무 위반,교차로,승용차,보행자,127.7254695,37.86077652,1.0,18,4,0,3
2019,10,22,6,주,화,충북,차대사람,안전운전 의무 불이행,단일로,승합차,보행자,127.5710699,36.98218105,1.0,1,1,0,0
2019,10,22,8,주,화,충남,차대사람,보행자 보호의무 위반,교차로,화물차,보행자,126.5943096,36.34954557,1.0,9,1,0,2
2019,10,22,13,주,화,충남,차대차,기타,교차로,화물차,이륜차,126.7403861,36.68819952,1.0,6,1,0,1
2019,10,22,15,주,화,울산,차량단독,안전운전 의무 불이행,교차로,승용차,없음,129.2951591,35.35226657,1.3,2,1,0,0
2019,10,22,18,야,화,강원,차대차,안전운전 의무 불이행,단일로,승용차,농기계,127.8110401,38.02567187,1.7,0,0,0,0
2019,10,22,19,야,화,경기,차대차,교차로 통행방법 위반,교차로,승용차,이륜차,127.5020701,37.48946009,1.0,1,1,0,1
2019,10,22,19,야,화,제주,차대사람,안전운전 의무 불이행,단일로,승용차,보행자,126.8004752,33.39003167,1.0,0,0,0,0
2019,10,22,19,야,화,울산,차대사람,안전운전 의무 불이행,단일로,화물차,보행자,129.0841282,35.67562085,1.0,0,0,0,0
2019,10,23,2,야,수,서울,차대사람,과속,단일로,승용차,보행자,126.8469953,37.54863168,1.0,4,1,0,4
2019,10,23,5,야,수,경기,차대사람,과속,단일로,승용차,보행자,127.1085163,37.40312732,1.0,9,0,4,2
2019,10,23,8,주,수,서울,차대차,안전운전 의무 불이행,단일로,화물차,화물차,127.0790644,37.68023755,1.0,0,0,0,0
2019,10,23,10,주,수,울산,차대차,신호위반,교차로,이륜차,화물차,129.3538487,35.64073065,1.0,15,1,0,2
2019,10,23,12,주,수,경북,차대차,안전운전 의무 불이행,교차로,원동기장치자전거,화물차,129.3142202,35.67620425,1.0,0,0,0,0
2019,10,23,14,주,수,전남,차대차,안전운전 의무 불이행,단일로,이륜차,화물차,126.4026861,34.57382329,1.0,0,0,0,2
2019,10,23,18,야,수,경기,차대차,안전운전 의무 불이행,교차로,승용차,승용차,127.1022707,37.29560743,1.3,0,0,0,1
2019,10,23,20,야,수,서울,차대사람,안전운전 의무 불이행,단일로,승용차,보행자,127.0344514,37.5455266,1.0,7,2,0,0
2019,10,23,23,야,수,서울,차대차,신호위반,교차로,이륜차,화물차,127.0338454,37.63547845,1.7,6,3,0,6
2019,10,23,23,야,수,서울,차대사람,안전운전 의무 불이행,단일로,승용차,보행자,127.118364,37.51532571,1.0,4,2,0,1
2019,10,24,0,야,목,서울,차대사람,과속,단일로,승용차,보행자,126.9254288,37.52600092,1.0,4,0,0,2
2019,10,24,8,주,목,경기,차대차,안전운전 의무 불이행,단일로,화물차,화물차,127.1281124,37.32682547,2.5,3,2,0,0
2019,10,24,10,주,목,전남,차대차,안전운전 의무 불이행,단일로,화물차,이륜차,126.2957846,35.11175294,1.0,2,2,1,0
2019,10,24,13,주,목,전남,차대차,신호위반,교차로,이륜차,승용차,126.8166544,34.70487429,1.7,0,0,0,0
2019,10,24,16,주,목,충남,차대차,안전운전 의무 불이행,기타,승용차,승용차,127.0507874,36.83401959,1.0,4,0,0,0
2019,10,24,18,야,목,충남,차대차,안전운전 의무 불이행,단일로,화물차,농기계,126.989449,36.75723774,1.3,0,0,0,1
2019,10,24,18,야,목,충남,차대사람,안전운전 의무 불이행,단일로,승용차,보행자,126.7166238,36.8060373,1.0,0,0,0,0
2019,10,24,18,야,목,전북,차대차,안전운전 의무 불이행,단일로,승용차,자전거,126.7246449,35.95416074,1.0,0,0,0,0
2019,10,24,19,야,목,충남,차대사람,안전운전 의무 불이행,교차로,승합차,보행자,127.1272744,36.80319245,1.0,16,3,0,4
2019,10,24,19,야,목,경남,차량단독,안전운전 의무 불이행,단일로,이륜차,없음,128.1011968,35.13245202,1.0,3,0,0,0
2019,10,24,19,야,목,경남,차대차,안전운전 의무 불이행,단일로,화물차,자전거,128.4820091,35.54878069,1.0,0,0,0,0
2019,10,25,0,야,금,경기,차대사람,안전운전 의무 불이행,단일로,승용차,보행자,126.9583322,37.27584565,1.0,5,0,1,3
2019,10,25,0,야,금,경북,차대차,안전운전 의무 불이행,단일로,화물차,화물차,128.891125,36.03259659,1.9,0,0,0,0
2019,10,25,0,야,금,광주,차대사람,과속,교차로,승용차,보행자,126.870218,35.12572439,1.3,1,2,0,0
2019,10,25,1,야,금,충북,차대차,안전운전 의무 불이행,단일로,화물차,화물차,127.4283949,36.57171316,1.0,0,0,1,2
2019,10,25,7,주,금,서울,차대차,신호위반,교차로,승합차,승용차,127.1397115,37.50701911,6.9,8,1,0,0
2019,10,25,7,주,금,부산,차대사람,신호위반,교차로,승용차,보행자,128.9955187,35.09135532,1.7,7,6,0,4
2019,10,25,11,주,금,전북,차대사람,안전운전 의무 불이행,교차로,승용차,보행자,126.8909279,35.81713063,1.0,1,0,1,1
2019,10,25,11,주,금,경남,차대차,신호위반,교차로,건설기계,자전거,128.0873127,35.18601822,1.0,5,1,0,2
2019,10,25,11,주,금,경남,차량단독,안전운전 의무 불이행,단일로,이륜차,없음,128.2108031,35.06904592,1.0,1,0,0,0
2019,10,25,11,주,금,인천,차대사람,안전운전 의무 불이행,교차로,화물차,보행자,126.7464957,37.45021899,1.0,9,1,2,1
2019,10,25,12,주,금,충남,차대차,중앙선 침범,교차로,화물차,화물차,127.0982628,36.11514923,1.0,2,1,0,3
2019,10,25,13,주,금,전남,차대사람,안전운전 의무 불이행,교차로,승용차,보행자,127.6381417,34.77285508,1.0,2,0,0,0
2019,10,25,14,주,금,경기,차대차,안전운전 의무 불이행,단일로,건설기계,승용차,126.9085405,37.28200719,1.0,0,0,1,1
2019,10,25,14,주,금,경기,차대차,신호위반,교차로,자전거,화물차,126.7780852,37.52883359,1.0,2,0,1,1
2019,10,25,14,주,금,전남,차대사람,안전운전 의무 불이행,교차로,화물차,보행자,126.9924089,35.05982305,1.0,12,2,0,1
2019,10,25,15,주,금,경기,차대차,안전운전 의무 불이행,교차로,승용차,승합차,126.9214939,37.13705601,3.8,4,0,0,0
2019,10,25,17,주,금,전남,차량단독,안전운전 의무 불이행,단일로,사륜오토바이(ATV),없음,126.5172326,34.51413591,1.0,0,0,0,0
2019,10,25,18,야,금,전북,차대사람,과속,단일로,승합차,보행자,126.8552863,35.5858584,1.0,3,1,0,0
2019,10,25,18,야,금,전남,차대사람,안전운전 의무 불이행,단일로,승용차,보행자,126.2690478,34.47816985,1.0,4,0,0,2
2019,10,25,19,야,금,부산,차대사람,안전운전 의무 불이행,단일로,승합차,보행자,128.971317,35.07227543,1.0,3,1,0,1
2019,10,25,19,야,금,경남,차대차,안전거리 미확보,단일로,화물차,농기계,128.1927433,35.16803128,1.0,0,0,1,0
2019,10,25,20,야,금,충북,차대차,신호위반,교차로,승용차,특수차,128.1943649,37.16563756,2.0,2,0,0,0
2019,10,25,23,야,금,경북,차대차,신호위반,교차로,이륜차,승합차,128.3632691,36.08674796,1.0,7,1,0,1
2019,10,26,2,야,토,대전,차대사람,안전운전 의무 불이행,단일로,승용차,보행자,127.3694562,36.35263614,1.0,10,4,0,4
2019,10,26,5,야,토,부산,차대사람,과속,단일로,승용차,보행자,129.0289262,35.16559237,1.0,5,6,0,3
2019,10,26,7,주,토,서울,차대사람,안전운전 의무 불이행,단일로,승합차,보행자,126.9456266,37.58760538,1.0,17,2,0,6
2019,10,26,7,주,토,전남,차대차,기타,단일로,이륜차,승용차,127.7402045,34.83496646,1.0,0,0,0,0
2019,10,26,11,주,토,전북,차량단독,중앙선 침범,단일로,승용차,없음,127.3318901,35.71330906,1.7,0,0,0,0
2019,10,26,12,주,토,전북,차량단독,안전운전 의무 불이행,교차로,승용차,없음,126.8077936,35.71769305,1.0,3,1,0,0
2019,10,26,12,주,토,경북,차대차,중앙선 침범,단일로,화물차,건설기계,128.6964674,36.2848482,2.3,0,0,0,0
2019,10,26,15,주,토,인천,차대사람,보행자 보호의무 위반,교차로,화물차,보행자,126.7422601,37.54385984,1.0,12,4,3,3
2019,10,26,19,야,토,전남,차량단독,안전운전 의무 불이행,단일로,이륜차,없음,127.7067086,34.94993902,1.0,2,2,0,0
2019,10,26,23,야,토,경기,차대차,안전운전 의무 불이행,단일로,승용차,화물차,126.7335089,37.32560324,2.3,0,0,0,1
2019,10,27,2,야,일,충남,차대사람,안전운전 의무 불이행,단일로,승용차,보행자,127.2675334,36.77042918,1.0,1,0,0,0
2019,10,27,3,야,일,경기,차대사람,안전운전 의무 불이행,교차로,승용차,보행자,127.1286332,37.41356705,1.0,15,2,1,2
2019,10,27,7,주,일,전남,차대차,안전운전 의무 불이행,단일로,화물차,농기계,127.4148927,34.5442474,1.3,0,0,0,0
2019,10,27,7,주,일,경남,차대차,안전운전 의무 불이행,단일로,이륜차,승용차,128.5842184,34.89499734,1.0,0,0,0,0
2019,10,27,9,주,일,전남,차대사람,안전운전 의무 불이행,단일로,승용차,보행자,126.9102046,34.98798957,1.0,3,1,0,0
2019,10,27,9,주,일,경북,차대차,안전운전 의무 불이행,단일로,이륜차,화물차,128.5943468,36.15367395,1.0,0,0,0,0
2019,10,27,10,주,일,경기,차대차,안전운전 의무 불이행,단일로,승용차,승용차,127.1934314,37.53222857,1.7,0,0,0,2
2019,10,27,10,주,일,전북,차대차,안전운전 의무 불이행,단일로,승합차,자전거,127.113734,35.85372178,1.0,1,0,0,3
2019,10,27,16,주,일,부산,차량단독,안전운전 의무 불이행,단일로,화물차,없음,129.2554642,35.35165073,1.7,0,0,0,1
2019,10,27,21,야,일,경남,차대차,안전운전 의무 불이행,단일로,승용차,승용차,128.6599609,35.23057646,2.4,0,3,0,0
2019,10,28,2,야,월,울산,차량단독,안전운전 의무 불이행,단일로,승용차,없음,129.3771013,35.53794213,2.7,1,0,0,0
2019,10,28,3,야,월,강원,차량단독,과속,교차로,승용차,없음,127.9682583,37.31755961,4.3999999999999995,3,1,0,2
2019,10,28,5,야,월,서울,차대사람,안전운전 의무 불이행,교차로,승용차,보행자,126.815953,37.55247591,1.0,2,1,0,2
2019,10,28,5,야,월,전북,차대차,중앙선 침범,단일로,승용차,화물차,126.9396828,35.94711683,1.3,10,2,0,1
2019,10,28,8,주,월,경북,차대차,과속,단일로,승용차,자전거,128.8363623,35.94707933,1.0,2,1,0,0
2019,10,28,9,주,월,경북,차대차,과속,단일로,승용차,화물차,128.8479625,35.88194937,1.3,0,0,0,0
2019,10,28,9,주,월,인천,차대차,안전운전 의무 불이행,기타,건설기계,자전거,126.6746749,37.45187544,1.0,10,2,1,3
2019,10,28,13,주,월,경기,차대사람,보행자 보호의무 위반,교차로,건설기계,보행자,127.0112206,37.25351395,1.0,3,0,0,3
2019,10,28,15,주,월,서울,차대차,과속,교차로,승용차,승용차,126.8050107,37.57262005,1.6,3,4,0,1
2019,10,28,15,주,월,충북,차량단독,안전운전 의무 불이행,단일로,농기계,없음,128.3068727,36.88607239,1.0,0,0,0,0
2019,10,28,17,주,월,전남,차대차,안전운전 의무 불이행,기타,화물차,승용차,127.1804966,35.24806638,1.9,0,0,0,0
2019,10,28,18,야,월,경남,차대사람,안전운전 의무 불이행,단일로,화물차,보행자,129.0723621,35.44355393,1.0,0,0,0,1
2019,10,28,23,야,월,경기,차대차,안전운전 의무 불이행,교차로,승용차,화물차,126.9461552,37.38739832,1.0,2,1,0,3
2019,10,28,23,야,월,세종,차대사람,신호위반,단일로,승용차,보행자,127.2925344,36.57798909,1.0,0,0,0,1
2019,10,29,0,야,화,경기,차대사람,신호위반,교차로,승용차,보행자,126.836519,37.31226337,1.0,11,3,0,2
2019,10,29,8,주,화,강원,차대차,기타,단일로,승용차,승용차,128.6655905,38.08370773,1.7,0,0,0,0
2019,10,29,8,주,화,전남,차대차,기타,단일로,승합차,농기계,126.6222355,34.56517253,6.3999999999999995,0,0,0,0
2019,10,29,10,주,화,전북,차대사람,안전운전 의무 불이행,기타,화물차,보행자,126.709884,35.44244825,1.0,1,0,0,1
2019,10,29,10,주,화,경북,차량단독,안전운전 의무 불이행,단일로,화물차,없음,129.3507556,36.19330948,1.0,0,0,1,1
2019,10,29,11,주,화,경기,차대차,안전운전 의무 불이행,기타,이륜차,화물차,126.9228913,37.4073011,1.0,7,3,0,1
2019,10,29,12,주,화,강원,차대차,안전운전 의무 불이행,단일로,화물차,특수차,128.8332667,37.77618164,1.0,0,0,0,0
2019,10,29,17,주,화,경북,차대사람,안전운전 의무 불이행,교차로,화물차,보행자,129.1457437,36.10306689,1.0,0,0,0,0
2019,10,29,18,야,화,충남,차대차,안전운전 의무 불이행,단일로,승용차,화물차,126.2446306,36.74451713,2.4,1,0,0,0
2019,10,29,19,야,화,경북,차대차,안전운전 의무 불이행,단일로,승용차,농기계,129.022529,35.75980768,1.0,0,0,0,0
2019,10,29,20,야,화,제주,차대사람,안전운전 의무 불이행,교차로,승용차,보행자,126.5203549,33.49880501,1.0,0,0,1,1
2019,10,29,21,야,화,전남,차량단독,안전운전 의무 불이행,단일로,농기계,없음,126.4217778,34.57471213,1.0,0,0,0,0
2019,10,29,22,야,화,충북,차대사람,안전운전 의무 불이행,단일로,승용차,보행자,127.9043016,36.94318456,1.0,1,0,0,0
2019,10,29,23,야,화,경기,차대사람,신호위반,교차로,승용차,보행자,126.8214874,37.35115361,1.0,0,0,1,3
2019,10,29,23,야,화,충남,차대사람,안전운전 의무 불이행,단일로,승용차,보행자,127.1797322,36.77218142,1.0,1,0,1,0
2019,10,30,2,야,수,경남,차대차,안전운전 의무 불이행,단일로,승용차,특수차,128.3784439,35.29068095,1.0,0,0,0,0
2019,10,30,9,주,수,서울,차대사람,안전운전 의무 불이행,교차로,승합차,보행자,127.0791519,37.61450329,1.0,9,1,8,4
2019,10,30,9,주,수,경북,차대사람,안전운전 의무 불이행,교차로,승용차,보행자,129.1007955,35.84811313,1.0,2,1,0,2
2019,10,30,10,주,수,경기,차대사람,안전운전 의무 불이행,교차로,승용차,보행자,127.1651643,37.80850162,1.0,0,0,0,0
2019,10,30,15,주,수,경기,차대차,중앙선 침범,단일로,화물차,화물차,126.8647766,37.75132953,1.3,0,0,0,0
2019,10,30,18,야,수,서울,차대사람,안전운전 의무 불이행,교차로,화물차,보행자,126.9139344,37.48497161,1.0,32,2,0,8
2019,10,30,22,야,수,충남,차대차,신호위반,교차로,이륜차,승합차,127.0055934,36.77289232,1.0,7,2,1,0
2019,10,31,6,주,목,경남,차대차,안전운전 의무 불이행,단일로,승용차,화물차,129.0361865,35.3480378,1.0,7,0,0,4
2019,10,31,9,주,목,경기,차대차,신호위반,교차로,개인형이동수단(PM),승용차,127.0662367,36.96962809,1.3,1,0,0,2
2019,10,31,9,주,목,경기,차대차,안전운전 의무 불이행,단일로,건설기계,화물차,127.057969,37.70727238,3.9,1,0,0,2
2019,10,31,12,주,목,경남,차대사람,안전운전 의무 불이행,교차로,승용차,보행자,128.5873688,35.24462193,1.0,11,0,1,2
2019,10,31,14,주,목,전북,차량단독,안전운전 의무 불이행,단일로,승용차,없음,127.4414493,35.45048631,1.0,0,0,0,0
2019,10,31,17,주,목,충남,차량단독,안전운전 의무 불이행,단일로,농기계,없음,127.1513755,36.24569947,1.0,0,0,0,1
2019,10,31,18,야,목,경남,차대사람,안전운전 의무 불이행,단일로,승용차,보행자,129.0557718,35.39667081,1.0,2,0,0,1
2019,10,31,19,야,목,전북,차대사람,신호위반,교차로,승용차,보행자,127.0414792,35.79021969,1.0,2,0,0,0
2019,10,31,20,야,목,인천,차대사람,안전운전 의무 불이행,단일로,승합차,보행자,126.6826299,37.49693496,1.0,3,4,0,2
2019,10,31,20,야,목,대전,차대차,신호위반,교차로,화물차,이륜차,127.3143255,36.33195396,1.0,5,1,0,1
2019,10,31,21,야,목,경기,차대사람,안전운전 의무 불이행,단일로,승용차,보행자,126.9901477,37.41779755,1.0,2,0,1,0
2019,10,31,21,야,목,경기,차대사람,안전운전 의무 불이행,단일로,승용차,보행자,126.9029385,37.42685721,1.0,5,2,0,3
2019,10,31,21,야,목,경남,차대차,안전운전 의무 불이행,단일로,승용차,농기계,128.3610771,35.0551147,1.0,1,2,0,0
2019,11,1,1,야,금,대구,차대차,신호위반,교차로,승용차,이륜차,128.5611871,35.94446376,1.0,1,1,0,5
2019,11,1,5,야,금,전남,차대사람,안전운전 의무 불이행,기타,승용차,보행자,127.7037827,34.77622843,1.0,0,1,0,1
2019,11,1,6,주,금,경남,차대차,안전운전 의무 불이행,단일로,화물차,화물차,128.9826689,35.29058039,1.0,0,0,0,0
2019,11,1,9,주,금,서울,차량단독,안전운전 의무 불이행,교차로,건설기계,없음,127.0052275,37.6166411,1.0,5,1,0,1
2019,11,1,10,주,금,경기,차대사람,안전운전 의무 불이행,단일로,화물차,보행자,127.2190011,37.0097964,1.0,1,0,0,1
2019,11,1,13,주,금,대구,차대차,안전운전 의무 불이행,단일로,화물차,승용차,128.4222416,35.7683524,1.7,0,0,0,1
2019,11,1,19,야,금,경남,차량단독,안전운전 의무 불이행,단일로,승용차,없음,127.9599521,34.78310496,1.0,0,0,0,0
2019,11,1,19,야,금,대전,차대사람,보행자 보호의무 위반,교차로,승용차,보행자,127.3816135,36.32461984,1.0,6,1,0,3
2019,11,1,20,야,금,충북,차대사람,안전운전 의무 불이행,교차로,승용차,보행자,127.7695747,36.96090162,1.0,2,0,0,1
2019,11,1,22,야,금,서울,차대차,안전운전 의무 불이행,단일로,이륜차,승용차,127.0791554,37.49913029,1.7,7,1,0,2
2019,11,2,0,야,토,경남,차대사람,안전운전 의무 불이행,교차로,승용차,보행자,128.6246976,35.25843663,1.0,12,2,0,5
2019,11,2,5,야,토,강원,차대사람,안전운전 의무 불이행,단일로,화물차,보행자,127.946659,37.38080298,1.0,0,0,0,5
2019,11,2,8,주,토,인천,차대차,안전운전 의무 불이행,기타,승용차,자전거,126.7342981,37.50329315,1.0,8,4,1,0
2019,11,2,10,주,토,경기,차량단독,안전운전 의무 불이행,교차로,농기계,없음,126.8722063,37.38231469,1.0,0,0,2,3
2019,11,2,11,주,토,서울,차대사람,안전운전 의무 불이행,단일로,승용차,보행자,126.9464872,37.59221527,1.0,15,3,0,6
2019,11,2,15,주,토,경기,차량단독,안전운전 의무 불이행,단일로,승용차,없음,127.4753707,37.80830793,1.3,0,0,0,1
2019,11,2,16,주,토,전북,차대사람,중앙선 침범,단일로,건설기계,보행자,126.6895559,35.91551277,1.0,0,0,0,0
2019,11,2,17,주,토,전남,차대사람,과속,교차로,승용차,보행자,127.0345581,35.02806193,1.0,0,0,0,0
2019,11,2,17,주,토,경북,차대사람,안전운전 의무 불이행,단일로,승합차,보행자,128.4890008,36.23714294,1.0,0,0,0,1
2019,11,2,17,주,토,울산,차대차,중앙선 침범,단일로,승용차,승용차,129.3013702,35.44304005,1.3,0,0,0,0
2019,11,2,18,야,토,경남,차대사람,안전운전 의무 불이행,단일로,승용차,보행자,128.3839278,35.51629654,1.0,1,0,0,0
2019,11,2,18,야,토,경남,차대차,안전운전 의무 불이행,교차로,승용차,승용차,128.2721717,34.97979797,3.8,2,0,0,0
2019,11,2,19,야,토,경기,차대사람,안전운전 의무 불이행,단일로,승합차,보행자,127.2007103,37.54044058,1.0,1,2,0,2
2019,11,2,19,야,토,충남,차대사람,안전운전 의무 불이행,단일로,승합차,보행자,126.7297516,36.19158292,1.0,0,1,0,0
2019,11,2,20,야,토,경북,차대사람,안전운전 의무 불이행,단일로,승용차,보행자,128.4091824,35.91439096,1.3,0,0,0,0
2019,11,3,5,야,일,전북,차량단독,안전운전 의무 불이행,교차로,승합차,없음,126.5844742,35.30563771,7.1,1,1,0,0
2019,11,3,7,주,일,세종,차량단독,안전운전 의무 불이행,단일로,이륜차,없음,127.2857679,36.44979973,2.0,1,0,0,0
2019,11,3,15,주,일,전남,차대차,안전운전 의무 불이행,단일로,승용차,농기계,126.7510611,34.63827214,1.0,0,0,0,1