발생년,발생월,발생일,발생시,주야,요일,발생지시도,사고유형_대분류,가해자법규위반,도로형태_대분류,가해자_당사자종별,피해자_당사자종별,경도,위도,사상자수,반경500m카메라수,반경500m학교수,반경500m전광판수,반경500m사고건수
2019,11,24,18,야,일,경북,차대사람,안전운전 의무 불이행,단일로,승용차,보행자,129.0851451,36.13448,1.0,0,0,0,0
2019,11,24,19,야,일,충남,차대차,안전운전 의무 불이행,단일로,화물차,승용차,126.6448514,36.82558192,1.0,0,0,1,1
2019,11,25,1,야,월,서울,차량단독,안전운전 의무 불이행,단일로,승용차,없음,127.0915297,37.52450191,1.0,0,0,0,1
2019,11,25,4,야,월,부산,차대사람,안전운전 의무 불이행,교차로,승합차,보행자,129.0354636,35.11207105,1.0,5,4,1,3
2019,11,25,6,주,월,광주,차대사람,신호위반,교차로,승합차,보행자,126.7856739,35.12842958,1.0,4,1,0,2
2019,11,25,7,주,월,경기,차대차,안전운전 의무 불이행,단일로,승용차,건설기계,127.213725,37.27091572,1.3,4,1,0,1
2019,11,25,8,주,월,강원,차대차,안전운전 의무 불이행,교차로,승용차,화물차,127.7105348,37.82995225,2.0,1,0,0,0
2019,11,25,10,주,월,부산,차대사람,과속,단일로,화물차,보행자,129.2166878,35.24454307,2.7,4,2,1,2
2019,11,25,10,주,월,경북,차대차,중앙선 침범,단일로,화물차,화물차,128.6759033,36.18392179,2.0,0,0,0,0
2019,11,25,11,주,월,대구,차량단독,안전운전 의무 불이행,단일로,화물차,없음,128.4784555,35.76421169,1.0,1,0,0,0
2019,11,25,17,주,월,경기,차대차,중앙선 침범,기타,승용차,승용차,126.6518196,37.66614952,2.3,0,0,1,1
2019,11,25,17,주,월,전북,차대차,안전운전 의무 불이행,기타,화물차,농기계,126.7019656,35.66018207,1.0,0,0,0,0
2019,11,25,22,야,월,경북,차대차,중앙선 침범,단일로,승용차,승용차,129.0429539,36.29107426,1.7,0,0,0,0
2019,11,26,1,야,화,전북,차대차,중앙선 침범,단일로,화물차,화물차,127.5563652,35.45158109,2.4,0,0,0,0
2019,11,26,4,야,화,경북,차대사람,안전운전 의무 불이행,단일로,승용차,보행자,129.3694847,36.03641301,1.0,8,0,0,2
2019,11,26,5,야,화,충남,차대사람,보행자 보호의무 위반,교차로,승용차,보행자,126.8365731,36.69425527,1.0,5,1,1,0
2019,11,26,8,주,화,경기,차대사람,안전운전 의무 불이행,교차로,승합차,보행자,126.9815589,37.28874939,1.0,4,5,0,0
2019,11,26,17,주,화,경기,차대차,안전거리 미확보,단일로,승용차,농기계,126.912675,38.01968642,1.3,0,0,0,0
2019,11,26,18,야,화,강원,차대사람,안전운전 의무 불이행,단일로,화물차,보행자,128.1929177,37.33249281,1.0,0,0,0,0
2019,11,26,18,야,화,강원,차대차,중앙선 침범,단일로,승용차,승용차,129.0333272,37.1502252,1.3,0,0,0,0
2019,11,26,18,야,화,충남,차대사람,안전운전 의무 불이행,기타,화물차,보행자,127.1275913,36.17750617,1.0,2,1,0,0
2019,11,26,22,야,화,부산,차량단독,안전운전 의무 불이행,교차로,승용차,없음,128.9618071,35.12258415,1.0,1,0,0,2
2019,11,26,22,야,화,제주,차대사람,과속,단일로,승용차,보행자,126.5475546,33.51155011,1.0,1,0,0,1
2019,11,27,5,야,수,서울,차대차,안전운전 의무 불이행,단일로,이륜차,화물차,127.0215284,37.48274234,1.0,3,1,1,0
2019,11,27,6,주,수,충남,차대사람,안전운전 의무 불이행,기타,승용차,보행자,126.651082,36.57041413,1.0,1,0,0,2
2019,11,27,10,주,수,경기,차대사람,안전운전 의무 불이행,교차로,승합차,보행자,126.7070489,37.62774987,1.0,4,2,0,3
2019,11,27,17,주,수,경북,차대사람,안전운전 의무 불이행,단일로,승용차,보행자,128.1488079,36.63832707,1.0,0,0,0,0
2019,11,27,18,야,수,부산,차대사람,안전운전 의무 불이행,교차로,승합차,보행자,128.9870998,35.1864085,1.0,7,1,0,6
2019,11,28,3,야,목,대전,차량단독,안전운전 의무 불이행,단일로,이륜차,없음,127.4632384,36.33889017,1.0,2,0,0,0
2019,11,28,6,주,목,경기,차대사람,보행자 보호의무 위반,단일로,승용차,보행자,126.7936748,37.65771056,1.3,6,2,1,2
2019,11,28,6,주,목,경기,차대사람,안전운전 의무 불이행,단일로,승용차,보행자,127.0788642,38.07895501,1.0,0,0,0,0
2019,11,28,12,주,목,경남,차대차,신호위반,교차로,이륜차,화물차,128.2621079,35.31819548,1.0,9,2,0,0
2019,11,28,15,주,목,충남,차량단독,안전운전 의무 불이행,단일로,승용차,없음,126.6132612,36.36471586,1.0,2,0,1,1
2019,11,28,16,주,목,경남,차량단독,안전운전 의무 불이행,단일로,승용차,없음,128.8721986,35.17256362,1.0,0,0,2,1
2019,11,28,17,주,목,경북,차대차,안전운전 의무 불이행,단일로,화물차,이륜차,129.0417847,36.48077005,1.0,0,0,0,0
2019,11,28,17,주,목,경남,차대차,과속,단일로,승용차,농기계,128.1172641,35.54745779,1.0,0,0,0,1
2019,11,28,18,야,목,경남,차대사람,보행자 보호의무 위반,교차로,승용차,보행자,128.070247,35.18796629,1.0,1,1,0,1
2019,11,28,18,야,목,경남,차대차,안전운전 의무 불이행,단일로,이륜차,농기계,128.1175966,35.54765445,1.0,0,0,0,1
2019,11,29,5,야,금,경기,차대사람,신호위반,교차로,화물차,보행자,127.3241694,37.46471288,1.0,1,0,0,0
2019,11,29,10,주,금,전남,차대차,중앙선 침범,단일로,화물차,이륜차,127.1523555,34.47629067,1.7,0,0,0,1
2019,11,29,10,주,금,경기,차대차,중앙선 침범,교차로,화물차,화물차,126.9771574,37.79957022,2.0,0,0,0,0
2019,11,29,11,주,금,충남,차대차,안전운전 의무 불이행,단일로,승용차,이륜차,126.5928996,36.97650131,1.0,0,0,0,0
2019,11,29,13,주,금,경기,차대차,중앙선 침범,단일로,승용차,승용차,127.1286604,37.40805973,2.4,19,3,1,2
2019,11,29,14,주,금,충남,차대차,기타,기타,승용차,승용차,126.6481168,36.86177107,1.7,0,0,1,0
2019,11,29,14,주,금,경북,차량단독,안전운전 의무 불이행,단일로,화물차,없음,128.011499,36.40075494,1.3,0,0,0,0
2019,11,29,16,주,금,충남,차대차,안전운전 의무 불이행,단일로,승용차,농기계,126.7026482,36.87698708,1.0,0,0,0,0
2019,11,29,20,야,금,인천,차대사람,안전운전 의무 불이행,단일로,승용차,보행자,126.6693904,37.59417779,1.0,4,2,0,3
2019,11,29,21,야,금,경기,차대사람,안전운전 의무 불이행,단일로,승용차,보행자,126.9555967,37.368973,1.0,8,0,0,4
2019,11,30,5,야,토,대구,차대사람,안전운전 의무 불이행,단일로,승용차,보행자,128.5417745,35.82018179,1.0,9,9,0,1
2019,11,30,9,주,토,경기,차대차,안전운전 의무 불이행,교차로,자전거,승합차,127.5074419,37.81682773,1.0,0,0,0,0
2019,11,30,16,주,토,경기,차량단독,안전운전 의무 불이행,교차로,화물차,없음,127.1277126,37.13748463,1.0,0,0,0,0
2019,11,30,19,야,토,경북,차대차,안전운전 의무 불이행,단일로,승합차,화물차,128.5666143,36.78035195,3.3,0,0,0,0
2019,11,30,21,야,토,경기,차대사람,안전운전 의무 불이행,단일로,승용차,보행자,127.4819496,37.28694484,1.0,0,0,0,1
2019,11,30,22,야,토,경북,차대사람,안전운전 의무 불이행,단일로,승용차,보행자,128.3414334,36.12434458,1.0,5,0,0,4
2019,11,30,23,야,토,경기,차대사람,안전운전 의무 불이행,단일로,승용차,보행자,127.1449037,37.64796096,1.0,5,1,0,0
2019,12,1,0,야,일,서울,차대차,중앙선 침범,단일로,이륜차,승용차,127.1208883,37.53976062,1.3,7,0,0,3
2019,12,1,0,야,일,경기,차대차,안전운전 의무 불이행,단일로,승용차,화물차,126.8073824,37.36618785,1.0,2,1,0,1
2019,12,1,2,야,일,경남,차량단독,안전운전 의무 불이행,기타,승용차,없음,128.1467375,35.57563289,1.0,1,0,0,0
2019,12,1,5,야,일,서울,차대사람,과속,단일로,승용차,보행자,126.9110268,37.54840059,1.0,9,0,0,4
2019,12,1,18,야,일,부산,차대사람,안전운전 의무 불이행,단일로,화물차,보행자,129.2591759,35.30865578,1.0,0,0,0,0
2019,12,1,19,야,일,광주,차대사람,안전운전 의무 불이행,단일로,화물차,보행자,126.9371315,35.11307708,1.9,0,0,0,0
2019,12,1,20,야,일,대전,차대사람,안전운전 의무 불이행,단일로,승용차,보행자,127.4582335,36.32097484,1.0,18,2,0,1
2019,12,1,21,야,일,경기,차대사람,안전운전 의무 불이행,단일로,승용차,보행자,126.9198229,37.99452218,1.0,2,0,0,0
2019,12,1,22,야,일,강원,차대사람,안전운전 의무 불이행,교차로,화물차,보행자,127.7365075,37.86409873,1.0,4,1,0,5
2019,12,1,22,야,일,충남,차대사람,안전운전 의무 불이행,교차로,승용차,보행자,127.1432705,36.80818154,1.0,15,1,0,2
2019,12,2,11,주,월,경남,차대차,안전거리 미확보,교차로,이륜차,화물차,128.0023689,35.72002377,1.0,2,0,0,0
2019,12,2,14,주,월,강원,차대사람,안전운전 의무 불이행,단일로,승용차,보행자,127.7744839,37.89589551,2.0,0,0,0,0
2019,12,2,17,주,월,경기,차대사람,안전운전 의무 불이행,단일로,화물차,보행자,126.8642048,37.48036722,1.0,6,3,2,2
2019,12,2,17,주,월,충남,차대사람,과속,단일로,승용차,보행자,126.8162904,36.08420153,1.0,2,0,0,0
2019,12,2,17,주,월,광주,차대사람,안전운전 의무 불이행,단일로,승합차,보행자,126.9081919,35.14766584,1.0,1,1,0,5
2019,12,2,22,야,월,경기,차량단독,안전운전 의무 불이행,단일로,승합차,없음,126.7747033,37.48067192,1.0,9,2,0,1
2019,12,3,2,야,화,경기,차량단독,안전운전 의무 불이행,기타,원동기장치자전거,없음,127.1095697,37.3677607,1.0,16,3,2,1
2019,12,3,2,야,화,경기,차대차,안전운전 의무 불이행,단일로,화물차,특수차,126.8485445,37.34806978,2.6,0,0,1,0
2019,12,3,4,야,화,경기,차대사람,보행자 보호의무 위반,단일로,승용차,보행자,127.0907028,36.99527076,1.0,20,2,0,0
2019,12,3,5,야,화,경남,차대사람,안전운전 의무 불이행,단일로,화물차,보행자,128.8482453,35.22215181,1.0,3,0,1,1
2019,12,3,6,주,화,충남,차대사람,보행자 보호의무 위반,교차로,화물차,보행자,126.7115955,36.02977146,1.0,0,0,0,0
2019,12,3,8,주,화,경남,차대차,안전운전 의무 불이행,단일로,승용차,승용차,128.582118,35.24649034,1.0,5,1,0,1
2019,12,3,15,주,화,서울,차대차,중앙선 침범,단일로,승용차,이륜차,127.0588073,37.59441915,1.0,11,6,0,4
2019,12,3,17,주,화,전북,차대사람,신호위반,교차로,화물차,보행자,126.9683911,35.89216901,1.0,2,0,1,0
2019,12,3,20,야,화,경기,차대사람,안전운전 의무 불이행,교차로,승합차,보행자,126.8462979,37.7834143,1.0,5,2,0,4
2019,12,3,21,야,화,서울,차대사람,안전운전 의무 불이행,단일로,승용차,보행자,126.933943,37.48670874,1.0,15,1,0,2
2019,12,3,22,야,화,충북,차대사람,안전운전 의무 불이행,단일로,승용차,보행자,127.4422404,36.77981931,1.0,0,0,0,1
2019,12,3,23,야,화,서울,차대사람,안전운전 의무 불이행,단일로,승용차,보행자,127.0544268,37.55013747,1.0,1,0,0,2
2019,12,4,5,야,수,전북,차대사람,과속,단일로,승용차,보행자,126.864306,35.56522178,1.0,6,1,0,1
2019,12,4,6,주,수,경기,차대사람,신호위반,교차로,화물차,보행자,126.7433544,37.33991729,1.0,4,2,0,2
2019,12,4,7,주,수,충북,차대차,중앙선 침범,단일로,승합차,승용차,127.6649414,36.93669983,9.0,1,0,0,1
2019,12,4,8,주,수,경기,차대차,안전운전 의무 불이행,단일로,특수차,화물차,126.8615205,37.03052361,3.6,0,0,0,0
2019,12,4,10,주,수,경남,차대사람,안전운전 의무 불이행,교차로,화물차,보행자,128.6628391,35.16038227,1.0,2,3,0,0
2019,12,4,11,주,수,경남,차량단독,안전운전 의무 불이행,기타,농기계,없음,128.1482147,35.74493244,1.0,0,0,0,0
2019,12,4,12,주,수,서울,차대차,신호위반,교차로,승합차,원동기장치자전거,126.8200481,37.54846245,1.0,2,2,0,2
2019,12,4,16,주,수,충남,차대차,중앙선 침범,단일로,승용차,승용차,126.7250849,36.93182552,2.4,0,0,0,0
2019,12,4,17,주,수,전북,차대사람,안전운전 의무 불이행,단일로,화물차,보행자,126.867631,35.56169762,1.0,6,3,0,2
2019,12,4,17,주,수,경북,차대사람,안전운전 의무 불이행,교차로,승용차,보행자,128.1209127,36.11974936,1.0,11,3,0,3
2019,12,4,18,야,수,경북,차대차,안전운전 의무 불이행,단일로,화물차,화물차,129.0458581,36.0015832,1.6,1,1,0,0
2019,12,4,19,야,수,경기,차대사람,기타,교차로,승합차,보행자,127.1448274,36.99738314,1.3,14,1,0,1
2019,12,4,20,야,수,경기,차량단독,기타,단일로,승합차,없음,127.1698651,37.46321977,1.0,1,1,2,2
2019,12,4,20,야,수,전남,차대사람,안전운전 의무 불이행,교차로,승합차,보행자,126.7070563,34.96047552,1.0,1,0,0,0
2019,12,4,23,야,수,전남,차대사람,안전운전 의무 불이행,교차로,승용차,보행자,127.4822849,34.97615433,1.0,0,0,0,1
2019,12,5,4,야,목,전남,차대차,중앙선 침범,단일로,승용차,승용차,126.990966,34.91569291,3.8,0,0,0,0
2019,12,5,4,야,목,전남,차대사람,안전운전 의무 불이행,교차로,승합차,보행자,126.4072971,35.01972027,1.0,1,0,0,0
2019,12,5,6,주,목,경기,차대사람,과속,교차로,화물차,보행자,127.2502618,37.34140632,1.0,0,0,0,2
2019,12,5,7,주,목,전남,차대사람,안전운전 의무 불이행,단일로,승용차,보행자,126.3841737,34.79707441,1.0,4,5,1,4
2019,12,5,10,주,목,전남,차량단독,안전운전 의무 불이행,단일로,이륜차,없음,127.1492848,35.09854093,1.0,0,0,0,0
2019,12,5,11,주,목,인천,차대사람,안전운전 의무 불이행,단일로,건설기계,보행자,126.7248044,37.49599523,1.0,5,2,1,4
2019,12,5,11,주,목,경기,차대차,안전운전 의무 불이행,교차로,화물차,화물차,127.2016494,37.69367171,1.3,2,0,1,1
2019,12,5,12,주,목,경기,차대차,안전운전 의무 불이행,단일로,승용차,이륜차,126.9436636,37.2872523,1.7,2,1,0,0
2019,12,5,18,야,목,전북,차대사람,과속,교차로,승용차,보행자,127.5940564,35.7288708,1.0,4,0,0,1
2019,12,5,18,야,목,인천,차량단독,안전운전 의무 불이행,단일로,이륜차,없음,126.6429943,37.38159681,1.0,2,1,0,0
2019,12,5,19,야,목,대전,차대사람,신호위반,교차로,승용차,보행자,127.4217223,36.44652247,1.0,12,3,0,5
2019,12,5,21,야,목,경기,차대사람,안전운전 의무 불이행,단일로,승용차,보행자,126.958142,37.3338219,1.0,0,0,0,0
2019,12,6,0,야,금,경기,차대차,안전운전 의무 불이행,단일로,승용차,화물차,126.9118297,37.02820558,1.0,2,0,0,1
2019,12,6,0,야,금,강원,차량단독,안전운전 의무 불이행,단일로,승용차,없음,127.9103532,37.30572301,1.0,1,1,0,0
2019,12,6,7,주,금,강원,차대사람,안전운전 의무 불이행,교차로,승용차,보행자,127.3044713,38.15377556,1.0,0,0,0,1
2019,12,6,11,주,금,경남,차대차,안전운전 의무 불이행,단일로,이륜차,화물차,127.8996612,35.68568685,1.0,15,0,0,1
2019,12,6,19,야,금,경남,차대차,신호위반,교차로,화물차,화물차,128.7456619,35.47204437,1.0,0,0,0,0
2019,12,7,6,주,토,전남,차대사람,안전운전 의무 불이행,단일로,건설기계,보행자,127.2367602,35.21192618,1.0,3,0,0,0
2019,12,7,8,주,토,경북,차대차,안전운전 의무 불이행,교차로,건설기계,자전거,128.6984061,36.34968177,1.0,5,2,0,0
2019,12,7,11,주,토,전남,차대사람,안전운전 의무 불이행,교차로,이륜차,보행자,126.7456296,35.06946806,1.3,0,0,0,0
2019,12,7,14,주,토,경남,차대차,안전운전 의무 불이행,단일로,화물차,이륜차,127.9222534,35.68411302,1.0,7,0,0,4
2019,12,7,18,야,토,서울,차대차,신호위반,교차로,승용차,이륜차,127.0706354,37.64528944,1.0,7,7,0,1
2019,12,7,18,야,토,충북,차대사람,안전운전 의무 불이행,단일로,승합차,보행자,127.6189571,36.77095741,1.0,0,0,0,0
2019,12,7,22,야,토,전북,차량단독,안전운전 의무 불이행,단일로,화물차,없음,126.5551387,35.33082703,1.0,0,0,0,0
2019,12,7,22,야,토,경남,차대사람,안전운전 의무 불이행,단일로,승용차,보행자,128.1015937,34.93072574,1.0,0,0,0,0
2019,12,8,0,야,일,충남,차량단독,안전운전 의무 불이행,단일로,화물차,없음,126.6380119,36.58697063,1.0,0,0,0,1
2019,12,8,3,야,일,서울,차량단독,안전운전 의무 불이행,단일로,이륜차,없음,126.9405643,37.59507164,1.0,1,1,0,5
2019,12,8,3,야,일,경기,차대차,안전운전 의무 불이행,단일로,승용차,화물차,127.2132748,37.26471301,1.3,2,0,0,2
2019,12,8,9,주,일,경남,차대사람,안전운전 의무 불이행,단일로,승합차,보행자,128.6049349,35.2917813,1.7,0,0,1,0
2019,12,8,11,주,일,충남,차량단독,안전운전 의무 불이행,단일로,승용차,없음,126.8607045,36.68246078,1.0,0,0,0,1
2019,12,8,12,주,일,충남,차대사람,안전운전 의무 불이행,교차로,승용차,보행자,127.0193179,36.77865485,1.0,23,3,0,1
2019,12,8,13,주,일,충남,차량단독,안전운전 의무 불이행,교차로,농기계,없음,126.6727888,36.52925173,1.0,0,0,0,0
2019,12,8,15,주,일,부산,차대차,안전운전 의무 불이행,교차로,승용차,화물차,128.9906833,35.19680511,4.3,3,1,1,4
2019,12,8,15,주,일,충남,차량단독,안전운전 의무 불이행,단일로,화물차,없음,126.596081,36.92216999,1.0,1,0,0,1
2019,12,8,15,주,일,경북,차량단독,안전운전 의무 불이행,단일로,농기계,없음,128.8348508,36.04231457,1.0,0,0,0,1
2019,12,8,18,야,일,경북,차대차,신호위반,교차로,이륜차,승용차,129.1977746,35.84986483,1.0,1,0,0,1
2019,12,8,18,야,일,경남,차대사람,안전운전 의무 불이행,단일로,승용차,보행자,128.6870761,35.4918662,1.0,0,0,0,0
2019,12,9,3,야,월,서울,차대차,신호위반,단일로,화물차,이륜차,126.9399942,37.54868575,1.0,11,3,0,3
2019,12,9,12,주,월,충남,차대차,중앙선 침범,단일로,이륜차,승합차,126.9538921,36.79322862,1.3,2,0,0,0
2019,12,9,17,주,월,경북,차대차,안전운전 의무 불이행,단일로,화물차,농기계,128.3098861,36.25729549,1.0,0,0,0,0
2019,12,9,20,야,월,대전,차대사람,안전운전 의무 불이행,교차로,승용차,보행자,127.4639879,36.28408533,1.0,2,0,0,1
2019,12,9,21,야,월,대구,차대차,안전운전 의무 불이행,교차로,승용차,승용차,128.6452716,35.87686788,1.0,2,2,0,2
2019,12,9,23,야,월,경남,차대사람,과속,교차로,승용차,보행자,129.0168806,35.28065329,1.0,2,0,0,0
2019,12,10,0,야,화,경북,차량단독,안전운전 의무 불이행,단일로,승용차,없음,128.6218848,36.59012623,1.0,0,0,0,0
2019,12,10,2,야,화,충남,차대차,교차로 통행방법 위반,교차로,화물차,승용차,126.3763299,36.98818795,1.0,2,0,0,0
2019,12,10,5,야,화,대구,차대차,안전운전 의무 불이행,단일로,화물차,화물차,128.5783948,35.9036953,1.7,2,0,0,2
2019,12,10,7,주,화,서울,차대사람,안전운전 의무 불이행,교차로,화물차,보행자,127.0621167,37.61152096,1.0,8,2,0,4
2019,12,10,12,주,화,경북,차대차,중앙선 침범,단일로,특수차,화물차,128.7130295,36.55762861,1.7,2,1,0,1
2019,12,10,13,주,화,경남,차대사람,과속,단일로,화물차,보행자,128.7628511,35.11427142,1.0,0,0,0,1
2019,12,10,14,주,화,충남,차대차,기타,교차로,승용차,이륜차,126.8625274,36.67857618,1.7,0,0,0,1
2019,12,10,14,주,화,대전,차대차,안전운전 의무 불이행,단일로,승용차,승용차,127.4789152,36.34539409,1.3,0,0,0,2
2019,12,10,15,주,화,경기,차대차,안전운전 의무 불이행,교차로,개인형이동수단(PM),승용차,127.0455936,37.2748715,1.0,4,3,0,1
2019,12,10,16,주,화,강원,차대차,중앙선 침범,단일로,승용차,화물차,127.9874786,37.39616344,1.0,0,0,0,0
2019,12,10,16,주,화,전남,차대사람,중앙선 침범,단일로,승합차,보행자,127.3505844,34.84610439,1.0,2,1,0,1
2019,12,10,17,주,화,경기,차대차,안전운전 의무 불이행,교차로,승용차,승용차,126.7633106,37.5051812,1.3,5,3,2,1
2019,12,10,17,주,화,강원,차대사람,안전운전 의무 불이행,단일로,화물차,보행자,129.2113099,37.38666738,1.0,0,0,0,0
2019,12,10,17,주,화,전북,차대사람,안전운전 의무 불이행,단일로,이륜차,보행자,126.9684811,36.07722867,1.0,3,1,0,3
2019,12,10,18,야,화,경기,차대차,중앙선 침범,단일로,화물차,화물차,126.7234569,37.21642572,1.7,0,0,0,0
2019,12,10,19,야,화,대구,차대사람,안전운전 의무 불이행,단일로,승용차,보행자,128.54827,35.85365474,1.0,8,1,0,1
2019,12,10,20,야,화,경북,차대차,안전운전 의무 불이행,단일로,화물차,화물차,128.8909594,36.65036213,1.0,0,0,0,0
2019,12,10,21,야,화,부산,차대사람,안전운전 의무 불이행,교차로,화물차,보행자,128.8481343,35.10166753,1.0,1,0,0,0
2019,12,11,4,야,수,전남,차대차,안전운전 의무 불이행,단일로,화물차,승용차,126.7591982,34.99397007,1.7,0,0,1,0
2019,12,11,10,주,수,충남,차량단독,안전운전 의무 불이행,단일로,사륜오토바이(ATV),없음,126.7370693,36.62620212,1.0,0,0,0,1
2019,12,11,15,주,수,경북,차대사람,안전운전 의무 불이행,단일로,화물차,보행자,129.0883051,36.59033033,1.0,0,0,0,0
2019,12,11,16,주,수,경기,차대사람,안전운전 의무 불이행,단일로,승용차,보행자,126.9157051,37.40276437,1.0,5,4,0,2
2019,12,11,17,주,수,전북,차대차,안전운전 의무 불이행,단일로,승용차,이륜차,126.8063426,35.5408176,1.0,0,0,1,0
2019,12,11,18,야,수,전남,차대사람,안전운전 의무 불이행,단일로,승용차,보행자,127.4455941,34.92255685,1.0,0,0,0,0
2019,12,11,23,야,수,충남,차량단독,안전운전 의무 불이행,교차로,화물차,없음,126.5854026,36.98708948,1.6,1,1,0,0
2019,12,12,3,야,목,대구,차대차,과속,교차로,승용차,승용차,128.5566811,35.85742174,2.0,10,3,0,4
2019,12,12,4,야,목,서울,차량단독,안전운전 의무 불이행,단일로,화물차,없음,127.0011882,37.52237022,1.0,0,2,0,3
2019,12,12,7,주,목,서울,차대사람,과속,단일로,승용차,보행자,126.8310143,37.50640427,1.0,1,1,0,0
2019,12,12,9,주,목,경북,차대사람,안전운전 의무 불이행,단일로,승합차,보행자,128.7388133,36.06237657,1.0,0,0,0,0
2019,12,12,11,주,목,경기,차대차,신호위반,교차로,이륜차,승용차,126.8250838,37.20140923,1.0,17,1,0,1
2019,12,12,12,주,목,경북,차대차,안전운전 의무 불이행,교차로,화물차,화물차,128.1739364,36.47288995,1.3,1,0,0,0
2019,12,12,12,주,목,경북,차대사람,안전운전 의무 불이행,단일로,특수차,보행자,128.4322419,36.09311903,1.0,12,3,0,1
2019,12,12,13,주,목,전남,차량단독,안전운전 의무 불이행,단일로,사륜오토바이(ATV),없음,126.5042911,34.93633156,1.0,0,0,2,1
2019,12,12,14,주,목,충북,차대사람,안전운전 의무 불이행,교차로,승용차,보행자,127.4986579,36.62485848,1.0,3,4,0,5
2019,12,12,14,주,목,전남,차대차,안전운전 의무 불이행,단일로,화물차,특수차,127.5884644,34.9034259,1.3,0,0,0,0
2019,12,12,17,주,목,경기,차대차,안전운전 의무 불이행,단일로,승용차,승합차,127.204162,37.72645045,4.5,4,2,0,0
2019,12,12,18,야,목,충북,차대사람,보행자 보호의무 위반,교차로,승합차,보행자,127.4828027,36.65657193,1.0,2,3,0,0
2019,12,12,18,야,목,충남,차대사람,안전운전 의무 불이행,단일로,화물차,보행자,126.5440469,36.52706327,1.0,2,2,0,0
2019,12,12,18,야,목,대구,차대차,안전운전 의무 불이행,단일로,화물차,화물차,128.4263313,35.76805049,2.0,0,0,0,1
2019,12,12,18,야,목,경남,차대사람,안전운전 의무 불이행,교차로,화물차,보행자,128.0636133,35.10203755,1.0,0,0,0,0
2019,12,12,20,야,목,경남,차대사람,안전운전 의무 불이행,단일로,승용차,보행자,128.5262191,35.15321311,1.0,0,0,0,0
2019,12,12,21,야,목,서울,차대사람,안전운전 의무 불이행,단일로,화물차,보행자,127.0877159,37.46275441,1.0,2,0,1,0
2019,12,13,3,야,금,경기,차량단독,안전운전 의무 불이행,단일로,이륜차,없음,126.7892945,37.39331985,1.0,0,0,1,0
2019,12,13,5,야,금,충북,차대차,안전거리 미확보,단일로,화물차,화물차,127.3343312,36.71966859,1.0,1,0,0,1
2019,12,13,6,주,금,전남,차대차,안전운전 의무 불이행,기타,승용차,농기계,126.2676455,34.47208696,1.0,1,0,0,1
2019,12,13,10,주,금,경남,차량단독,안전운전 의무 불이행,단일로,사륜오토바이(ATV),없음,128.0741628,35.01976926,1.0,0,0,0,0
2019,12,13,15,주,금,경북,차대차,안전운전 의무 불이행,교차로,화물차,이륜차,128.1900741,35.91612968,2.0,0,0,0,0
2019,12,13,17,주,금,강원,차대사람,안전운전 의무 불이행,단일로,화물차,보행자,127.7606732,37.83438467,1.0,4,0,2,2
2019,12,13,17,주,금,경북,차대차,신호위반,교차로,이륜차,승용차,129.3385395,36.02534413,1.3,6,1,0,0
2019,12,13,22,야,금,울산,차대사람,과속,단일로,승용차,보행자,129.3522327,35.61808286,1.0,2,1,0,0
2019,12,14,4,야,토,경북,차대차,중앙선 침범,단일로,승용차,화물차,129.2437993,35.93751441,1.7,1,0,0,0
2019,12,14,4,야,토,경북,차대차,안전운전 의무 불이행,단일로,승용차,승용차,128.4455826,36.25876085,18.7,0,0,0,0
2019,12,14,4,야,토,경북,차대차,안전운전 의무 불이행,단일로,화물차,특수차,128.5175921,36.22791505,10.2,0,0,0,0
2019,12,14,8,주,토,경남,차대차,중앙선 침범,단일로,승용차,화물차,128.3930226,35.31336822,1.6,0,0,0,0
2019,12,14,9,주,토,경북,차량단독,안전운전 의무 불이행,단일로,화물차,없음,128.6452661,36.47999776,1.0,0,0,0,1
2019,12,14,11,주,토,서울,차량단독,안전운전 의무 불이행,단일로,이륜차,없음,127.0432857,37.55591763,1.0,1,1,0,4
2019,12,14,11,주,토,경기,차대사람,안전운전 의무 불이행,단일로,이륜차,보행자,126.7659312,37.48827921,1.0,3,4,0,1
2019,12,14,11,주,토,대구,차대사람,기타,단일로,화물차,보행자,128.5259739,35.84651744,1.0,9,3,0,2
2019,12,14,12,주,토,서울,차량단독,안전운전 의무 불이행,단일로,사륜오토바이(ATV),없음,127.0414257,37.6136777,1.0,2,3,0,0
2019,12,14,17,주,토,전남,차대사람,안전운전 의무 불이행,단일로,승용차,보행자,126.4031607,34.79874387,2.0,4,5,0,5
2019,12,14,18,야,토,경기,차대사람,안전운전 의무 불이행,단일로,승합차,보행자,127.0885888,37.73392728,1.0,10,3,1,1
2019,12,14,19,야,토,경기,차대사람,안전운전 의무 불이행,단일로,승용차,보행자,126.7800838,37.48336381,1.0,6,1,1,5
2019,12,14,22,야,토,인천,차량단독,안전운전 의무 불이행,교차로,화물차,없음,126.4036171,37.78217249,1.0,1,0,1,0