발생년,발생월,발생일,발생시,주야,요일,발생지시도,사고유형_대분류,가해자법규위반,도로형태_대분류,가해자_당사자종별,피해자_당사자종별,경도,위도,사상자수,반경500m카메라수,반경500m학교수,반경500m전광판수,반경500m사고건수
2020,3,27,13,주,금,경남,차량단독,안전운전 의무 불이행,단일로,승용차,없음,128.1435256,35.44291826,2.4,2,1,0,0
2020,3,27,20,야,금,충남,차대사람,안전운전 의무 불이행,단일로,승용차,보행자,126.6529625,36.07084321,1.0,0,0,0,0
2020,3,27,22,야,금,경남,차대차,신호위반,교차로,이륜차,승용차,128.9164062,35.23893688,1.3,2,1,0,3
2020,3,27,23,야,금,부산,차대사람,보행자 보호의무 위반,단일로,승합차,보행자,129.0220884,35.08528491,1.0,7,3,0,1
2020,3,28,8,주,토,경기,차대사람,안전운전 의무 불이행,단일로,건설기계,보행자,126.9826481,37.0267236,1.0,0,0,1,2
2020,3,28,12,주,토,경기,차대차,안전운전 의무 불이행,단일로,승용차,승용차,127.1039952,37.26084732,2.5,3,1,2,2
2020,3,28,13,주,토,충남,차대차,중앙선 침범,교차로,승용차,승용차,127.132702,36.8074913,1.3,10,4,0,3
2020,3,28,15,주,토,서울,차대차,신호위반,교차로,이륜차,승용차,127.0438922,37.51025737,1.0,8,2,0,1
2020,3,28,17,주,토,충북,차량단독,안전운전 의무 불이행,단일로,농기계,없음,127.4622777,36.52833715,1.0,0,0,0,0
2020,3,28,18,야,토,경기,차량단독,안전운전 의무 불이행,단일로,승용차,없음,127.2158661,37.27442732,1.0,4,1,1,1
2020,3,28,20,야,토,충남,차대차,기타,단일로,화물차,화물차,126.6644234,36.69808452,2.4,2,0,0,2
2020,3,28,23,야,토,경기,차대차,기타,교차로,자전거,화물차,126.8265438,37.29698271,1.0,3,1,1,1
2020,3,29,0,야,일,대전,차대차,신호위반,교차로,승용차,승용차,127.435847,36.34055548,1.6,9,1,0,3
2020,3,29,3,야,일,서울,차량단독,안전운전 의무 불이행,단일로,승용차,없음,126.982276,37.56357069,1.0,2,0,0,2
2020,3,29,10,주,일,경기,차대차,신호위반,교차로,이륜차,화물차,127.2147311,37.53556288,1.3,2,1,0,0
2020,3,29,10,주,일,전남,차대사람,안전운전 의무 불이행,교차로,승용차,보행자,127.7065604,35.0870758,1.0,0,1,0,0
2020,3,29,12,주,일,경기,차대차,안전거리 미확보,단일로,승용차,이륜차,126.9462366,37.93047799,1.0,0,0,0,0
2020,3,29,13,주,일,경기,차대차,신호위반,교차로,이륜차,승용차,127.1027158,37.33324193,1.3,2,3,2,4
2020,3,29,16,주,일,전남,차대차,안전운전 의무 불이행,단일로,승용차,이륜차,127.1859035,34.91063599,1.0,0,0,0,0
2020,3,29,16,주,일,경북,차대차,중앙선 침범,단일로,이륜차,승용차,128.9388913,35.75202942,1.6,0,0,0,0
2020,3,29,20,야,일,전북,차대사람,안전운전 의무 불이행,단일로,승용차,보행자,126.9381267,35.94342746,1.0,10,2,0,4
2020,3,29,20,야,일,경남,차대차,안전운전 의무 불이행,단일로,승용차,승용차,128.9296088,35.30798013,1.0,3,1,0,1
2020,3,29,21,야,일,서울,차대차,안전운전 의무 불이행,교차로,승용차,이륜차,126.9699158,37.54919793,1.0,0,0,0,1
2020,3,30,2,야,월,대구,차대차,과속,단일로,승용차,화물차,128.5775088,35.94622062,1.7,5,1,0,2
2020,3,30,9,주,월,전남,차대차,안전운전 의무 불이행,교차로,화물차,건설기계,126.4809303,35.36990561,2.3,0,0,0,0
2020,3,30,10,주,월,경기,차대사람,안전운전 의무 불이행,단일로,승용차,보행자,127.6414336,37.26138184,1.0,4,0,0,0
2020,3,30,12,주,월,전북,차대차,안전운전 의무 불이행,단일로,승용차,화물차,126.6343414,35.97022236,1.3,0,0,1,0
2020,3,30,13,주,월,강원,차량단독,안전운전 의무 불이행,단일로,승용차,없음,128.3106445,37.18034812,1.0,1,0,0,0
2020,3,30,19,야,월,경기,차대차,중앙선 침범,단일로,승용차,이륜차,127.4923999,37.25098004,1.0,10,1,1,1
2020,3,30,19,야,월,전북,차대사람,안전운전 의무 불이행,교차로,승용차,보행자,127.1586584,35.80737865,1.0,0,0,0,0
2020,3,30,22,야,월,경기,차대사람,과속,단일로,승용차,보행자,126.8241506,37.20244051,1.0,18,1,0,1
2020,3,31,1,야,화,제주,차대차,신호위반,단일로,승용차,이륜차,126.5309774,33.50165652,1.0,0,1,2,6
2020,3,31,4,야,화,서울,차대차,신호위반,교차로,승용차,자전거,126.9077341,37.48377343,1.0,21,1,0,6
2020,3,31,4,야,화,충남,차대차,안전운전 의무 불이행,단일로,화물차,화물차,127.1761579,36.84292888,1.3,4,0,2,1
2020,3,31,9,주,화,전남,차대차,중앙선 침범,교차로,이륜차,건설기계,126.9832185,35.20754775,1.0,0,0,0,0
2020,3,31,12,주,화,서울,차대차,안전운전 의무 불이행,단일로,승용차,개인형이동수단(PM),127.0168727,37.56981946,1.0,9,2,0,5
2020,3,31,20,야,화,충남,차대사람,안전운전 의무 불이행,단일로,승용차,보행자,127.4864687,36.16490369,1.0,1,0,1,0
2020,3,31,23,야,화,경남,차대사람,과속,단일로,승용차,보행자,128.7048877,35.20262838,1.0,5,4,1,0
2020,4,1,4,야,수,부산,차대사람,과속,단일로,승용차,보행자,129.0336617,35.15407303,1.0,3,1,0,2
2020,4,1,6,주,수,부산,차대차,안전거리 미확보,단일로,자전거,화물차,129.024178,35.09112461,1.0,5,1,0,3
2020,4,1,6,주,수,충남,차량단독,안전운전 의무 불이행,단일로,이륜차,없음,127.081718,36.4407037,1.0,0,0,0,1
2020,4,1,9,주,수,경기,차량단독,안전운전 의무 불이행,교차로,승용차,없음,127.1834976,37.53939519,1.0,0,0,0,0
2020,4,1,10,주,수,울산,차량단독,기타,단일로,승용차,없음,129.2792863,35.37913299,1.0,0,0,0,0
2020,4,1,13,주,수,경기,차량단독,안전운전 의무 불이행,교차로,이륜차,없음,126.8833584,37.87024738,1.0,0,0,0,0
2020,4,1,16,주,수,충북,차량단독,안전운전 의무 불이행,교차로,농기계,없음,127.6630534,36.88328218,1.0,0,0,0,0
2020,4,1,23,야,수,충북,차대사람,안전운전 의무 불이행,교차로,승용차,보행자,127.4779991,36.63000402,1.0,2,2,0,3
2020,4,2,5,야,목,서울,차대차,안전운전 의무 불이행,단일로,승용차,자전거,127.1063163,37.53188917,1.0,2,0,0,1
2020,4,2,7,주,목,대구,차량단독,기타,단일로,승용차,없음,128.4886377,35.77356802,1.0,0,0,0,0
2020,4,2,14,주,목,전남,차량단독,안전운전 의무 불이행,단일로,이륜차,없음,126.4924919,35.22500774,1.0,0,0,0,0
2020,4,2,14,주,목,경북,차대차,안전운전 의무 불이행,단일로,화물차,건설기계,128.5511321,35.97298723,2.3,1,0,1,0
2020,4,2,16,주,목,전북,차량단독,안전운전 의무 불이행,단일로,화물차,없음,127.1030853,36.01785803,1.0,0,0,1,1
2020,4,2,19,야,목,충북,차대차,과속,단일로,승용차,농기계,127.8694955,37.07035546,1.7,0,0,1,0
2020,4,2,21,야,목,경남,차대사람,안전운전 의무 불이행,단일로,승용차,보행자,129.1227975,35.33416655,1.0,1,0,0,0
2020,4,3,9,주,금,경기,차대차,안전운전 의무 불이행,단일로,화물차,화물차,127.0013876,37.42939564,1.6,7,1,3,2
2020,4,3,10,주,금,부산,차대차,안전운전 의무 불이행,단일로,화물차,화물차,128.969225,35.14577436,1.0,0,0,1,1
2020,4,3,11,주,금,제주,차량단독,안전운전 의무 불이행,단일로,승용차,없음,126.5198847,33.51291893,1.0,1,3,0,2
2020,4,3,19,야,금,충남,차대사람,안전운전 의무 불이행,교차로,승용차,보행자,126.9891832,36.6688198,1.0,0,0,0,0
2020,4,4,3,야,토,경남,차대사람,안전운전 의무 불이행,단일로,승용차,보행자,128.8794963,35.23334946,1.0,3,1,0,0
2020,4,4,4,야,토,인천,차량단독,안전운전 의무 불이행,교차로,승용차,없음,126.6559075,37.35717268,1.0,0,0,0,0
2020,4,4,12,주,토,충남,차대사람,기타,단일로,승용차,보행자,126.6639599,36.61261313,1.0,1,0,0,0
2020,4,4,14,주,토,충북,차량단독,안전운전 의무 불이행,교차로,화물차,없음,127.7309557,36.48612691,1.0,1,1,0,1
2020,4,4,15,주,토,전남,차대사람,안전운전 의무 불이행,단일로,화물차,보행자,127.005821,34.35657464,1.0,0,0,0,0
2020,4,4,16,주,토,경기,차량단독,안전운전 의무 불이행,단일로,이륜차,없음,127.3481198,37.53744123,1.0,1,0,0,0
2020,4,4,20,야,토,서울,차대차,기타,기타,승용차,이륜차,127.0487324,37.52158529,1.0,30,2,0,2
2020,4,5,0,야,일,경기,차대차,과속,교차로,승용차,자전거,127.1048696,37.3638331,1.0,10,1,3,2
2020,4,5,2,야,일,경북,차대차,과속,단일로,승용차,승용차,128.6759881,36.57457747,1.0,1,0,0,3
2020,4,5,5,야,일,강원,차대사람,안전운전 의무 불이행,단일로,승용차,보행자,127.3243966,38.18122166,1.0,3,0,0,0
2020,4,5,11,주,일,충북,차대차,안전운전 의무 불이행,단일로,이륜차,이륜차,127.9942336,37.12331038,1.7,0,0,0,2
2020,4,5,11,주,일,전북,차량단독,안전운전 의무 불이행,단일로,원동기장치자전거,없음,126.9370526,35.92588829,1.0,1,0,0,1
2020,4,5,13,주,일,경기,차대사람,안전운전 의무 불이행,단일로,승용차,보행자,127.2291256,37.21921144,1.0,0,0,0,1
2020,4,5,15,주,일,서울,차대차,기타,교차로,화물차,승합차,126.8298199,37.55871521,3.3,0,0,0,4
2020,4,5,15,주,일,대구,차대사람,안전운전 의무 불이행,단일로,승용차,보행자,128.6988597,35.96614777,1.0,0,0,0,0
2020,4,5,19,야,일,강원,차대차,안전운전 의무 불이행,교차로,승합차,이륜차,128.5849957,38.18751719,1.0,3,1,0,2
2020,4,5,20,야,일,경기,차대차,안전운전 의무 불이행,교차로,이륜차,화물차,126.7790494,37.86128183,1.0,1,5,1,0
2020,4,6,5,야,월,경기,차대사람,보행자 보호의무 위반,교차로,승용차,보행자,126.974942,37.34961773,1.0,2,2,0,2
2020,4,6,7,주,월,울산,차대차,안전운전 의무 불이행,단일로,화물차,특수차,129.2671433,35.41388541,1.7,3,0,0,1
2020,4,6,9,주,월,경북,차대차,중앙선 침범,단일로,화물차,이륜차,128.8739654,36.86384099,1.0,0,0,0,1
2020,4,6,16,주,월,대전,차대사람,안전운전 의무 불이행,단일로,이륜차,보행자,127.3961283,36.32626513,1.0,16,3,0,3
2020,4,7,1,야,화,충남,차대사람,안전운전 의무 불이행,단일로,승용차,보행자,126.5989494,36.88352059,1.0,0,0,0,1
2020,4,7,2,야,화,경기,차대사람,안전운전 의무 불이행,단일로,특수차,보행자,127.3267355,37.18977409,1.0,2,0,0,0
2020,4,7,4,야,화,서울,차대사람,안전운전 의무 불이행,교차로,화물차,보행자,126.9252239,37.48984933,1.0,21,1,0,8
2020,4,7,5,야,화,서울,차대사람,안전운전 의무 불이행,단일로,승용차,보행자,127.0833416,37.5452874,1.0,6,5,3,2
2020,4,7,7,주,화,강원,차량단독,안전운전 의무 불이행,단일로,화물차,없음,127.5284142,38.18539169,1.0,0,0,1,0
2020,4,7,11,주,화,경북,차대차,안전운전 의무 불이행,단일로,화물차,승용차,129.373924,36.90544582,1.0,0,0,0,1
2020,4,7,16,주,화,경북,차대차,중앙선 침범,단일로,승용차,화물차,128.7743557,35.86574986,1.3,1,1,0,0
2020,4,7,22,야,화,경기,차대사람,안전운전 의무 불이행,교차로,화물차,보행자,126.8467576,37.37837307,1.0,4,1,2,1
2020,4,8,0,야,수,울산,차대차,중앙선 침범,단일로,승용차,승용차,129.3713578,35.56037071,1.7,2,1,0,3
2020,4,8,1,야,수,대전,차량단독,안전운전 의무 불이행,교차로,화물차,없음,127.4422077,36.34356086,1.0,12,1,0,2
2020,4,8,6,주,수,대전,차대차,안전거리 미확보,단일로,자전거,승합차,127.3568471,36.30606598,1.0,4,0,0,1
2020,4,8,11,주,수,충남,차량단독,안전운전 의무 불이행,단일로,사륜오토바이(ATV),없음,126.433146,36.86547141,1.0,4,1,0,2
2020,4,8,12,주,수,경남,차대차,안전운전 의무 불이행,단일로,승합차,원동기장치자전거,127.8729586,35.69239955,1.0,0,0,0,1
2020,4,8,14,주,수,제주,차대차,신호위반,교차로,이륜차,화물차,126.9121547,33.45029077,1.0,3,1,0,1
2020,4,8,19,야,수,충북,차대사람,신호위반,교차로,승합차,보행자,127.4852285,36.66804828,1.0,6,2,0,3
2020,4,8,19,야,수,경북,차대사람,보행자 보호의무 위반,교차로,승용차,보행자,128.6096176,36.80944421,1.0,4,1,0,3
2020,4,8,20,야,수,경남,차대차,안전운전 의무 불이행,교차로,승용차,기타,129.1646899,35.40526201,1.0,0,0,0,4
2020,4,9,12,주,목,경기,차대차,신호위반,교차로,화물차,화물차,126.7231343,37.33345862,2.2,0,0,0,0
2020,4,9,13,주,목,경기,차대차,안전운전 의무 불이행,단일로,화물차,자전거,127.3652078,37.35054392,1.0,0,0,0,0
2020,4,9,14,주,목,경기,차대사람,과속,단일로,이륜차,보행자,126.9195649,37.00751084,2.4,0,0,0,0
2020,4,9,14,주,목,전북,차량단독,안전운전 의무 불이행,단일로,이륜차,없음,126.880125,35.55843544,1.0,0,2,0,1
2020,4,9,15,주,목,대구,차대차,기타,단일로,화물차,승용차,128.6508335,35.91597816,1.6,0,0,0,2
2020,4,9,19,야,목,경기,차대사람,과속,교차로,승용차,보행자,127.2492964,37.47199602,1.7,0,0,1,1
2020,4,9,23,야,목,대구,차대차,중앙선 침범,단일로,승용차,승용차,128.5389791,35.92323705,1.7,0,0,0,0
2020,4,10,5,야,금,경기,차대차,안전운전 의무 불이행,단일로,화물차,특수차,127.1035252,37.27155343,1.0,6,1,2,2
2020,4,10,11,주,금,서울,차대사람,안전운전 의무 불이행,단일로,건설기계,보행자,126.9597206,37.53723047,1.0,5,2,0,2
2020,4,10,11,주,금,경기,차대사람,안전운전 의무 불이행,기타,화물차,보행자,126.7787302,37.65090525,1.0,26,3,2,2
2020,4,10,18,야,금,충남,차량단독,안전운전 의무 불이행,단일로,승용차,없음,126.9150628,36.76116826,1.0,2,0,0,0
2020,4,10,20,야,금,경기,차대차,과속,단일로,승용차,승용차,127.6521986,37.28123265,1.0,0,0,1,0
2020,4,10,20,야,금,경북,차량단독,안전운전 의무 불이행,교차로,화물차,없음,128.2390041,35.90864385,1.0,0,0,0,1
2020,4,10,21,야,금,충북,차대사람,안전운전 의무 불이행,단일로,화물차,보행자,127.4488379,36.85224649,1.0,2,1,0,1
2020,4,10,23,야,금,울산,차량단독,안전운전 의무 불이행,교차로,승용차,없음,129.315494,35.56500247,1.0,1,0,0,1
2020,4,11,16,주,토,대구,차대차,안전운전 의무 불이행,단일로,승합차,자전거,128.6470834,35.89035588,1.0,2,2,0,2
2020,4,11,17,주,토,경북,차대차,중앙선 침범,교차로,사륜오토바이(ATV),승용차,129.4971286,35.88850307,1.6,0,0,0,0
2020,4,11,23,야,토,경남,차대사람,안전운전 의무 불이행,교차로,화물차,보행자,128.607726,34.92513655,1.0,0,0,0,1
2020,4,12,0,야,일,부산,차대차,과속,교차로,승용차,개인형이동수단(PM),129.1602703,35.16437702,1.0,20,1,0,5
2020,4,12,0,야,일,경남,차대사람,과속,교차로,승용차,보행자,128.5737733,35.19959734,1.0,7,0,0,5
2020,4,12,5,야,일,충남,차량단독,안전운전 의무 불이행,교차로,승용차,없음,126.4382661,36.93320449,1.0,3,2,0,1
2020,4,12,5,야,일,제주,차대사람,안전운전 의무 불이행,단일로,화물차,보행자,126.5827861,33.25648779,1.0,0,1,1,0
2020,4,12,5,야,일,광주,차대사람,안전운전 의무 불이행,단일로,승용차,보행자,126.8959189,35.17074209,1.0,3,1,0,3
2020,4,12,7,주,일,전북,차량단독,과속,교차로,승용차,없음,126.880002,35.54919025,2.0,0,0,0,1
2020,4,12,11,주,일,인천,차량단독,안전운전 의무 불이행,단일로,승용차,없음,126.6343068,37.47102865,1.0,12,3,0,2
2020,4,12,17,주,일,경북,차대차,안전거리 미확보,단일로,이륜차,승용차,128.3547294,36.08023416,1.3,0,0,0,2
2020,4,12,21,야,일,전남,차대사람,안전운전 의무 불이행,단일로,승용차,보행자,127.6872654,34.9243608,1.0,0,0,0,0
2020,4,12,22,야,일,경북,차대차,안전운전 의무 불이행,단일로,승용차,승용차,128.3486234,36.14707586,1.9,0,0,0,1
2020,4,13,9,주,월,전북,차대차,신호위반,교차로,승용차,화물차,127.3465154,35.79396411,2.0,0,0,0,0
2020,4,13,11,주,월,대구,차대사람,안전운전 의무 불이행,교차로,화물차,보행자,128.5305923,35.85770246,1.0,9,5,0,1
2020,4,13,12,주,월,전남,차량단독,안전운전 의무 불이행,교차로,농기계,없음,126.183169,34.48144062,1.0,0,0,0,0
2020,4,13,20,야,월,경기,차대차,안전운전 의무 불이행,단일로,화물차,화물차,127.2188547,37.57681879,1.0,5,2,1,2
2020,4,14,0,야,화,부산,차대사람,안전운전 의무 불이행,교차로,승용차,보행자,129.0850688,35.20144855,1.0,5,2,0,3
2020,4,14,1,야,화,서울,차대차,신호위반,교차로,승용차,이륜차,126.8412898,37.49482017,1.0,10,1,0,2
2020,4,14,9,주,화,제주,차대사람,보행자 보호의무 위반,교차로,승용차,보행자,126.5681753,33.25697625,1.0,1,2,0,2
2020,4,14,11,주,화,충남,차대사람,안전운전 의무 불이행,교차로,승용차,보행자,126.283094,36.75872651,1.0,0,0,0,0
2020,4,14,17,주,화,충북,차대차,과속,단일로,승용차,승합차,127.4963653,36.6208107,3.3999999999999995,3,1,0,4
2020,4,14,17,주,화,경북,차대차,안전운전 의무 불이행,교차로,이륜차,화물차,129.3175816,35.68946863,1.0,0,0,0,0
2020,4,15,10,주,수,전남,차대차,교차로 통행방법 위반,교차로,승용차,이륜차,126.5222117,34.37265879,1.0,4,1,0,0
2020,4,15,10,주,수,전남,차대차,신호위반,교차로,승용차,이륜차,127.1349577,35.16938089,1.0,3,2,0,0
2020,4,15,15,주,수,충남,차대차,신호위반,교차로,승용차,원동기장치자전거,126.9274479,36.76955804,1.0,0,0,1,0
2020,4,15,16,주,수,경기,차대차,신호위반,교차로,승합차,건설기계,126.882291,37.59140102,1.0,2,0,0,1
2020,4,15,18,야,수,울산,차대사람,안전운전 의무 불이행,교차로,화물차,보행자,129.3053841,35.53976766,1.0,8,1,0,3
2020,4,15,21,야,수,충남,차대사람,안전운전 의무 불이행,단일로,승용차,보행자,126.9832744,36.80755794,1.0,1,0,0,0
2020,4,16,0,야,목,경남,차량단독,안전운전 의무 불이행,교차로,이륜차,없음,128.6756991,34.91418246,1.0,3,1,0,1
2020,4,16,12,주,목,경북,차대차,안전운전 의무 불이행,단일로,승용차,이륜차,128.1946032,36.59842169,1.0,6,3,0,0
2020,4,16,19,야,목,경기,차대차,신호위반,교차로,승용차,승용차,126.7461033,37.33822224,2.3,3,3,1,3
2020,4,16,19,야,목,충남,차대사람,안전운전 의무 불이행,단일로,승용차,보행자,127.1041391,36.82452749,1.0,7,0,0,1
2020,4,16,20,야,목,경남,차대사람,과속,단일로,승용차,보행자,128.7096654,35.28988651,1.0,3,1,0,0
2020,4,17,5,야,금,전북,차대차,과속,단일로,승합차,이륜차,127.1820406,35.79848878,1.0,3,1,1,0
2020,4,17,8,주,금,경기,차대사람,안전운전 의무 불이행,단일로,승용차,보행자,126.8247905,37.32146319,1.0,4,1,0,0
2020,4,17,11,주,금,충남,차대차,신호위반,교차로,화물차,승용차,126.472073,37.00690348,1.7,1,0,0,1
2020,4,17,13,주,금,경북,차대사람,안전운전 의무 불이행,기타,화물차,보행자,129.0008638,36.93891358,1.0,2,2,0,2
2020,4,17,16,주,금,경북,차대사람,안전운전 의무 불이행,단일로,승용차,보행자,128.5184036,36.86740184,1.0,0,0,0,1
2020,4,17,17,주,금,제주,차량단독,안전운전 의무 불이행,단일로,이륜차,없음,126.9103608,33.48910582,1.0,0,0,0,0
2020,4,17,19,야,금,충북,차량단독,안전운전 의무 불이행,단일로,승용차,없음,127.6262554,37.093075,1.0,0,0,0,1
2020,4,17,20,야,금,경남,차대사람,안전운전 의무 불이행,교차로,승용차,보행자,128.1153846,35.17122621,1.0,0,0,0,1
2020,4,17,23,야,금,경기,차량단독,안전운전 의무 불이행,단일로,승용차,없음,127.7539169,37.41221009,1.0,0,0,0,1
2020,4,18,17,주,토,경기,차량단독,안전운전 의무 불이행,단일로,이륜차,없음,127.3544629,37.36010393,1.0,0,0,0,0
2020,4,18,17,주,토,경북,차량단독,안전운전 의무 불이행,단일로,승용차,없음,129.0708472,35.86625916,1.0,0,0,0,0
2020,4,18,19,야,토,충남,차대차,안전운전 의무 불이행,단일로,이륜차,건설기계,127.2143465,36.7781652,1.0,1,0,0,1
2020,4,18,22,야,토,대전,차대사람,안전운전 의무 불이행,단일로,승용차,보행자,127.3331165,36.36607794,1.0,13,1,1,1
2020,4,18,23,야,토,경기,차대차,신호위반,교차로,승용차,승용차,126.5889383,37.69481089,2.3,1,1,1,1
2020,4,18,23,야,토,경기,차량단독,안전운전 의무 불이행,단일로,승용차,없음,126.9011914,37.23141125,1.0,0,0,0,0
2020,4,19,16,주,일,경기,차량단독,안전운전 의무 불이행,단일로,이륜차,없음,127.7570417,37.41725105,1.0,0,0,0,0
2020,4,19,19,야,일,부산,차대사람,안전운전 의무 불이행,교차로,승용차,보행자,129.0381584,35.09257095,1.0,3,0,1,3
2020,4,19,20,야,일,서울,차대사람,안전운전 의무 불이행,교차로,승합차,보행자,126.9032205,37.51526025,1.0,0,1,0,4
2020,4,19,23,야,일,경남,차대사람,안전운전 의무 불이행,단일로,승합차,보행자,128.3296009,35.24393147,1.0,2,0,0,1
2020,4,20,8,주,월,전남,차량단독,안전운전 의무 불이행,단일로,자전거,없음,126.5780155,34.70178735,1.0,2,1,0,0
2020,4,20,8,주,월,경북,차량단독,안전운전 의무 불이행,단일로,이륜차,없음,128.1363216,36.38699295,1.0,0,0,0,0
2020,4,20,16,주,월,광주,차량단독,안전운전 의무 불이행,단일로,이륜차,없음,126.8029023,35.09145179,1.0,0,0,0,0
2020,4,20,17,주,월,대구,차대차,기타,단일로,승합차,이륜차,128.4943948,35.85911646,1.3,6,2,0,1
2020,4,20,23,야,월,서울,차대사람,과속,교차로,승용차,보행자,127.0798329,37.5994082,1.0,10,4,4,2
2020,4,21,2,야,화,광주,차대차,신호위반,교차로,이륜차,승용차,126.9204065,35.16157418,1.0,5,2,0,5
2020,4,21,8,주,화,강원,차대사람,보행자 보호의무 위반,교차로,승용차,보행자,127.9508432,37.34575947,1.0,0,0,0,2
2020,4,21,13,주,화,강원,차대차,안전운전 의무 불이행,교차로,승합차,화물차,128.9427274,37.73702763,1.0,0,0,0,0
2020,4,21,15,주,화,대전,차대사람,안전운전 의무 불이행,단일로,승용차,보행자,127.4319722,36.34974005,2.4,12,0,0,3
2020,4,21,17,주,화,강원,차량단독,기타,단일로,자전거,없음,127.7021317,38.11326319,1.0,0,0,0,1
2020,4,22,0,야,수,충북,차대차,안전운전 의무 불이행,단일로,화물차,화물차,127.4513103,36.59656842,1.3,0,0,0,0
2020,4,22,0,야,수,울산,차량단독,과속,단일로,승용차,없음,129.4090206,35.47461507,1.0,0,1,0,0
2020,4,22,2,야,수,서울,차량단독,안전운전 의무 불이행,교차로,이륜차,없음,127.1445845,37.49296722,1.0,8,2,0,2
2020,4,22,11,주,수,전남,차대차,안전운전 의무 불이행,교차로,화물차,이륜차,127.5012923,34.94573238,1.0,6,2,0,4
2020,4,22,12,주,수,서울,차대사람,과속,교차로,승용차,보행자,127.0161744,37.64076035,1.0,4,1,0,0
2020,4,22,12,주,수,부산,차대사람,안전운전 의무 불이행,교차로,승용차,보행자,129.0433264,35.09089137,1.0,6,4,1,4
2020,4,22,12,주,수,대구,차대차,안전운전 의무 불이행,교차로,승용차,승용차,128.5776879,35.86813866,3.3000000000000003,8,5,0,2
2020,4,22,13,주,수,경남,차대차,중앙선 침범,단일로,승용차,승용차,128.7583757,35.27105938,3.3999999999999995,1,0,0,0
2020,4,22,22,야,수,경기,차량단독,안전운전 의무 불이행,단일로,승용차,없음,127.3285042,37.19487866,1.0,1,0,0,0
2020,4,22,22,야,수,경기,차대차,신호위반,교차로,승용차,이륜차,126.6256479,37.64608439,1.0,3,3,0,2
2020,4,23,3,야,목,서울,차대사람,안전운전 의무 불이행,단일로,승합차,보행자,127.1016032,37.60079966,1.0,3,5,2,2
2020,4,23,5,야,목,경기,차대차,안전운전 의무 불이행,기타,승용차,화물차,126.8739481,37.28819307,1.0,3,1,0,2
2020,4,23,6,주,목,경기,차대차,신호위반,교차로,승합차,이륜차,127.0141852,37.26246799,1.0,7,1,1,2
2020,4,23,7,주,목,서울,차대차,안전운전 의무 불이행,교차로,자전거,건설기계,127.1316421,37.54313598,1.0,6,3,0,4
2020,4,23,9,주,목,전북,차대사람,안전운전 의무 불이행,교차로,화물차,보행자,126.484879,35.44305256,1.0,2,2,0,0
2020,4,23,21,야,목,광주,차대사람,안전운전 의무 불이행,단일로,승용차,보행자,126.8217685,35.17920427,1.0,13,2,0,3
2020,4,24,0,야,금,충남,차대사람,안전운전 의무 불이행,단일로,승용차,보행자,126.6319403,36.88057511,1.0,0,0,0,2
2020,4,24,8,주,금,경기,차대사람,중앙선 침범,단일로,승용차,보행자,126.8375135,37.62220917,1.7,18,5,1,3
2020,4,24,9,주,금,경기,차대차,안전운전 의무 불이행,단일로,승용차,농기계,127.6491883,37.29921036,1.0,6,2,1,0
2020,4,24,12,주,금,대전,차대사람,안전운전 의무 불이행,단일로,승용차,보행자,127.4463807,36.36839123,1.0,8,1,0,0
2020,4,24,13,주,금,충남,차대사람,안전운전 의무 불이행,단일로,화물차,보행자,126.2946261,36.75415652,1.0,7,0,0,1
2020,4,24,13,주,금,경북,차대차,기타,교차로,승용차,이륜차,128.1196692,36.12411935,1.0,10,4,1,3
2020,4,24,14,주,금,경남,차대차,안전운전 의무 불이행,교차로,승용차,자전거,128.267851,35.32058464,1.0,4,3,0,0
2020,4,24,15,주,금,전남,차대차,중앙선 침범,교차로,승용차,이륜차,126.4193229,34.80333394,1.0,7,5,0,0
2020,4,24,20,야,금,경남,차량단독,안전운전 의무 불이행,단일로,이륜차,없음,128.65496,34.91216319,1.0,3,2,0,1
2020,4,25,0,야,토,경기,차대사람,과속,교차로,승용차,보행자,127.0636635,37.10334583,1.0,0,0,0,1
2020,4,25,4,야,토,경기,차량단독,안전운전 의무 불이행,기타,승용차,없음,126.8205824,37.61115269,1.0,2,0,2,4
2020,4,25,8,주,토,부산,차대차,신호위반,교차로,승용차,승합차,128.9229202,35.09761193,2.4,9,1,0,0
2020,4,25,8,주,토,전북,차대차,기타,단일로,승용차,승용차,126.6884526,35.98440357,1.3,1,1,0,1
2020,4,25,12,주,토,인천,차대차,중앙선 침범,단일로,승용차,승용차,126.712481,37.48215737,1.7,1,0,0,1
2020,4,25,15,주,토,경남,차량단독,안전운전 의무 불이행,단일로,자전거,없음,128.7016468,35.11527236,1.0,0,0,0,0
2020,4,25,15,주,토,대구,차대차,기타,교차로,이륜차,승용차,128.5597075,35.85515018,1.3,7,1,0,5
2020,4,25,23,야,토,충북,차대차,안전운전 의무 불이행,교차로,이륜차,승용차,127.9385465,36.97112494,1.3,4,2,2,5
2020,4,26,2,야,일,경북,차량단독,안전운전 의무 불이행,단일로,이륜차,없음,128.5022746,36.11300055,1.0,0,0,0,1
2020,4,26,6,주,일,제주,차량단독,안전운전 의무 불이행,교차로,승용차,없음,126.526167,33.5101509,1.0,1,2,0,1