발생년,발생월,발생일,발생시,주야,요일,발생지시도,사고유형_대분류,가해자법규위반,도로형태_대분류,가해자_당사자종별,피해자_당사자종별,경도,위도,사상자수,반경500m카메라수,반경500m학교수,반경500m전광판수,반경500m사고건수
2020,4,26,15,주,일,경기,차량단독,안전운전 의무 불이행,단일로,이륜차,없음,126.9087561,37.2804038,1.0,0,0,1,1
2020,4,26,20,야,일,경기,차량단독,안전거리 미확보,교차로,이륜차,없음,127.0065302,37.37427123,1.0,4,1,0,0
2020,4,26,22,야,일,서울,차량단독,안전운전 의무 불이행,단일로,이륜차,없음,127.0318703,37.52090403,1.0,14,1,0,1
2020,4,26,23,야,일,부산,차량단독,안전거리 미확보,단일로,이륜차,없음,128.9911517,35.08526904,1.7,11,1,0,1
2020,4,27,4,야,월,경기,차대사람,안전운전 의무 불이행,단일로,승용차,보행자,126.9417598,36.99113914,1.0,0,0,1,0
2020,4,27,6,주,월,울산,차대차,안전운전 의무 불이행,교차로,화물차,화물차,129.3463695,35.62381627,1.3,3,0,0,1
2020,4,27,11,주,월,충북,차대차,안전운전 의무 불이행,교차로,승용차,사륜오토바이(ATV),127.8003918,36.97347493,1.7,1,0,0,2
2020,4,27,11,주,월,전남,차대차,기타,교차로,이륜차,화물차,127.1201536,34.4548759,1.0,0,0,0,1
2020,4,27,11,주,월,경남,차대차,안전거리 미확보,교차로,승용차,승용차,128.6089394,35.25721158,1.0,3,0,2,2
2020,4,27,12,주,월,충남,차대차,신호위반,단일로,이륜차,화물차,127.1818975,36.91237374,1.3,0,0,0,0
2020,4,27,12,주,월,광주,차대차,안전거리 미확보,교차로,개인형이동수단(PM),화물차,126.8163588,35.20880351,1.0,0,0,0,0
2020,4,27,13,주,월,경북,차량단독,안전운전 의무 불이행,단일로,이륜차,없음,128.7482206,35.84620825,1.0,0,0,0,0
2020,4,27,16,주,월,서울,차대차,안전운전 의무 불이행,단일로,화물차,승용차,127.1363248,37.48607369,1.6,9,0,0,0
2020,4,27,17,주,월,경남,차대차,안전운전 의무 불이행,교차로,승용차,이륜차,128.7967966,35.18865919,1.7,7,2,2,2
2020,4,27,19,야,월,인천,차대차,안전운전 의무 불이행,교차로,승용차,자전거,126.6470604,37.53988461,1.0,5,2,0,1
2020,4,28,7,주,화,경북,차대사람,안전운전 의무 불이행,단일로,화물차,보행자,128.4806532,36.6836905,1.0,0,0,0,1
2020,4,28,9,주,화,전남,차량단독,안전운전 의무 불이행,단일로,승용차,없음,127.5754099,35.02720878,1.3,0,0,0,0
2020,4,28,12,주,화,충남,차대차,안전운전 의무 불이행,교차로,화물차,원동기장치자전거,126.9466415,36.53982472,1.0,0,0,1,0
2020,4,28,12,주,화,울산,차대사람,안전운전 의무 불이행,교차로,건설기계,보행자,129.3287911,35.638815,1.0,7,1,0,0
2020,4,28,19,야,화,강원,차대사람,보행자 보호의무 위반,교차로,승용차,보행자,127.9411804,37.35953296,1.0,0,1,0,5
2020,4,29,5,야,수,서울,차대차,신호위반,교차로,승용차,승용차,127.0214735,37.51120884,2.0,7,0,0,1
2020,4,29,9,주,수,부산,차대사람,안전운전 의무 불이행,교차로,승용차,보행자,129.1484254,35.22533295,1.0,8,2,0,1
2020,4,29,10,주,수,경기,차대사람,안전운전 의무 불이행,단일로,승용차,보행자,126.9396279,37.36739312,1.0,22,3,0,3
2020,4,29,13,주,수,충남,차대차,안전거리 미확보,단일로,화물차,화물차,127.1622699,36.74499872,1.6,0,0,0,2
2020,4,29,14,주,수,충북,차대차,안전운전 의무 불이행,교차로,이륜차,승용차,127.906197,36.96596659,1.0,1,0,0,1
2020,4,29,15,주,수,대구,차대차,과속,단일로,승용차,승용차,128.4464325,35.67928508,1.7,1,0,0,1
2020,4,29,17,주,수,경기,차대사람,안전운전 의무 불이행,교차로,승용차,보행자,126.90416,37.43102768,1.0,1,1,0,3
2020,4,29,19,야,수,서울,차대사람,보행자 보호의무 위반,단일로,승용차,보행자,126.8870956,37.47208303,1.0,3,0,0,3
2020,4,29,19,야,수,전북,차대사람,안전운전 의무 불이행,기타,승용차,보행자,126.6526281,35.43602344,1.0,0,0,0,0
2020,4,29,19,야,수,전북,차대차,안전운전 의무 불이행,교차로,화물차,자전거,126.4724709,35.62631122,1.0,3,1,0,0
2020,4,29,20,야,수,강원,차량단독,과속,단일로,승용차,없음,129.1650211,37.45706927,2.5999999999999996,0,0,0,1
2020,4,29,23,야,수,경남,차대사람,과속,교차로,승용차,보행자,128.5761352,35.20102624,1.0,9,0,1,7
2020,4,30,0,야,목,울산,차대차,과속,단일로,승용차,승용차,129.3363751,35.65171721,2.0,0,0,0,0
2020,4,30,1,야,목,경기,차대사람,안전운전 의무 불이행,단일로,이륜차,보행자,126.7935825,37.65787224,1.0,5,2,1,2
2020,4,30,4,야,목,충남,차대차,교차로 통행방법 위반,교차로,승용차,승용차,126.4532327,36.76134573,3.0999999999999996,7,0,0,0
2020,4,30,4,야,목,광주,차량단독,안전운전 의무 불이행,단일로,이륜차,없음,126.8998752,35.13384055,1.0,1,2,0,3
2020,4,30,11,주,목,충북,차대사람,안전운전 의무 불이행,단일로,승용차,보행자,127.5934977,37.03724356,1.0,0,0,0,0
2020,4,30,17,주,목,경기,차대사람,안전운전 의무 불이행,교차로,건설기계,보행자,127.055302,37.93656477,1.0,3,0,0,1
2020,4,30,18,야,목,광주,차량단독,안전운전 의무 불이행,단일로,이륜차,없음,126.8998035,35.13388889,1.0,1,2,0,3
2020,4,30,20,야,목,경북,차대차,안전운전 의무 불이행,단일로,승용차,이륜차,128.188873,36.44657085,1.0,0,0,0,0
2020,5,1,0,야,금,경기,차대사람,안전운전 의무 불이행,단일로,화물차,보행자,126.9101737,37.71525132,1.0,5,2,1,0
2020,5,1,4,야,금,전남,차량단독,안전운전 의무 불이행,기타,화물차,없음,126.6156374,34.39933227,1.0,2,0,0,0
2020,5,1,17,주,금,경북,차량단독,안전운전 의무 불이행,단일로,이륜차,없음,128.1584133,36.46934354,1.7,1,0,0,0
2020,5,2,2,야,토,경기,차량단독,안전운전 의무 불이행,단일로,이륜차,없음,126.5558993,37.69106293,2.0,0,0,0,0
2020,5,2,4,야,토,전북,차대차,중앙선 침범,단일로,승용차,승용차,127.1128728,35.81898258,1.6,26,1,0,3
2020,5,2,8,주,토,경북,차량단독,안전운전 의무 불이행,단일로,화물차,없음,128.1152279,36.174413,1.0,2,1,0,0
2020,5,2,12,주,토,경기,차대차,신호위반,교차로,승용차,사륜오토바이(ATV),127.403873,37.37337775,1.0,0,0,0,0
2020,5,2,14,주,토,전남,차대차,중앙선 침범,단일로,승합차,건설기계,126.4913003,35.18897625,1.0,0,0,0,0
2020,5,2,14,주,토,경북,차량단독,안전운전 의무 불이행,단일로,농기계,없음,128.6271153,35.61642989,1.0,0,0,0,0
2020,5,2,17,주,토,전남,차대사람,과속,단일로,승용차,보행자,127.7609106,34.700415,1.6,0,0,0,0
2020,5,2,18,야,토,경기,차량단독,안전운전 의무 불이행,단일로,이륜차,없음,126.728905,37.77272708,1.0,2,0,0,0
2020,5,2,22,야,토,경기,차대사람,과속,단일로,화물차,보행자,126.9706803,37.37928109,1.0,5,4,0,3
2020,5,3,3,야,일,경기,차량단독,안전운전 의무 불이행,단일로,승용차,없음,127.1201208,37.27569929,1.0,4,0,0,1
2020,5,3,3,야,일,전남,차대차,안전운전 의무 불이행,단일로,이륜차,승용차,127.7489979,34.75866794,1.0,0,1,0,1
2020,5,3,3,야,일,경북,차량단독,안전운전 의무 불이행,단일로,이륜차,없음,128.4105564,36.10752477,1.0,0,0,0,0
2020,5,3,3,야,일,경기,차량단독,안전운전 의무 불이행,단일로,이륜차,없음,126.7666349,37.76944383,1.0,0,2,2,0
2020,5,4,4,야,월,서울,차대차,과속,단일로,이륜차,승용차,126.9832578,37.55634257,2.0,2,4,0,1
2020,5,4,4,야,월,전북,차대사람,안전운전 의무 불이행,단일로,승용차,보행자,126.9575846,35.94996243,1.0,8,3,0,1
2020,5,4,10,주,월,경북,차대차,기타,교차로,승용차,이륜차,128.7445484,35.65112984,1.0,0,0,0,0
2020,5,4,12,주,월,전북,차대차,신호위반,교차로,이륜차,승용차,126.8971589,35.80807565,2.0,5,1,0,3
2020,5,4,13,주,월,제주,차대차,안전운전 의무 불이행,교차로,이륜차,승용차,126.489868,33.49202947,2.2,2,0,1,2
2020,5,4,13,주,월,경기,차대차,안전거리 미확보,단일로,승용차,농기계,126.7894063,37.82806893,1.0,0,0,0,2
2020,5,4,15,주,월,경북,차대차,안전운전 의무 불이행,기타,화물차,기타,128.4118748,36.39150864,1.0,0,0,0,0
2020,5,4,15,주,월,인천,차대사람,안전운전 의무 불이행,교차로,화물차,보행자,126.6982351,37.45201059,1.0,10,3,0,3
2020,5,4,16,주,월,충북,차대차,중앙선 침범,단일로,승용차,이륜차,128.2117405,37.15805286,1.0,0,0,0,2
2020,5,4,17,주,월,경남,차대차,신호위반,교차로,승용차,이륜차,128.4347871,35.61400944,1.0,0,0,0,0
2020,5,5,19,야,화,대구,차대차,신호위반,교차로,승용차,이륜차,128.6176452,35.87456769,1.0,7,2,0,2
2020,5,5,21,야,화,경북,차량단독,안전운전 의무 불이행,단일로,화물차,없음,128.6444876,37.05161818,1.0,0,0,0,0
2020,5,6,5,야,수,서울,차대차,안전운전 의무 불이행,단일로,승합차,승합차,126.8407836,37.54105832,1.0,3,1,0,3
2020,5,6,9,주,수,경북,차대차,기타,교차로,승용차,자전거,129.4075998,36.58177978,1.0,0,0,0,0
2020,5,6,12,주,수,부산,차대차,안전운전 의무 불이행,단일로,화물차,이륜차,129.0085001,35.23604774,1.0,8,3,0,3
2020,5,6,13,주,수,경북,차량단독,안전운전 의무 불이행,단일로,농기계,없음,129.3761375,36.90279704,1.0,0,0,0,1
2020,5,6,13,주,수,경남,차대차,안전운전 의무 불이행,단일로,이륜차,승용차,128.1184923,35.16686418,1.0,0,0,0,1
2020,5,6,13,주,수,경기,차대차,신호위반,교차로,이륜차,화물차,126.7612781,37.67552053,1.0,10,3,0,1
2020,5,6,15,주,수,경기,차대차,안전운전 의무 불이행,단일로,화물차,화물차,126.772716,37.59569797,1.0,1,0,0,0
2020,5,6,19,야,수,충남,차대차,안전거리 미확보,단일로,승용차,이륜차,127.1257056,36.79384831,1.0,17,2,0,5
2020,5,6,19,야,수,전남,차대차,신호위반,교차로,승용차,화물차,126.5056698,34.85194256,1.3,2,0,0,0
2020,5,6,19,야,수,경북,차대차,과속,교차로,승용차,자전거,128.2100752,36.58850433,1.0,1,0,0,1
2020,5,6,20,야,수,서울,차대사람,안전운전 의무 불이행,교차로,승합차,보행자,126.870291,37.54795422,1.0,3,2,0,5
2020,5,6,20,야,수,경북,차량단독,안전운전 의무 불이행,단일로,이륜차,없음,128.8212722,35.80364052,1.0,0,0,0,0
2020,5,7,9,주,목,경북,차대사람,안전운전 의무 불이행,단일로,승용차,보행자,128.0097676,36.18634022,1.0,0,0,0,0
2020,5,7,12,주,목,강원,차량단독,안전운전 의무 불이행,단일로,승용차,없음,128.2726004,37.45391652,1.0,0,0,0,0
2020,5,7,16,주,목,경남,차대사람,기타,교차로,화물차,보행자,128.0574419,35.17055091,1.0,10,1,0,1
2020,5,7,20,야,목,전남,차대사람,안전운전 의무 불이행,교차로,승용차,보행자,126.1883135,34.37804802,1.0,0,0,0,0
2020,5,7,20,야,목,대전,차대사람,과속,단일로,승용차,보행자,127.4642902,36.28068657,1.0,5,0,0,1
2020,5,7,23,야,목,강원,차량단독,안전운전 의무 불이행,단일로,승합차,없음,128.2999437,38.06964185,1.0,0,0,0,0
2020,5,8,8,주,금,전남,차대차,기타,교차로,승용차,이륜차,126.933516,34.56335266,1.0,0,0,0,2
2020,5,8,11,주,금,울산,차대차,안전거리 미확보,단일로,원동기장치자전거,승용차,129.3425941,35.64404962,1.0,3,1,0,0
2020,5,8,13,주,금,전남,차량단독,안전운전 의무 불이행,단일로,농기계,없음,126.4756272,34.51563278,1.0,0,0,0,0
2020,5,8,13,주,금,인천,차대사람,보행자 보호의무 위반,교차로,화물차,보행자,126.7275891,37.50438516,1.0,5,3,0,3
2020,5,8,14,주,금,충남,차대사람,안전운전 의무 불이행,단일로,화물차,보행자,127.108523,36.14113936,1.0,0,0,1,0
2020,5,8,19,야,금,대구,차대사람,안전운전 의무 불이행,단일로,이륜차,보행자,128.491221,35.79718628,1.0,3,3,0,0
2020,5,8,22,야,금,경기,차대차,안전운전 의무 불이행,단일로,승용차,승용차,126.8594669,37.64818057,1.0,1,0,1,2
2020,5,8,23,야,금,인천,차대사람,보행자 보호의무 위반,단일로,승합차,보행자,126.7295958,37.48747099,1.0,10,2,1,5
2020,5,9,3,야,토,전북,차대차,신호위반,교차로,승용차,화물차,126.9627381,35.96230131,2.6999999999999997,8,2,0,1
2020,5,9,5,야,토,경기,차대차,안전운전 의무 불이행,단일로,화물차,화물차,127.1233083,37.41855283,2.3,10,1,1,5
2020,5,9,8,주,토,충북,차량단독,안전운전 의무 불이행,단일로,이륜차,없음,127.7463162,36.39387013,1.0,0,0,0,0
2020,5,9,19,야,토,대전,차대사람,안전운전 의무 불이행,교차로,승용차,보행자,127.3666834,36.3381994,1.0,4,1,0,0
2020,5,9,20,야,토,경기,차대사람,안전운전 의무 불이행,단일로,승합차,보행자,126.8165674,37.51865201,1.0,0,1,0,0
2020,5,9,21,야,토,부산,차량단독,안전운전 의무 불이행,단일로,이륜차,없음,128.9896396,35.18632409,1.0,9,1,1,7
2020,5,9,21,야,토,인천,차량단독,안전운전 의무 불이행,단일로,승용차,없음,126.4934871,37.65894698,1.0,1,0,0,0
2020,5,9,23,야,토,서울,차대사람,안전운전 의무 불이행,단일로,승용차,보행자,127.0516302,37.52637982,1.0,16,0,0,4
2020,5,10,1,야,일,부산,차대사람,안전운전 의무 불이행,단일로,승용차,보행자,129.0668219,35.14469569,1.0,6,4,0,1
2020,5,10,2,야,일,경북,차대사람,과속,단일로,승용차,보행자,129.3742096,37.10517119,2.4,2,1,0,0
2020,5,10,3,야,일,부산,차대차,신호위반,교차로,승합차,이륜차,129.1208712,35.18786533,1.3,12,2,2,4
2020,5,10,13,주,일,경기,차대차,안전운전 의무 불이행,단일로,승용차,승용차,127.1568984,37.51439835,2.4,3,1,0,1
2020,5,10,22,야,일,경기,차대사람,안전운전 의무 불이행,단일로,승용차,보행자,126.9734911,37.25817464,1.0,0,1,0,0
2020,5,10,22,야,일,경남,차대차,신호위반,교차로,이륜차,승용차,128.5304007,35.27743577,1.3,1,1,0,0
2020,5,11,1,야,월,경기,차대차,안전운전 의무 불이행,단일로,승용차,이륜차,126.7858185,37.32979294,1.0,4,0,0,1
2020,5,11,6,주,월,부산,차대차,신호위반,교차로,이륜차,승합차,129.1094627,35.1438509,1.7,1,3,2,3
2020,5,11,11,주,월,전남,차량단독,안전운전 의무 불이행,단일로,이륜차,없음,127.4232011,35.29242181,1.0,0,0,0,0
2020,5,11,12,주,월,부산,차대사람,안전운전 의무 불이행,교차로,화물차,보행자,129.0140706,35.21352822,1.0,7,1,0,3
2020,5,11,15,주,월,경북,차대차,중앙선 침범,단일로,자전거,승용차,128.2716729,35.73804591,1.0,3,3,0,0
2020,5,11,16,주,월,전남,차대사람,안전운전 의무 불이행,단일로,승용차,보행자,127.5697621,34.88246314,1.0,2,1,0,1
2020,5,11,21,야,월,충남,차대차,안전운전 의무 불이행,단일로,승용차,원동기장치자전거,126.672754,36.09392597,1.0,1,0,1,0
2020,5,11,23,야,월,경기,차대차,안전운전 의무 불이행,단일로,화물차,개인형이동수단(PM),127.2894143,37.64356637,1.0,1,0,0,0
2020,5,12,0,야,화,경남,차량단독,안전운전 의무 불이행,교차로,승용차,없음,128.8744091,35.22557224,1.0,5,0,1,2
2020,5,12,4,야,화,경기,차량단독,안전운전 의무 불이행,단일로,특수차,없음,127.0561923,37.69320497,1.0,2,0,2,1
2020,5,12,4,야,화,경남,차대차,안전운전 의무 불이행,단일로,승용차,농기계,128.6092331,35.4180069,1.0,0,0,0,1
2020,5,12,6,주,화,경기,차대차,신호위반,교차로,이륜차,승용차,127.1922958,37.54693576,1.0,3,0,0,1
2020,5,12,8,주,화,강원,차량단독,안전운전 의무 불이행,단일로,건설기계,없음,127.76791,37.84255324,1.0,0,0,1,1
2020,5,12,11,주,화,전남,차대차,교차로 통행방법 위반,교차로,승용차,화물차,127.2095406,34.78525057,3.0,0,0,0,0
2020,5,12,12,주,화,경북,차대사람,안전운전 의무 불이행,교차로,승용차,보행자,129.5225531,35.93468145,3.6999999999999997,0,1,0,0
2020,5,12,12,주,화,경남,차량단독,안전운전 의무 불이행,교차로,승용차,없음,127.9159138,34.8892653,1.0,0,0,0,0
2020,5,12,14,주,화,경기,차대차,안전운전 의무 불이행,단일로,화물차,화물차,127.1027817,37.12297022,1.0,0,0,2,1
2020,5,12,14,주,화,경북,차량단독,안전운전 의무 불이행,단일로,사륜오토바이(ATV),없음,128.9822362,36.59969244,1.0,0,0,0,1
2020,5,12,17,주,화,광주,차대사람,과속,기타,승용차,보행자,126.9018551,35.24329501,1.0,1,0,0,0
2020,5,12,19,야,화,제주,차량단독,안전운전 의무 불이행,단일로,승합차,없음,126.3330475,33.4179056,1.7,0,0,0,0
2020,5,12,23,야,화,전북,차대차,안전운전 의무 불이행,단일로,화물차,화물차,126.8141597,35.77852517,1.3,0,0,0,0
2020,5,12,23,야,화,대구,차대차,안전거리 미확보,단일로,이륜차,승용차,128.6252825,35.88197932,1.3,2,2,0,1
2020,5,13,1,야,수,경기,차량단독,안전운전 의무 불이행,교차로,승용차,없음,126.846375,37.44193521,1.0,4,1,1,0
2020,5,13,1,야,수,전남,차대사람,안전운전 의무 불이행,단일로,승용차,보행자,126.8574413,35.4127448,1.0,0,0,0,0
2020,5,13,10,주,수,경북,차량단독,안전운전 의무 불이행,기타,이륜차,없음,128.3489699,36.43299973,1.0,0,0,0,0
2020,5,13,11,주,수,경북,차대사람,안전운전 의무 불이행,교차로,승용차,보행자,128.3894454,36.2065694,1.0,2,1,0,0
2020,5,13,13,주,수,경기,차대차,안전운전 의무 불이행,단일로,화물차,건설기계,126.8573748,37.2258814,1.0,0,0,0,0
2020,5,13,15,주,수,전남,차량단독,안전운전 의무 불이행,단일로,화물차,없음,127.0472164,34.4418488,2.0,0,0,0,0
2020,5,13,18,야,수,강원,차대차,중앙선 침범,단일로,화물차,화물차,128.2966071,37.76853305,1.3,0,0,0,0
2020,5,13,23,야,수,충남,차대차,신호위반,교차로,이륜차,승용차,127.0997681,36.80042571,2.0,11,0,0,2
2020,5,14,1,야,목,서울,차량단독,과속,단일로,이륜차,없음,127.0112845,37.530777,1.0,0,0,0,7
2020,5,14,2,야,목,경기,차대차,안전운전 의무 불이행,단일로,승용차,승용차,127.0845826,37.40157641,1.0,3,0,0,0
2020,5,14,14,주,목,경기,차량단독,안전운전 의무 불이행,단일로,승용차,없음,127.0235078,37.06755808,1.0,0,1,0,0
2020,5,14,21,야,목,인천,차대사람,안전운전 의무 불이행,단일로,승용차,보행자,126.656838,37.52600215,1.0,4,3,1,1
2020,5,14,21,야,목,대전,차대사람,안전운전 의무 불이행,교차로,승용차,보행자,127.3351139,36.30694854,1.0,3,3,0,1
2020,5,14,22,야,목,충북,차량단독,안전운전 의무 불이행,단일로,이륜차,없음,127.696291,37.11443369,1.0,0,0,0,0
2020,5,14,22,야,목,전남,차대사람,과속,교차로,승용차,보행자,127.4845223,34.96284663,1.0,4,1,0,2
2020,5,15,2,야,금,경기,차량단독,안전운전 의무 불이행,단일로,이륜차,없음,126.7344271,37.68197398,2.0,0,0,0,2
2020,5,15,3,야,금,서울,차량단독,안전운전 의무 불이행,단일로,원동기장치자전거,없음,126.9047659,37.54392195,1.7,0,0,0,2
2020,5,15,3,야,금,강원,차대사람,안전운전 의무 불이행,단일로,화물차,보행자,127.7236515,38.09746816,1.0,0,0,0,0
2020,5,15,7,주,금,부산,차대사람,신호위반,단일로,원동기장치자전거,보행자,129.0562796,35.13810557,1.0,6,2,0,4
2020,5,15,7,주,금,전북,차량단독,안전운전 의무 불이행,단일로,승합차,없음,126.812394,35.93535572,7.8,0,0,0,0
2020,5,15,13,주,금,부산,차대차,안전운전 의무 불이행,교차로,이륜차,승용차,128.9581152,35.0810545,1.0,0,0,0,1
2020,5,15,14,주,금,대구,차대차,안전운전 의무 불이행,교차로,화물차,건설기계,128.4491592,35.73006421,1.0,1,0,0,2
2020,5,15,15,주,금,경북,차량단독,안전운전 의무 불이행,기타,농기계,없음,129.0583099,36.70003013,1.0,2,1,0,0
2020,5,15,19,야,금,충북,차량단독,과속,단일로,화물차,없음,127.9334759,37.07335699,2.0,1,0,1,0
2020,5,15,20,야,금,강원,차대사람,보행자 보호의무 위반,단일로,승합차,보행자,127.947171,37.3833258,1.0,0,0,1,5
2020,5,16,8,주,토,경남,차량단독,안전운전 의무 불이행,단일로,자전거,없음,128.6482324,35.31058288,1.0,0,0,0,0
2020,5,16,9,주,토,경북,차량단독,과속,단일로,승용차,없음,129.4372279,36.67200463,1.0,2,0,0,0
2020,5,16,9,주,토,광주,차대차,안전운전 의무 불이행,단일로,승용차,이륜차,126.9354464,35.14768679,1.0,3,3,0,1
2020,5,16,10,주,토,경남,차대차,중앙선 침범,기타,자전거,승용차,128.4184713,34.8036564,1.0,0,0,0,0
2020,5,16,14,주,토,전남,차대차,안전운전 의무 불이행,기타,승용차,화물차,126.7647875,34.33409053,1.9,0,0,0,0
2020,5,17,2,야,일,강원,차량단독,안전운전 의무 불이행,교차로,승용차,없음,128.8695245,37.84567335,1.0,0,0,0,0
2020,5,17,6,주,일,전북,차량단독,안전운전 의무 불이행,단일로,사륜오토바이(ATV),없음,126.6795847,35.70521146,1.0,1,0,0,1
2020,5,17,19,야,일,경북,차대사람,안전운전 의무 불이행,교차로,승용차,보행자,128.0910863,36.12395727,1.0,8,3,0,1
2020,5,17,19,야,일,광주,차대사람,안전운전 의무 불이행,교차로,승용차,보행자,126.8416852,35.08715099,1.0,1,0,0,0
2020,5,17,20,야,일,서울,차대사람,안전운전 의무 불이행,단일로,승용차,보행자,126.9122322,37.54959097,1.0,14,2,0,3
2020,5,17,21,야,일,전남,차대사람,과속,교차로,승용차,보행자,126.3932972,34.78755445,1.7,6,1,0,1
2020,5,18,0,야,월,전북,차량단독,안전운전 의무 불이행,단일로,승합차,없음,126.7642234,35.91889845,1.0,0,0,0,0
2020,5,18,1,야,월,경남,차대사람,과속,교차로,승용차,보행자,128.0437712,35.06501346,1.0,0,0,0,0
2020,5,18,8,주,월,서울,차대차,안전운전 의무 불이행,단일로,자전거,승합차,126.8376937,37.51644238,1.0,3,3,0,4
2020,5,18,10,주,월,부산,차량단독,안전운전 의무 불이행,단일로,화물차,없음,128.8808563,35.15142115,1.0,3,0,0,1
2020,5,18,10,주,월,경기,차대사람,보행자 보호의무 위반,교차로,이륜차,보행자,127.0567439,37.92954012,1.0,3,0,0,0
2020,5,18,13,주,월,충북,차대차,안전운전 의무 불이행,단일로,화물차,승용차,127.9477511,36.8507021,5.3,0,0,0,0
2020,5,18,13,주,월,경기,차대차,신호위반,교차로,화물차,이륜차,127.14857,37.82702035,1.0,3,1,0,3
2020,5,18,14,주,월,서울,차대차,안전거리 미확보,단일로,이륜차,승용차,127.1059542,37.47718981,1.0,4,1,0,0
2020,5,18,19,야,월,제주,차량단독,안전운전 의무 불이행,교차로,승용차,없음,126.1849351,33.34602326,1.0,1,2,0,0
2020,5,19,0,야,화,전남,차대차,안전운전 의무 불이행,단일로,화물차,화물차,126.4302327,34.76271763,1.0,0,0,0,1
2020,5,19,8,주,화,충남,차대차,교차로 통행방법 위반,교차로,이륜차,승용차,127.5037781,36.11797751,1.0,0,0,0,0
2020,5,19,8,주,화,경북,차대차,신호위반,교차로,이륜차,화물차,128.1340733,36.1174716,1.0,2,1,0,2
2020,5,19,15,주,화,부산,차대차,안전운전 의무 불이행,단일로,승용차,자전거,128.9988504,35.20090848,1.0,6,4,0,4
2020,5,19,17,주,화,서울,차량단독,안전운전 의무 불이행,단일로,이륜차,없음,126.9641076,37.57236067,1.0,12,5,0,1
2020,5,19,21,야,화,대전,차대사람,신호위반,교차로,승용차,보행자,127.425992,36.33312106,1.0,14,5,0,2
2020,5,19,23,야,화,광주,차량단독,안전운전 의무 불이행,단일로,이륜차,없음,126.8408944,35.19077042,1.0,4,3,0,2
2020,5,19,23,야,화,경기,차대차,신호위반,교차로,승용차,이륜차,127.0772342,37.73493264,1.3,5,1,0,1
2020,5,20,1,야,수,전남,차량단독,안전운전 의무 불이행,교차로,승용차,없음,126.8190626,35.00683652,1.0,1,0,0,0
2020,5,20,2,야,수,광주,차량단독,안전운전 의무 불이행,단일로,이륜차,없음,126.8933965,35.17177545,1.0,6,2,0,5
2020,5,20,4,야,수,충남,차대사람,안전운전 의무 불이행,단일로,화물차,보행자,127.1340951,36.94330005,1.0,0,0,0,0
2020,5,20,4,야,수,대전,차대사람,안전운전 의무 불이행,교차로,화물차,보행자,127.4272717,36.35888792,1.0,15,3,0,4
2020,5,20,6,주,수,경남,차량단독,안전운전 의무 불이행,교차로,이륜차,없음,128.6058719,35.24745676,1.0,2,1,1,0
2020,5,20,9,주,수,경남,차대차,신호위반,교차로,이륜차,화물차,128.6078023,34.9251088,1.0,0,0,0,1
2020,5,20,9,주,수,경남,차대차,안전운전 의무 불이행,단일로,승용차,승용차,128.3396851,35.29239891,1.0,1,0,0,1
2020,5,20,10,주,수,세종,차대차,안전운전 의무 불이행,교차로,화물차,화물차,127.3993526,36.53023891,1.3,2,0,1,0
2020,5,20,11,주,수,전북,차량단독,안전운전 의무 불이행,교차로,화물차,없음,127.4342071,35.76908433,1.0,0,0,0,0
2020,5,20,15,주,수,충북,차대차,중앙선 침범,단일로,승용차,승용차,127.4485598,36.84868558,3.0999999999999996,2,1,0,1
2020,5,20,15,주,수,충남,차대차,안전운전 의무 불이행,단일로,승용차,화물차,126.7508452,36.80985458,2.0,2,1,0,0
2020,5,20,17,주,수,전북,차대차,안전운전 의무 불이행,교차로,화물차,화물차,126.9426066,35.79419196,1.0,2,1,0,1
2020,5,20,17,주,수,경북,차대차,중앙선 침범,단일로,자전거,승용차,128.7368804,35.8147351,1.0,8,4,0,0
2020,5,21,0,야,목,인천,차대차,안전운전 의무 불이행,교차로,승용차,개인형이동수단(PM),126.7241788,37.40086955,1.3,18,2,0,3
2020,5,21,6,주,목,경기,차량단독,안전운전 의무 불이행,단일로,승용차,없음,127.0066798,37.30308067,1.0,6,2,0,2
2020,5,21,6,주,목,전북,차량단독,안전운전 의무 불이행,단일로,화물차,없음,126.8255609,35.93352898,3.4,0,0,0,1
2020,5,21,12,주,목,전북,차대사람,중앙선 침범,단일로,승용차,보행자,127.0727727,35.87389362,1.0,14,3,0,1
2020,5,21,14,주,목,경기,차대사람,안전운전 의무 불이행,단일로,승용차,보행자,127.1057737,37.16682684,1.0,4,2,0,1
2020,5,21,14,주,목,경남,차대차,안전운전 의무 불이행,단일로,승용차,화물차,128.1224185,35.18350749,1.0,3,0,0,3
2020,5,22,1,야,금,서울,차대차,안전운전 의무 불이행,단일로,이륜차,화물차,127.0188016,37.58663294,1.0,13,3,0,2
2020,5,22,8,주,금,대구,차대차,안전거리 미확보,단일로,화물차,승용차,128.6010694,35.87985968,1.0,4,3,1,1
2020,5,22,9,주,금,서울,차대사람,안전운전 의무 불이행,교차로,원동기장치자전거,보행자,127.0583808,37.59354956,1.0,12,6,0,4
2020,5,22,11,주,금,경기,차대차,안전운전 의무 불이행,기타,이륜차,화물차,127.2494991,37.47224883,1.0,0,0,1,1