발생년,발생월,발생일,발생시,주야,요일,발생지시도,사고유형_대분류,가해자법규위반,도로형태_대분류,가해자_당사자종별,피해자_당사자종별,경도,위도,사상자수,반경500m카메라수,반경500m학교수,반경500m전광판수,반경500m사고건수
2020,6,15,15,주,월,부산,차대차,중앙선 침범,단일로,승용차,승용차,129.1292695,35.19320724,2.6999999999999997,5,4,0,1
2020,6,15,16,주,월,경북,차량단독,안전운전 의무 불이행,단일로,사륜오토바이(ATV),없음,128.1976554,35.8946912,1.0,1,0,0,0
2020,6,16,0,야,화,충남,차대차,중앙선 침범,단일로,승용차,승용차,126.6344317,36.12219823,1.6,0,0,1,0
2020,6,16,1,야,화,대구,차량단독,안전운전 의무 불이행,단일로,이륜차,없음,128.6329635,35.90090288,1.0,0,2,0,0
2020,6,16,4,야,화,광주,차대사람,과속,단일로,승용차,보행자,126.8739135,35.20923202,1.0,4,1,0,3
2020,6,16,9,주,화,충남,차대차,중앙선 침범,단일로,화물차,승용차,126.5896735,36.57104279,1.7,0,0,0,0
2020,6,16,15,주,화,강원,차대사람,안전운전 의무 불이행,교차로,승합차,보행자,127.9533743,37.33258689,1.0,1,0,0,1
2020,6,16,23,야,화,제주,차량단독,안전운전 의무 불이행,단일로,이륜차,없음,126.4993329,33.2366562,1.0,0,0,0,0
2020,6,17,1,야,수,부산,차량단독,안전운전 의무 불이행,단일로,이륜차,없음,129.0127554,35.21185866,1.0,9,2,0,4
2020,6,17,12,주,수,서울,차대사람,안전운전 의무 불이행,교차로,승합차,보행자,126.9297881,37.61068084,1.0,9,2,0,7
2020,6,17,13,주,수,전남,차대차,안전운전 의무 불이행,단일로,승용차,이륜차,127.6927567,34.74861592,1.0,3,2,0,0
2020,6,17,16,주,수,경기,차대차,안전운전 의무 불이행,단일로,화물차,승용차,126.8840103,37.67407125,1.0,0,0,0,4
2020,6,17,22,야,수,충남,차대사람,과속,교차로,승용차,보행자,126.3214294,36.75294671,1.0,6,2,0,1
2020,6,17,22,야,수,전남,차대사람,안전운전 의무 불이행,단일로,화물차,보행자,126.4861245,34.85180823,1.0,0,0,0,0
2020,6,18,2,야,목,경북,차대차,안전운전 의무 불이행,단일로,화물차,화물차,128.1925108,36.56694492,1.3,0,0,0,0
2020,6,18,6,주,목,전남,차량단독,안전운전 의무 불이행,단일로,화물차,없음,126.9692346,35.041482,1.3,0,0,0,0
2020,6,18,16,주,목,경남,차량단독,안전운전 의무 불이행,단일로,원동기장치자전거,없음,128.8030768,35.49346403,1.0,0,0,0,0
2020,6,19,2,야,금,울산,차대차,기타,교차로,승용차,이륜차,129.3095604,35.5562749,2.0,11,2,0,4
2020,6,19,5,야,금,경기,차대차,신호위반,교차로,승용차,승용차,127.0632965,37.09277803,1.3,0,0,0,0
2020,6,19,6,주,금,서울,차대사람,보행자 보호의무 위반,교차로,화물차,보행자,127.0824381,37.54510935,1.0,5,3,3,2
2020,6,19,10,주,금,대구,차대사람,안전운전 의무 불이행,단일로,승용차,보행자,128.5495492,35.91369677,1.0,2,2,0,2
2020,6,19,12,주,금,경기,차대차,신호위반,교차로,원동기장치자전거,화물차,126.9273824,37.39161746,1.0,3,1,0,1
2020,6,19,15,주,금,전남,차량단독,안전운전 의무 불이행,단일로,이륜차,없음,127.7187807,34.75682323,1.0,1,1,2,0
2020,6,19,17,주,금,경북,차대차,안전운전 의무 불이행,교차로,화물차,이륜차,129.1969203,35.84251171,1.0,0,1,0,0
2020,6,19,21,야,금,부산,차대사람,안전운전 의무 불이행,단일로,승용차,보행자,129.0128576,35.1961063,1.0,2,2,0,1
2020,6,19,23,야,금,강원,차대사람,안전운전 의무 불이행,교차로,승용차,보행자,127.8504207,37.33108516,1.0,0,0,1,0
2020,6,20,0,야,토,전남,차량단독,안전운전 의무 불이행,단일로,승용차,없음,126.6996921,34.72697662,1.0,0,0,0,0
2020,6,20,3,야,토,강원,차대차,신호위반,교차로,이륜차,승용차,127.7450429,37.85299516,2.0,14,2,0,0
2020,6,20,11,주,토,서울,차대사람,중앙선 침범,단일로,화물차,보행자,127.0106687,37.51259502,1.0,13,1,0,2
2020,6,20,12,주,토,충북,차대차,안전운전 의무 불이행,단일로,화물차,승용차,127.9315102,36.18512426,1.7,0,0,0,0
2020,6,20,13,주,토,경기,차대사람,안전운전 의무 불이행,단일로,화물차,보행자,126.7845686,37.37825657,1.0,3,5,0,0
2020,6,20,15,주,토,전남,차대차,안전운전 의무 불이행,단일로,화물차,농기계,127.6297783,34.64781627,1.0,0,0,0,0
2020,6,20,23,야,토,경기,차대차,안전운전 의무 불이행,단일로,화물차,화물차,127.1211794,37.77468617,1.3,0,0,0,1
2020,6,20,23,야,토,전북,차대사람,안전운전 의무 불이행,단일로,승용차,보행자,126.9341399,36.09445368,1.0,0,0,0,0
2020,6,21,0,야,일,서울,차대사람,안전운전 의무 불이행,단일로,승용차,보행자,127.0093166,37.48837894,1.0,6,2,0,2
2020,6,21,6,주,일,전북,차량단독,안전운전 의무 불이행,단일로,승용차,없음,126.59018,35.60110008,2.3,0,0,0,0
2020,6,21,13,주,일,충북,차대차,안전운전 의무 불이행,단일로,화물차,화물차,127.7703155,36.91303296,2.3,0,0,0,1
2020,6,21,20,야,일,경기,차량단독,안전운전 의무 불이행,기타,승용차,화물차,127.3580823,37.24893919,1.0,4,1,0,2
2020,6,21,21,야,일,부산,차대사람,안전운전 의무 불이행,교차로,승합차,보행자,129.1079768,35.17443216,1.0,2,0,0,1
2020,6,21,21,야,일,경북,차대차,신호위반,교차로,이륜차,승용차,128.1990878,36.59485263,1.9,10,2,0,1
2020,6,21,21,야,일,울산,철길건널목,기타,철길건널목,이륜차,기타,129.3460634,35.63259254,1.0,10,3,0,0
2020,6,21,23,야,일,서울,차대사람,안전운전 의무 불이행,단일로,승용차,보행자,126.988847,37.56468635,1.0,3,0,0,1
2020,6,22,0,야,월,전북,차대사람,안전운전 의무 불이행,단일로,승용차,보행자,127.2635274,35.68336168,1.0,0,0,1,0
2020,6,22,1,야,월,경기,차대차,과속,단일로,승용차,승용차,126.8556328,37.38000817,1.7,3,2,2,1
2020,6,22,1,야,월,대구,차량단독,안전운전 의무 불이행,단일로,이륜차,없음,128.5492431,35.82833015,1.0,7,3,0,1
2020,6,22,2,야,월,전남,차대차,안전운전 의무 불이행,단일로,화물차,화물차,126.7544395,34.31552269,1.0,0,0,1,0
2020,6,22,8,주,월,충남,차대차,중앙선 침범,단일로,화물차,승용차,126.3480053,36.53107306,1.6,2,1,0,0
2020,6,22,8,주,월,전남,차대차,안전운전 의무 불이행,교차로,건설기계,승용차,126.296722,34.5725153,1.0,0,0,0,0
2020,6,22,10,주,월,경기,차대사람,안전운전 의무 불이행,단일로,화물차,보행자,127.0227819,37.20116274,1.0,3,0,2,0
2020,6,22,13,주,월,경기,차대차,안전운전 의무 불이행,단일로,승용차,건설기계,127.1471221,37.58395413,2.9,5,1,1,0
2020,6,22,16,주,월,제주,차량단독,안전운전 의무 불이행,단일로,개인형이동수단(PM),없음,126.8003861,33.55554846,1.0,0,1,0,1
2020,6,22,16,주,월,경기,차대사람,안전운전 의무 불이행,교차로,화물차,보행자,127.1676616,37.70490155,1.0,1,0,0,1
2020,6,22,18,야,월,강원,차대사람,안전운전 의무 불이행,단일로,이륜차,보행자,127.9871077,38.10814451,1.0,9,1,0,3
2020,6,22,20,야,월,경북,차대차,안전운전 의무 불이행,단일로,특수차,농기계,128.128608,36.05350734,1.0,2,0,0,0
2020,6,22,23,야,월,경기,차대차,안전운전 의무 불이행,단일로,승용차,승용차,126.8568499,37.64799508,1.0,2,0,1,2
2020,6,23,8,주,화,전남,차대사람,안전운전 의무 불이행,단일로,승용차,보행자,127.7432042,34.74663189,1.3,0,4,0,3
2020,6,23,13,주,화,경기,차대차,중앙선 침범,교차로,승용차,승용차,127.456125,37.28906539,2.4,8,3,0,2
2020,6,23,17,주,화,경기,차대차,중앙선 침범,기타,승용차,승용차,126.7123762,37.18512843,1.7,0,0,0,1
2020,6,23,17,주,화,경남,차대차,안전거리 미확보,단일로,승합차,원동기장치자전거,128.162822,35.1993523,1.0,1,0,0,1
2020,6,23,17,주,화,대전,차대사람,안전운전 의무 불이행,교차로,화물차,보행자,127.4256525,36.44399169,1.0,5,3,1,3
2020,6,23,20,야,화,경북,차대사람,안전운전 의무 불이행,단일로,승용차,보행자,128.623999,36.82773419,1.0,8,3,0,3
2020,6,23,23,야,화,충남,차대사람,안전운전 의무 불이행,교차로,승용차,보행자,127.1283409,36.91176754,1.3,0,1,0,1
2020,6,23,23,야,화,대구,차대차,신호위반,교차로,이륜차,승용차,128.4350855,35.85804201,1.7,1,0,0,3
2020,6,24,0,야,수,전남,차대사람,안전운전 의무 불이행,단일로,화물차,보행자,126.6833338,35.02095858,1.0,0,0,0,0
2020,6,24,1,야,수,경기,차대사람,안전운전 의무 불이행,단일로,승용차,보행자,126.8307826,37.86044259,1.0,1,0,0,0
2020,6,24,6,주,수,대구,차대차,신호위반,교차로,화물차,이륜차,128.4930407,35.805574,1.0,1,0,0,1
2020,6,24,8,주,수,강원,차대차,중앙선 침범,교차로,승합차,이륜차,127.2289306,38.19079712,1.0,1,0,0,0
2020,6,24,10,주,수,전북,차대차,신호위반,교차로,승용차,이륜차,126.7328876,35.95973045,1.3,5,0,0,0
2020,6,24,11,주,수,전남,차대사람,안전운전 의무 불이행,교차로,화물차,보행자,126.8036976,35.37759763,1.0,0,0,0,0
2020,6,24,11,주,수,제주,차대차,신호위반,교차로,화물차,승용차,126.5983687,33.28801951,3.8,2,0,0,0
2020,6,24,14,주,수,부산,차대사람,보행자 보호의무 위반,교차로,승합차,보행자,129.0382888,35.17009908,1.0,2,3,0,0
2020,6,24,14,주,수,경북,차량단독,안전운전 의무 불이행,단일로,화물차,없음,128.5918875,36.18074198,1.0,0,0,0,0
2020,6,24,20,야,수,경기,차대사람,안전운전 의무 불이행,단일로,승합차,보행자,127.1725875,37.45607949,1.0,0,1,0,1
2020,6,24,21,야,수,경기,차대차,중앙선 침범,교차로,승용차,화물차,127.3685115,38.02128701,1.3,1,0,0,0
2020,6,24,22,야,수,경북,차대사람,안전운전 의무 불이행,단일로,승용차,보행자,128.63047,36.32027011,1.0,0,0,0,1
2020,6,25,0,야,목,경기,차대차,과속,교차로,화물차,승합차,126.991521,37.20646814,1.0,0,0,0,0
2020,6,25,19,야,목,인천,차대차,신호위반,교차로,이륜차,화물차,126.650021,37.44850091,1.0,2,1,0,1
2020,6,25,21,야,목,대전,차대사람,안전운전 의무 불이행,단일로,승용차,보행자,127.3246605,36.29936969,1.3,14,3,1,5
2020,6,25,22,야,목,대구,차대차,안전거리 미확보,단일로,승용차,특수차,128.3964603,35.62261361,1.0,0,0,0,0
2020,6,26,0,야,금,경기,차대차,안전운전 의무 불이행,단일로,승용차,승용차,127.1416144,37.02585887,1.7,0,0,1,2
2020,6,26,0,야,금,제주,차량단독,안전운전 의무 불이행,교차로,승용차,없음,126.5205173,33.46056956,1.0,0,0,0,0
2020,6,26,1,야,금,전북,차량단독,안전운전 의무 불이행,단일로,승용차,없음,126.6926872,35.94950436,4.0,0,0,0,0
2020,6,26,4,야,금,경기,차대사람,과속,단일로,화물차,보행자,127.1356033,37.44200902,1.0,20,2,0,4
2020,6,26,4,야,금,경기,차량단독,안전운전 의무 불이행,단일로,화물차,없음,126.8648553,37.34316486,1.0,2,0,0,1
2020,6,26,4,야,금,전남,차대사람,안전운전 의무 불이행,교차로,화물차,보행자,127.1347857,34.52732705,1.0,6,0,0,0
2020,6,26,11,주,금,충북,차량단독,안전운전 의무 불이행,단일로,승용차,없음,127.5556951,36.74552803,2.0,0,0,0,3
2020,6,26,18,야,금,충남,차량단독,안전운전 의무 불이행,교차로,원동기장치자전거,없음,126.5661297,36.16590555,1.0,0,0,0,0
2020,6,26,18,야,금,경기,차대사람,보행자 보호의무 위반,단일로,승용차,보행자,126.8459972,37.61747041,1.0,11,5,0,2
2020,6,26,22,야,금,인천,차대사람,안전운전 의무 불이행,단일로,승용차,보행자,126.7263322,37.50778402,1.0,8,3,0,4
2020,6,27,2,야,토,울산,차대사람,안전운전 의무 불이행,단일로,승용차,보행자,129.1620936,35.54885127,1.0,3,0,0,0
2020,6,27,3,야,토,서울,차대사람,안전운전 의무 불이행,단일로,승용차,보행자,126.9218244,37.60757214,1.0,8,1,0,1
2020,6,27,3,야,토,경기,차대차,신호위반,교차로,화물차,이륜차,126.7606379,37.51461961,1.0,3,5,0,2
2020,6,27,9,주,토,경남,차량단독,안전운전 의무 불이행,교차로,화물차,없음,128.4298085,35.27688928,1.0,1,0,0,0
2020,6,27,15,주,토,전북,차대사람,기타,단일로,승용차,보행자,126.984699,35.71394172,1.0,0,0,0,1
2020,6,27,19,야,토,경북,차량단독,안전운전 의무 불이행,단일로,농기계,없음,128.0740008,36.12779085,1.0,3,1,0,0
2020,6,27,21,야,토,충북,차대사람,안전운전 의무 불이행,단일로,승용차,보행자,127.5962898,36.58338651,1.7,2,0,0,0
2020,6,28,1,야,일,경북,차량단독,안전운전 의무 불이행,단일로,승용차,없음,129.1076527,35.98406624,1.0,0,0,0,0
2020,6,28,3,야,일,제주,차대사람,안전운전 의무 불이행,단일로,승용차,보행자,126.5220231,33.49970207,1.0,0,1,1,1
2020,6,28,4,야,일,경기,차대차,과속,단일로,승용차,승용차,126.8427417,37.40108331,2.4,0,0,1,2
2020,6,28,18,야,일,충북,차량단독,안전운전 의무 불이행,기타,자전거,없음,127.9393644,36.97074331,1.0,2,2,0,4
2020,6,28,19,야,일,서울,차대차,신호위반,교차로,승용차,이륜차,127.0712911,37.57158265,1.0,13,1,0,4
2020,6,29,3,야,월,전북,차량단독,안전운전 의무 불이행,단일로,승용차,없음,126.8059266,35.79916797,1.0,0,0,0,0
2020,6,29,11,주,월,전남,차대차,과속,단일로,화물차,자전거,127.1065624,34.77252589,1.0,0,0,0,0
2020,6,29,19,야,월,경기,차대차,신호위반,교차로,승용차,승용차,126.7019736,37.77994745,1.3,0,0,0,1
2020,6,30,3,야,화,서울,차대사람,안전운전 의무 불이행,교차로,화물차,보행자,126.9178122,37.51494279,1.0,4,3,0,3
2020,6,30,3,야,화,대구,차대차,안전운전 의무 불이행,단일로,이륜차,승용차,128.598312,35.8646846,1.3,15,5,1,2
2020,6,30,5,야,화,서울,차대사람,과속,교차로,승합차,보행자,126.9285859,37.61217305,1.0,10,2,0,5
2020,6,30,10,주,화,경기,차대사람,보행자 보호의무 위반,교차로,화물차,보행자,127.1497037,37.41701151,1.0,5,1,0,0
2020,6,30,11,주,화,경기,차대차,안전거리 미확보,단일로,화물차,승용차,126.7524755,37.39005522,2.0,0,0,0,0
2020,6,30,15,주,화,경기,차대차,과속,단일로,승용차,승용차,127.6140786,37.3466627,2.4,0,0,0,1
2020,6,30,18,야,화,경기,차대차,안전운전 의무 불이행,단일로,승용차,이륜차,127.0303993,37.21211819,1.0,4,1,0,1
2020,6,30,19,야,화,경북,차대차,중앙선 침범,단일로,승용차,화물차,128.9233455,35.98509666,2.0,0,0,0,0
2020,6,30,19,야,화,울산,차대차,안전운전 의무 불이행,단일로,승용차,승용차,129.3126598,35.53125635,1.0,6,3,0,3
2020,6,30,20,야,화,충북,차대사람,안전운전 의무 불이행,단일로,승용차,보행자,127.5232029,36.90738861,1.0,1,0,0,0
2020,6,30,23,야,화,전북,차대사람,안전운전 의무 불이행,단일로,승용차,보행자,126.6859335,35.59935061,1.0,0,0,0,0
2020,6,30,23,야,화,인천,차대사람,안전운전 의무 불이행,단일로,승용차,보행자,126.6628856,37.53473406,1.0,4,1,1,4
2020,7,1,0,야,수,경기,차대차,안전운전 의무 불이행,단일로,승용차,화물차,127.5301023,37.43627531,1.0,0,0,0,0
2020,7,1,1,야,수,강원,차대사람,과속,단일로,승용차,보행자,127.9157928,37.36113024,1.0,0,0,0,2
2020,7,1,2,야,수,서울,차대사람,안전운전 의무 불이행,교차로,승용차,보행자,127.0234334,37.5481867,1.0,5,1,0,3
2020,7,1,4,야,수,경남,차대차,과속,단일로,승용차,농기계,128.4822237,35.53471367,1.0,0,0,0,0
2020,7,1,5,야,수,부산,차량단독,안전운전 의무 불이행,교차로,이륜차,없음,128.9893174,35.21578098,1.0,1,0,0,0
2020,7,1,7,주,수,경남,차대사람,안전운전 의무 불이행,교차로,건설기계,보행자,128.8030253,35.3979941,1.0,0,0,0,0
2020,7,1,9,주,수,경북,차대차,신호위반,교차로,화물차,이륜차,128.3393297,35.83175561,1.0,2,0,0,0
2020,7,1,10,주,수,경북,차대차,신호위반,교차로,화물차,이륜차,128.3583157,36.45398287,1.0,2,1,0,2
2020,7,1,17,주,수,서울,차대사람,안전운전 의무 불이행,단일로,승용차,보행자,127.0009722,37.54867077,1.0,0,0,0,0
2020,7,1,18,야,수,경기,차대차,교차로 통행방법 위반,교차로,화물차,원동기장치자전거,127.3225658,37.37758332,1.0,6,1,1,0
2020,7,1,18,야,수,전북,차대차,안전운전 의무 불이행,단일로,이륜차,승용차,127.0577603,35.79108221,1.0,0,0,0,0
2020,7,1,20,야,수,경기,차대사람,과속,단일로,승용차,보행자,126.550555,37.64228622,1.0,0,0,0,0
2020,7,1,23,야,수,대전,차량단독,안전운전 의무 불이행,단일로,승용차,특수차,127.3508263,36.29746687,1.0,0,1,0,1
2020,7,2,0,야,목,경기,차량단독,안전운전 의무 불이행,단일로,승용차,없음,127.0244765,37.31350144,1.0,4,0,0,1
2020,7,2,0,야,목,제주,차대사람,안전운전 의무 불이행,단일로,화물차,보행자,126.7683279,33.35817147,1.0,0,0,0,0
2020,7,2,4,야,목,전북,차대차,과속,단일로,승용차,특수차,127.3626895,35.32546235,1.3,0,0,0,0
2020,7,2,10,주,목,경북,차대차,안전운전 의무 불이행,단일로,화물차,이륜차,128.3011815,36.35529542,1.0,0,0,0,0
2020,7,2,14,주,목,경기,차대차,신호위반,교차로,승용차,화물차,127.612281,37.27677926,1.6,4,1,0,0
2020,7,2,16,주,목,충남,차량단독,안전운전 의무 불이행,단일로,농기계,없음,126.4015037,36.44851628,1.0,0,0,0,0
2020,7,2,17,주,목,부산,차대차,신호위반,교차로,이륜차,승용차,129.007871,35.1961054,1.0,3,4,0,3
2020,7,2,17,주,목,경기,차대사람,안전운전 의무 불이행,교차로,화물차,보행자,127.0488448,37.72832886,1.0,12,0,1,3
2020,7,3,0,야,금,충북,차대차,안전운전 의무 불이행,단일로,화물차,화물차,127.480999,36.75675397,1.6,1,0,1,2
2020,7,3,2,야,금,충남,차대사람,안전운전 의무 불이행,단일로,승용차,보행자,126.7065784,36.84305615,1.0,1,1,0,0
2020,7,3,10,주,금,전남,차대사람,안전운전 의무 불이행,단일로,화물차,보행자,127.4897822,34.94668781,1.0,4,2,0,3
2020,7,3,15,주,금,경기,차대사람,보행자 보호의무 위반,교차로,건설기계,보행자,126.8458234,37.29990316,1.0,3,2,1,1
2020,7,3,16,주,금,경북,차대차,안전운전 의무 불이행,교차로,이륜차,승합차,128.7340345,35.82252674,1.0,12,1,0,3
2020,7,3,21,야,금,충남,차대사람,과속,교차로,승용차,보행자,126.6913789,36.02482249,1.0,0,0,0,0
2020,7,3,22,야,금,충북,차대사람,안전운전 의무 불이행,단일로,승용차,보행자,127.4633384,36.62396036,1.7,1,0,0,0
2020,7,4,6,주,토,경남,차대차,안전운전 의무 불이행,단일로,건설기계,자전거,128.7642644,35.23540153,1.0,0,0,0,0
2020,7,4,6,주,토,울산,차대사람,안전운전 의무 불이행,단일로,화물차,보행자,129.2849811,35.46464985,1.0,0,0,0,0
2020,7,4,9,주,토,부산,차대차,안전운전 의무 불이행,단일로,승용차,자전거,129.0920807,35.19292661,1.0,10,2,0,5
2020,7,4,10,주,토,경북,차대차,중앙선 침범,단일로,이륜차,승용차,128.6755849,36.21915578,1.7,0,0,0,0
2020,7,4,17,주,토,충북,차량단독,안전운전 의무 불이행,기타,승용차,없음,127.6068012,36.87732429,1.0,0,0,0,0
2020,7,5,6,주,일,대전,차대차,안전운전 의무 불이행,단일로,승용차,화물차,127.4338259,36.37167555,1.7,16,3,0,2
2020,7,5,7,주,일,부산,차량단독,안전운전 의무 불이행,단일로,승용차,없음,129.117434,35.23439734,1.0,4,0,0,1
2020,7,5,9,주,일,전북,차대사람,안전운전 의무 불이행,단일로,승합차,보행자,126.6831421,35.43046408,1.0,0,0,0,0
2020,7,5,14,주,일,충남,차대차,안전운전 의무 불이행,단일로,화물차,이륜차,126.829733,36.36680258,1.0,0,0,0,0
2020,7,5,15,주,일,전북,차량단독,안전운전 의무 불이행,단일로,이륜차,없음,127.6003257,35.90979856,1.0,0,0,0,0
2020,7,5,16,주,일,경남,차대차,안전운전 의무 불이행,교차로,승용차,이륜차,128.5458377,35.23718865,1.0,2,1,2,1
2020,7,5,22,야,일,경남,차대사람,안전운전 의무 불이행,교차로,승용차,보행자,128.7319657,34.87839611,1.0,4,0,0,1
2020,7,6,0,야,월,경기,차량단독,안전운전 의무 불이행,기타,승용차,없음,126.8608576,37.23259759,1.0,0,0,0,0
2020,7,6,4,야,월,전북,차대사람,과속,교차로,승용차,보행자,127.1213954,35.85982301,1.3,16,8,0,1
2020,7,6,7,주,월,전남,차량단독,안전운전 의무 불이행,단일로,화물차,없음,127.3597648,34.69501351,1.0,1,0,0,0
2020,7,6,9,주,월,충북,차대사람,안전운전 의무 불이행,단일로,화물차,보행자,127.5020198,36.87762467,1.0,0,0,0,0
2020,7,6,10,주,월,경기,차대차,안전운전 의무 불이행,단일로,승용차,화물차,126.8648484,37.35873157,1.0,0,0,5,0
2020,7,6,13,주,월,전북,차대차,기타,교차로,이륜차,승용차,126.9076216,35.89103896,1.0,2,0,0,0
2020,7,6,15,주,월,경기,차대차,중앙선 침범,교차로,기타,화물차,126.7812077,37.87667108,1.7,0,0,0,0
2020,7,6,17,주,월,서울,차대사람,보행자 보호의무 위반,교차로,승용차,보행자,127.0333026,37.66733402,1.0,2,3,0,0
2020,7,6,20,야,월,경북,차대차,과속,단일로,승용차,승용차,128.5788372,36.13483762,2.3,0,0,0,2
2020,7,6,21,야,월,강원,차대차,중앙선 침범,단일로,승용차,승용차,128.8139222,37.85880915,1.7,0,0,0,0
2020,7,6,23,야,월,경기,차대사람,과속,단일로,승용차,보행자,127.0623397,37.76846152,1.0,0,0,0,1
2020,7,7,0,야,화,광주,차대차,안전운전 의무 불이행,단일로,승용차,승용차,126.7764521,35.06908778,1.3,0,0,0,0
2020,7,7,2,야,화,서울,차량단독,안전운전 의무 불이행,단일로,이륜차,없음,127.0807278,37.50341283,1.0,5,1,0,1
2020,7,7,7,주,화,부산,차대사람,안전운전 의무 불이행,단일로,승용차,보행자,128.972194,35.05729318,1.0,4,2,0,0
2020,7,7,8,주,화,충남,차량단독,안전운전 의무 불이행,단일로,이륜차,없음,126.8024423,36.8661484,1.0,0,0,0,0
2020,7,7,8,주,화,경기,차대차,안전운전 의무 불이행,단일로,화물차,화물차,126.8590512,37.37384335,2.2,0,2,1,0
2020,7,7,10,주,화,경기,차대사람,안전운전 의무 불이행,교차로,승용차,보행자,127.0479988,37.70508942,1.0,5,2,0,1
2020,7,7,18,야,화,경남,차대사람,과속,단일로,이륜차,보행자,128.3708582,35.06129365,1.7,3,1,0,0
2020,7,7,20,야,화,강원,차대차,안전운전 의무 불이행,단일로,화물차,자전거,127.6742894,37.84112197,1.0,0,0,0,0
2020,7,8,0,야,수,경기,차대차,안전운전 의무 불이행,단일로,승용차,화물차,126.8761605,37.15802536,1.0,0,0,1,1
2020,7,8,0,야,수,대전,차대사람,보행자 보호의무 위반,단일로,승용차,보행자,127.3786653,36.37934942,1.0,0,1,0,1
2020,7,8,3,야,수,울산,차대차,과속,단일로,화물차,자전거,129.1401129,35.60266761,1.0,2,1,2,2
2020,7,8,11,주,수,전북,차대차,중앙선 침범,단일로,건설기계,이륜차,127.3549862,35.37497152,1.0,1,0,0,0
2020,7,8,17,주,수,전북,차량단독,안전운전 의무 불이행,단일로,이륜차,없음,127.3159088,35.62212327,1.0,0,0,0,0
2020,7,8,18,야,수,전북,차대차,안전운전 의무 불이행,교차로,승용차,자전거,127.0062235,35.87535336,1.0,2,0,0,1
2020,7,8,21,야,수,경남,차대차,안전운전 의무 불이행,교차로,승용차,승용차,128.7641361,35.26819525,1.0,1,0,0,0
2020,7,8,22,야,수,울산,차대사람,안전운전 의무 불이행,교차로,승용차,보행자,129.344626,35.52233337,1.0,2,0,0,1
2020,7,9,3,야,목,경기,차대사람,과속,교차로,승용차,보행자,127.4021952,37.30852132,3.0,3,1,0,1
2020,7,9,5,야,목,경기,차량단독,안전운전 의무 불이행,단일로,화물차,없음,127.2052395,37.68361283,1.0,0,0,0,0
2020,7,9,8,주,목,경북,차대차,중앙선 침범,단일로,화물차,승용차,128.8301023,36.53902718,2.7,0,0,0,1
2020,7,9,10,주,목,충남,차량단독,안전운전 의무 불이행,단일로,사륜오토바이(ATV),없음,126.7581424,36.50913294,1.0,0,0,0,0
2020,7,9,10,주,목,경북,차대차,신호위반,교차로,화물차,이륜차,128.377837,36.4364871,1.0,2,0,0,1
2020,7,9,11,주,목,경북,차대사람,교차로 통행방법 위반,교차로,화물차,보행자,128.1538859,36.41266343,1.0,8,1,0,1
2020,7,9,19,야,목,서울,차대사람,안전운전 의무 불이행,단일로,승용차,보행자,127.0150836,37.65757299,1.0,2,1,0,0
2020,7,9,19,야,목,경북,차대차,안전운전 의무 불이행,교차로,승용차,원동기장치자전거,128.9721039,36.03446934,1.0,0,0,0,0
2020,7,9,23,야,목,경북,차대사람,안전운전 의무 불이행,단일로,승용차,보행자,129.1204463,36.66424464,1.0,2,1,0,0
2020,7,10,2,야,금,경북,차대차,안전운전 의무 불이행,단일로,화물차,화물차,128.2659274,36.16472664,1.0,0,0,0,0
2020,7,10,5,야,금,경남,차량단독,안전운전 의무 불이행,단일로,이륜차,없음,128.0760512,35.15438645,1.0,0,0,0,0
2020,7,10,5,야,금,대전,차대사람,안전운전 의무 불이행,단일로,승용차,보행자,127.3705762,36.32910711,1.0,4,3,0,1
2020,7,10,21,야,금,강원,차대차,안전운전 의무 불이행,단일로,승합차,승용차,128.8334742,37.78753609,3.0999999999999996,0,0,0,0
2020,7,10,21,야,금,경북,차대차,신호위반,교차로,자전거,승용차,129.3447112,36.0039932,1.0,2,0,0,0
2020,7,10,21,야,금,경기,차량단독,안전운전 의무 불이행,단일로,자전거,없음,127.3731975,37.66085675,1.0,0,0,0,0
2020,7,11,2,야,토,경기,차대사람,안전운전 의무 불이행,교차로,승용차,보행자,127.4761987,37.2426489,1.0,0,0,0,0
2020,7,11,3,야,토,전남,차량단독,안전운전 의무 불이행,단일로,승용차,없음,126.3120256,34.9721767,1.7,0,0,0,0
2020,7,11,8,주,토,경기,차대차,안전운전 의무 불이행,단일로,승용차,승용차,127.1251697,37.42148821,4.1,6,0,2,8
2020,7,11,9,주,토,부산,차대사람,안전운전 의무 불이행,교차로,화물차,보행자,129.0506479,35.15713864,1.0,7,2,2,5
2020,7,11,12,주,토,충남,차대차,안전운전 의무 불이행,단일로,이륜차,승용차,127.0183252,36.32958597,1.0,0,0,0,0
2020,7,11,13,주,토,충남,차량단독,안전운전 의무 불이행,단일로,이륜차,없음,127.1646565,36.82714752,1.0,0,0,0,2
2020,7,11,13,주,토,경기,차량단독,안전운전 의무 불이행,단일로,자전거,없음,127.09905,37.98412085,1.0,0,0,0,0
2020,7,11,14,주,토,경기,차대차,중앙선 침범,교차로,승용차,이륜차,127.0305778,37.24331635,1.0,5,1,1,0
2020,7,11,22,야,토,경기,차대사람,안전운전 의무 불이행,단일로,승용차,보행자,126.8044152,37.43066308,1.0,3,1,0,1