발생년,발생월,발생일,발생시,주야,요일,발생지시도,사고유형_대분류,가해자법규위반,도로형태_대분류,가해자_당사자종별,피해자_당사자종별,경도,위도,사상자수,반경500m카메라수,반경500m학교수,반경500m전광판수,반경500m사고건수
2020,8,8,21,야,토,충북,차대차,안전운전 의무 불이행,단일로,승용차,화물차,127.6811176,36.65335236,1.0,0,0,0,0
2020,8,9,3,야,일,인천,차대차,안전운전 의무 불이행,단일로,화물차,화물차,126.7408415,37.40222159,1.0,10,0,0,5
2020,8,9,4,야,일,충남,차량단독,안전운전 의무 불이행,단일로,이륜차,없음,127.1178053,36.7957343,1.0,14,1,0,1
2020,8,9,5,야,일,경기,차대차,안전운전 의무 불이행,교차로,승용차,화물차,127.0569613,37.70502429,1.3,1,0,1,1
2020,8,9,16,주,일,충북,차대차,안전운전 의무 불이행,단일로,특수차,승용차,127.8897514,36.21691218,2.4,0,0,0,1
2020,8,9,17,주,일,경북,차대차,안전운전 의무 불이행,교차로,화물차,자전거,128.7003561,36.33442712,1.0,0,0,0,0
2020,8,9,18,야,일,대구,차대차,중앙선 침범,단일로,승용차,승용차,128.5633697,35.85986007,4.1,3,1,1,2
2020,8,9,19,야,일,서울,차대사람,안전운전 의무 불이행,단일로,화물차,보행자,126.9569972,37.48991582,1.0,17,2,0,4
2020,8,9,20,야,일,대전,차량단독,안전운전 의무 불이행,단일로,화물차,화물차,127.3563513,36.29698679,1.7,1,1,0,3
2020,8,10,5,야,월,서울,차대차,신호위반,교차로,승용차,이륜차,126.9027274,37.46990879,1.0,13,0,0,9
2020,8,10,6,주,월,강원,차대사람,보행자 보호의무 위반,단일로,화물차,보행자,127.7305343,37.87725164,1.0,17,1,0,1
2020,8,10,11,주,월,경북,차량단독,안전운전 의무 불이행,단일로,승용차,없음,128.0812633,36.52457382,1.7,0,0,0,0
2020,8,10,12,주,월,전북,차대차,안전운전 의무 불이행,단일로,화물차,원동기장치자전거,127.214822,36.08142184,1.7,0,0,0,0
2020,8,10,13,주,월,강원,차대사람,안전운전 의무 불이행,단일로,화물차,보행자,127.8744625,37.68431957,1.0,3,1,0,0
2020,8,10,13,주,월,전남,차량단독,과속,단일로,승용차,없음,126.3614998,34.98234289,1.7,1,0,0,0
2020,8,10,13,주,월,경남,차량단독,안전운전 의무 불이행,교차로,이륜차,없음,128.2688099,35.17872631,1.0,0,0,1,0
2020,8,10,13,주,월,대전,차대사람,안전운전 의무 불이행,교차로,화물차,보행자,127.3489763,36.30387455,1.0,8,2,0,2
2020,8,10,14,주,월,경기,차대차,안전거리 미확보,단일로,화물차,화물차,126.7456282,37.27845804,1.3,0,0,0,0
2020,8,10,16,주,월,인천,차량단독,안전운전 의무 불이행,단일로,이륜차,없음,126.7570748,37.42537248,1.0,3,2,0,0
2020,8,10,16,주,월,경기,차대사람,안전운전 의무 불이행,단일로,승용차,보행자,127.0560857,37.89895665,1.0,8,1,0,1
2020,8,10,21,야,월,서울,차대차,신호위반,교차로,원동기장치자전거,승용차,127.0771031,37.53805259,2.4,2,4,0,0
2020,8,10,22,야,월,경기,차대사람,보행자 보호의무 위반,교차로,화물차,보행자,127.2604399,37.41403379,1.0,0,0,0,3
2020,8,10,22,야,월,경기,차대차,안전운전 의무 불이행,교차로,승용차,승용차,127.0868139,37.16120955,1.3,0,0,4,1
2020,8,11,0,야,화,충북,차대차,안전운전 의무 불이행,기타,승용차,승용차,127.3479335,36.71509638,2.0,0,0,0,3
2020,8,11,0,야,화,경기,차대사람,안전운전 의무 불이행,단일로,승용차,보행자,126.7920123,37.75149172,1.0,1,0,0,1
2020,8,11,1,야,화,경기,차대사람,과속,단일로,승용차,보행자,127.0267194,37.2869465,1.0,8,1,0,5
2020,8,11,2,야,화,경북,차량단독,안전운전 의무 불이행,단일로,승용차,없음,128.4935315,36.0557084,1.0,0,0,0,0
2020,8,11,9,주,화,전남,차대차,중앙선 침범,단일로,승용차,승용차,127.397096,34.57014268,4.8,0,0,0,0
2020,8,11,11,주,화,전북,차대차,안전운전 의무 불이행,교차로,화물차,자전거,126.8850647,35.54155489,1.0,0,1,1,0
2020,8,11,20,야,화,대구,차대사람,안전운전 의무 불이행,교차로,승용차,보행자,128.5741348,35.85518164,1.0,6,3,0,2
2020,8,12,0,야,수,충남,차량단독,안전운전 의무 불이행,단일로,승용차,없음,127.1212514,36.60992274,1.0,0,0,0,1
2020,8,12,5,야,수,경남,차량단독,안전운전 의무 불이행,교차로,이륜차,없음,127.9187493,35.17317466,1.0,0,0,0,1
2020,8,12,6,주,수,경북,차대차,안전운전 의무 불이행,교차로,화물차,자전거,128.6340149,36.82866669,1.0,3,1,0,5
2020,8,12,8,주,수,충남,차량단독,안전운전 의무 불이행,단일로,이륜차,없음,126.5769848,36.34159694,1.0,2,0,0,0
2020,8,12,13,주,수,충남,차대차,안전운전 의무 불이행,교차로,화물차,승용차,126.6267244,36.11676909,1.9,0,0,0,0
2020,8,12,14,주,수,강원,차대차,중앙선 침범,단일로,승용차,승용차,127.7066009,37.73210808,2.4,0,0,0,1
2020,8,12,15,주,수,경기,차량단독,안전운전 의무 불이행,단일로,원동기장치자전거,없음,127.2604601,37.08351642,1.0,4,1,0,0
2020,8,12,15,주,수,전북,차대사람,안전운전 의무 불이행,교차로,승용차,보행자,126.9641655,35.9361679,1.0,4,1,0,2
2020,8,12,17,주,수,대전,차대사람,보행자 보호의무 위반,교차로,화물차,보행자,127.3899811,36.35591137,1.0,7,2,0,1
2020,8,12,20,야,수,전남,차대차,안전운전 의무 불이행,교차로,승용차,이륜차,126.5020875,34.84333787,1.7,2,0,0,2
2020,8,12,20,야,수,대구,차대사람,안전운전 의무 불이행,교차로,승용차,보행자,128.4104977,35.74439004,1.0,0,0,0,1
2020,8,12,21,야,수,대전,차대사람,안전운전 의무 불이행,단일로,화물차,보행자,127.3899944,36.31472888,1.0,4,0,0,2
2020,8,13,1,야,목,경남,차대차,안전운전 의무 불이행,단일로,승용차,자전거,127.9122773,35.68688856,1.0,42,1,0,2
2020,8,13,7,주,목,경기,차대차,안전운전 의무 불이행,교차로,자전거,승용차,126.8067737,37.7400607,1.0,11,0,1,0
2020,8,13,10,주,목,서울,차대차,안전운전 의무 불이행,단일로,자전거,화물차,126.912354,37.51762613,1.0,0,2,0,2
2020,8,13,14,주,목,강원,차량단독,안전운전 의무 불이행,교차로,승용차,없음,127.7782752,37.76681855,1.0,0,0,0,0
2020,8,13,14,주,목,인천,차대사람,안전운전 의무 불이행,단일로,화물차,보행자,126.7328498,37.53315425,1.0,18,6,1,2
2020,8,13,15,주,목,충남,차대차,안전거리 미확보,단일로,이륜차,승용차,127.164371,36.80006665,1.0,5,0,1,5
2020,8,13,16,주,목,경기,차량단독,안전운전 의무 불이행,교차로,농기계,없음,126.7024117,37.2413083,1.0,0,0,0,0
2020,8,13,22,야,목,부산,차대사람,안전운전 의무 불이행,교차로,승합차,보행자,129.0187534,35.11802492,1.0,6,4,1,0
2020,8,13,23,야,목,대구,차대차,신호위반,교차로,이륜차,화물차,128.5072919,35.85167923,1.3,9,0,1,4
2020,8,14,0,야,금,경북,차대차,안전운전 의무 불이행,단일로,승용차,화물차,128.2932569,36.356367,1.0,0,0,0,0
2020,8,14,7,주,금,경북,차대차,안전운전 의무 불이행,단일로,이륜차,화물차,128.6030651,35.6315649,1.0,0,0,0,1
2020,8,14,8,주,금,서울,차대차,안전운전 의무 불이행,교차로,화물차,승용차,126.9705628,37.54511321,1.0,2,3,0,1
2020,8,14,9,주,금,전남,차대사람,안전운전 의무 불이행,단일로,승용차,보행자,127.2940958,35.03983514,1.0,0,0,0,0
2020,8,14,11,주,금,경남,차대사람,안전운전 의무 불이행,교차로,화물차,보행자,128.7503516,35.48592562,1.0,8,0,0,3
2020,8,14,11,주,금,경기,차대사람,신호위반,교차로,화물차,보행자,126.7637474,37.68956952,1.0,17,3,1,2
2020,8,14,16,주,금,전남,차대차,안전운전 의무 불이행,교차로,건설기계,원동기장치자전거,126.6240341,34.40893366,1.0,0,1,0,0
2020,8,14,19,야,금,경기,차량단독,안전운전 의무 불이행,교차로,승용차,없음,127.6607711,37.2065219,1.0,6,3,0,0
2020,8,14,20,야,금,충남,차대차,안전운전 의무 불이행,교차로,화물차,이륜차,126.5887606,36.42876341,1.7,0,0,1,0
2020,8,15,3,야,토,대구,차대차,신호위반,교차로,이륜차,승용차,128.6505425,35.85681195,1.3,1,1,0,2
2020,8,15,5,야,토,경북,차대차,안전운전 의무 불이행,단일로,승용차,화물차,128.9604314,35.97752898,2.3,2,1,0,0
2020,8,15,6,주,토,경기,차량단독,안전운전 의무 불이행,교차로,승용차,없음,126.804833,37.29604594,1.0,0,0,0,0
2020,8,15,12,주,토,경기,차대차,안전운전 의무 불이행,단일로,승용차,농기계,126.9719096,37.98424963,1.7,1,0,0,0
2020,8,15,14,주,토,경북,차대차,중앙선 침범,단일로,화물차,승용차,128.6008885,35.66450199,2.0,0,0,0,1
2020,8,15,16,주,토,충북,차대차,과속,교차로,승용차,승용차,127.5450909,36.61780022,2.0,0,0,0,0
2020,8,15,21,야,토,경북,차대사람,안전운전 의무 불이행,교차로,승용차,보행자,129.2906962,35.83700374,1.0,2,0,1,1
2020,8,16,1,야,일,경기,차량단독,안전운전 의무 불이행,단일로,승용차,없음,127.1882008,37.88193152,1.0,3,0,0,1
2020,8,16,2,야,일,경기,차대차,안전운전 의무 불이행,단일로,승용차,승용차,126.8125908,37.43519968,4.3,0,0,0,1
2020,8,16,3,야,일,경기,차대차,안전운전 의무 불이행,단일로,승용차,화물차,127.0661988,37.12450241,1.0,10,0,1,0
2020,8,16,4,야,일,경기,차대차,과속,단일로,승용차,이륜차,127.0277448,37.2708968,1.0,9,2,1,0
2020,8,16,5,야,일,경기,차대차,안전운전 의무 불이행,단일로,승용차,화물차,127.2198417,37.57635243,1.0,4,2,1,2
2020,8,16,7,주,일,강원,차량단독,안전운전 의무 불이행,교차로,이륜차,없음,127.7508871,37.91711976,1.0,1,0,0,0
2020,8,16,18,야,일,전남,차대차,안전운전 의무 불이행,단일로,이륜차,화물차,126.3471462,34.49786842,1.0,0,0,0,0
2020,8,16,21,야,일,서울,차대사람,안전운전 의무 불이행,교차로,승용차,보행자,126.9137833,37.55462729,1.0,15,1,0,0
2020,8,16,23,야,일,경기,차량단독,안전운전 의무 불이행,단일로,승용차,없음,127.1972222,37.07085101,1.0,0,0,1,0
2020,8,16,23,야,일,강원,차량단독,안전운전 의무 불이행,단일로,화물차,없음,128.2635133,37.28774312,1.0,0,1,0,0
2020,8,17,7,주,월,경북,차대차,안전운전 의무 불이행,단일로,화물차,건설기계,128.5666309,36.58460278,2.4,0,2,0,4
2020,8,17,10,주,월,부산,차량단독,안전운전 의무 불이행,단일로,승용차,없음,129.1883317,35.34750274,1.7,0,0,0,1
2020,8,17,11,주,월,서울,차대사람,안전운전 의무 불이행,단일로,승용차,보행자,126.9374202,37.50947376,2.0,4,4,0,7
2020,8,17,13,주,월,대구,차대차,신호위반,교차로,승용차,이륜차,128.4913337,35.8641004,1.0,2,0,0,0
2020,8,17,14,주,월,서울,차대사람,안전운전 의무 불이행,기타,승용차,보행자,127.0158514,37.57259053,1.0,14,2,0,5
2020,8,17,16,주,월,경북,차대차,안전운전 의무 불이행,단일로,승용차,화물차,129.1828421,35.80984025,1.0,0,0,0,0
2020,8,17,18,야,월,전북,차대사람,안전운전 의무 불이행,단일로,승용차,보행자,127.1398414,35.83153395,1.0,11,2,0,8
2020,8,17,19,야,월,경기,차대사람,안전운전 의무 불이행,단일로,승용차,보행자,127.6085828,37.34851572,1.0,0,0,0,0
2020,8,17,19,야,월,경북,차량단독,안전운전 의무 불이행,교차로,이륜차,없음,129.3227655,35.73222909,1.0,6,0,0,0
2020,8,18,1,야,화,경남,차대사람,안전운전 의무 불이행,교차로,승합차,보행자,128.5101451,35.24803223,1.0,4,2,0,1
2020,8,18,5,야,화,경남,차대사람,보행자 보호의무 위반,교차로,승용차,보행자,128.0745281,34.92929673,1.3,6,1,0,1
2020,8,18,7,주,화,경북,차대사람,안전운전 의무 불이행,단일로,승합차,보행자,128.1691361,36.64516503,1.3,2,0,0,0
2020,8,18,7,주,화,광주,차대차,신호위반,교차로,이륜차,승용차,126.8462046,35.20661493,1.3,7,4,0,0
2020,8,18,8,주,화,전남,차량단독,안전운전 의무 불이행,단일로,농기계,없음,127.259604,34.67853474,1.0,0,0,0,0
2020,8,18,9,주,화,대전,차대사람,안전운전 의무 불이행,단일로,화물차,보행자,127.4023916,36.33376225,1.0,12,3,0,2
2020,8,18,12,주,화,경북,차량단독,안전운전 의무 불이행,교차로,화물차,없음,128.5464833,36.58009378,1.0,0,0,0,0
2020,8,18,13,주,화,충남,차대차,안전운전 의무 불이행,단일로,화물차,이륜차,127.2551292,36.13129599,1.0,0,0,0,0
2020,8,18,16,주,화,경기,차대차,안전운전 의무 불이행,단일로,승용차,자전거,127.2055025,37.53941607,1.0,5,4,0,2
2020,8,18,21,야,화,전남,차대차,중앙선 침범,단일로,승용차,승용차,126.3879715,34.82113081,2.4,2,1,0,1
2020,8,18,22,야,화,충남,차대사람,안전운전 의무 불이행,기타,승용차,보행자,126.7933438,36.47819084,1.0,0,0,0,0
2020,8,18,23,야,화,충남,차대차,안전운전 의무 불이행,단일로,화물차,화물차,127.1186866,36.6946997,3.4,0,0,0,0
2020,8,19,4,야,수,인천,차대사람,과속,교차로,승합차,보행자,126.7086235,37.40064027,1.0,4,0,0,1
2020,8,19,5,야,수,전남,차량단독,안전운전 의무 불이행,교차로,원동기장치자전거,없음,127.4291513,35.10236206,1.0,0,2,0,0
2020,8,19,8,주,수,전남,차량단독,안전운전 의무 불이행,단일로,승용차,없음,126.9576289,35.0074987,1.0,0,0,0,0
2020,8,19,10,주,수,전북,차량단독,안전운전 의무 불이행,단일로,사륜오토바이(ATV),없음,127.5380512,35.82565523,1.0,0,0,0,0
2020,8,19,12,주,수,전북,차대차,안전운전 의무 불이행,기타,화물차,화물차,127.0544835,35.87646167,3.5999999999999996,3,1,1,3
2020,8,19,15,주,수,대구,차대사람,안전운전 의무 불이행,단일로,승용차,보행자,128.674558,35.84818607,1.0,0,0,0,0
2020,8,19,16,주,수,경남,차대차,중앙선 침범,단일로,이륜차,화물차,127.901046,34.84745575,1.7,0,0,0,2
2020,8,19,18,야,수,경기,차량단독,안전운전 의무 불이행,단일로,이륜차,없음,127.0738384,38.05298021,1.0,0,0,0,0
2020,8,19,19,야,수,전북,차대차,안전운전 의무 불이행,단일로,승용차,농기계,127.4065125,35.78139124,1.0,2,0,0,2
2020,8,19,21,야,수,전북,차대차,안전운전 의무 불이행,단일로,승용차,농기계,127.4047427,35.78086691,1.7,2,0,0,2
2020,8,19,22,야,수,울산,차대차,안전운전 의무 불이행,단일로,승용차,승합차,129.3522373,35.5631993,1.0,6,2,0,1
2020,8,20,5,야,목,대구,차대차,기타,교차로,승용차,자전거,128.5201677,35.80384122,1.0,8,3,0,1
2020,8,20,7,주,목,광주,차대사람,안전운전 의무 불이행,단일로,화물차,보행자,126.7142207,35.162928,1.0,1,0,0,0
2020,8,20,9,주,목,경기,차대차,중앙선 침범,단일로,승용차,승합차,127.4315993,37.28797208,1.3,0,1,0,0
2020,8,20,9,주,목,강원,차량단독,안전운전 의무 불이행,단일로,건설기계,없음,127.884637,37.19491924,1.0,0,0,0,1
2020,8,20,10,주,목,부산,차량단독,안전운전 의무 불이행,단일로,화물차,없음,128.9729842,35.15701699,1.0,0,0,0,3
2020,8,20,11,주,목,서울,차대차,신호위반,단일로,승합차,자전거,126.8108668,37.56140116,1.0,3,3,0,4
2020,8,20,13,주,목,전북,차대차,안전운전 의무 불이행,교차로,승용차,특수차,127.1267032,35.37234584,1.7,0,0,0,0
2020,8,20,14,주,목,경남,차대차,신호위반,교차로,이륜차,화물차,128.1800143,35.01182821,1.0,0,0,0,0
2020,8,20,19,야,목,경북,차대사람,안전운전 의무 불이행,교차로,승용차,보행자,129.3805304,36.06171482,1.0,5,1,0,1
2020,8,21,6,주,금,부산,차대차,안전운전 의무 불이행,교차로,승용차,이륜차,128.9279742,35.20922791,1.0,0,0,0,1
2020,8,21,9,주,금,전남,차대사람,안전운전 의무 불이행,교차로,승용차,보행자,126.6084844,34.57280103,1.0,3,1,0,0
2020,8,21,15,주,금,서울,차대차,신호위반,교차로,자전거,화물차,127.0496215,37.54028728,1.0,2,5,0,1
2020,8,21,17,주,금,충남,차대차,기타,교차로,화물차,이륜차,126.8214208,36.73067033,1.0,2,1,0,0
2020,8,21,17,주,금,대구,차대차,신호위반,교차로,화물차,이륜차,128.4783819,35.87458368,1.0,3,1,0,0
2020,8,21,19,야,금,경북,차대사람,안전운전 의무 불이행,단일로,승용차,보행자,128.3480296,35.70753554,1.0,0,0,0,0
2020,8,21,19,야,금,대구,차대사람,안전운전 의무 불이행,교차로,승용차,보행자,128.5629757,35.87680396,1.0,7,4,0,0
2020,8,21,21,야,금,경북,차대사람,안전운전 의무 불이행,교차로,승용차,보행자,128.1548378,36.41976214,1.0,6,1,0,2
2020,8,22,0,야,토,인천,차대사람,과속,단일로,승용차,보행자,126.6744166,37.45172041,1.0,10,2,1,4
2020,8,22,10,주,토,경기,차대차,과속,교차로,화물차,자전거,126.7328542,37.75864742,1.0,0,0,1,0
2020,8,22,14,주,토,제주,차대차,안전운전 의무 불이행,단일로,승합차,농기계,126.2448129,33.30057191,1.0,0,0,0,0
2020,8,22,19,야,토,경기,차대차,안전운전 의무 불이행,교차로,화물차,화물차,127.5511562,37.1954785,1.0,3,0,0,1
2020,8,23,2,야,일,경기,차량단독,안전운전 의무 불이행,교차로,승용차,없음,127.2269733,37.03414479,1.0,1,0,1,0
2020,8,23,9,주,일,전북,차대차,신호위반,교차로,화물차,이륜차,127.3408324,35.36229491,1.0,1,1,0,0
2020,8,23,9,주,일,경기,차대사람,안전운전 의무 불이행,단일로,이륜차,보행자,127.2424012,37.54674022,1.3,0,0,1,1
2020,8,23,10,주,일,경남,차대차,안전운전 의무 불이행,교차로,이륜차,승용차,128.6303712,34.89273741,1.0,8,1,0,3
2020,8,23,16,주,일,전남,차대차,안전운전 의무 불이행,단일로,이륜차,승용차,126.9149754,35.08579544,1.0,0,0,0,0
2020,8,23,16,주,일,경북,차대차,안전거리 미확보,교차로,화물차,승용차,128.1008742,36.12948923,1.7,2,0,1,3
2020,8,23,17,주,일,강원,차량단독,안전운전 의무 불이행,단일로,이륜차,없음,127.9118396,37.78869905,1.0,0,0,0,1
2020,8,23,17,주,일,충남,차량단독,안전운전 의무 불이행,단일로,이륜차,없음,126.7972209,36.63450514,1.0,2,0,0,0
2020,8,23,17,주,일,전남,차대차,안전운전 의무 불이행,단일로,승용차,이륜차,127.270317,34.62953393,1.0,0,0,0,0
2020,8,23,19,야,일,서울,차대사람,안전운전 의무 불이행,단일로,승용차,보행자,127.0545518,37.55006583,1.0,2,0,0,2
2020,8,23,23,야,일,경북,차대사람,과속,단일로,승용차,보행자,128.6887523,36.54619031,1.0,0,1,0,0
2020,8,24,5,야,월,경북,차대차,안전운전 의무 불이행,단일로,승용차,농기계,127.9618587,36.30781092,1.0,3,0,0,1
2020,8,24,6,주,월,경북,차대차,신호위반,교차로,화물차,자전거,128.0307185,35.98775966,1.0,2,1,0,0
2020,8,24,9,주,월,충북,차대사람,안전운전 의무 불이행,단일로,승용차,보행자,127.5939209,36.98822288,1.0,9,2,0,2
2020,8,24,9,주,월,충남,차대차,안전운전 의무 불이행,단일로,승용차,농기계,127.0352643,36.47694414,2.0,0,0,1,0
2020,8,24,9,주,월,경남,차대차,과속,단일로,승용차,화물차,127.7589664,35.55317772,1.0,0,0,0,0
2020,8,24,13,주,월,경기,차대사람,안전운전 의무 불이행,단일로,승합차,보행자,127.0724324,37.00478862,1.0,0,0,0,0
2020,8,24,14,주,월,강원,차대사람,안전운전 의무 불이행,교차로,화물차,보행자,127.8859851,37.68929834,1.0,1,1,0,2
2020,8,24,16,주,월,충남,차대차,중앙선 침범,단일로,이륜차,건설기계,126.3776592,36.74407046,1.0,0,0,0,0
2020,8,24,16,주,월,경남,차대차,안전운전 의무 불이행,단일로,승용차,승용차,128.000969,35.23921877,1.7,1,0,0,1
2020,8,24,18,야,월,충남,차대사람,안전운전 의무 불이행,교차로,승용차,보행자,127.0852332,36.20511689,1.0,6,1,0,1
2020,8,24,19,야,월,전남,차대사람,안전운전 의무 불이행,단일로,승용차,보행자,127.6028025,35.20013985,2.0,3,0,0,0
2020,8,24,20,야,월,충남,차량단독,안전운전 의무 불이행,단일로,승용차,없음,126.7107181,36.0965351,1.0,0,1,0,0
2020,8,25,3,야,화,경북,차량단독,안전운전 의무 불이행,단일로,이륜차,없음,128.9308778,35.72263553,1.0,0,0,0,0
2020,8,25,3,야,화,경기,차량단독,안전운전 의무 불이행,단일로,이륜차,없음,127.122228,37.61069215,1.0,0,0,0,0
2020,8,25,6,주,화,부산,차대차,안전거리 미확보,단일로,승용차,승용차,128.9257113,35.11324231,1.0,3,2,0,1
2020,8,25,9,주,화,경북,차대차,신호위반,교차로,이륜차,승용차,128.1023655,36.12699163,1.0,2,0,1,3
2020,8,25,12,주,화,경기,차대사람,안전운전 의무 불이행,단일로,승용차,보행자,126.8100842,37.48536354,1.0,2,0,0,5
2020,8,25,13,주,화,서울,차대차,신호위반,교차로,승용차,자전거,126.8113592,37.56449112,1.0,4,3,0,2
2020,8,25,15,주,화,경기,차대차,신호위반,교차로,특수차,이륜차,126.8841952,36.94028405,1.0,1,0,0,0
2020,8,25,17,주,화,충남,차량단독,안전운전 의무 불이행,단일로,농기계,없음,126.6053999,36.86539648,1.0,0,0,0,0
2020,8,25,19,야,화,경북,차대사람,안전운전 의무 불이행,단일로,승용차,보행자,129.111188,35.84185298,1.0,0,0,0,0
2020,8,25,19,야,화,경북,차대사람,안전운전 의무 불이행,교차로,화물차,보행자,128.5254515,36.87009959,1.0,2,1,0,0
2020,8,26,5,야,수,경기,차대차,안전운전 의무 불이행,교차로,화물차,이륜차,126.922716,36.97428141,1.0,3,0,0,0
2020,8,26,6,주,수,충북,차대차,중앙선 침범,단일로,승용차,승용차,127.4834583,36.67773008,5.0,1,1,0,1
2020,8,26,10,주,수,전남,차대차,안전운전 의무 불이행,단일로,원동기장치자전거,승용차,126.857478,35.04849804,1.0,0,0,0,0
2020,8,26,11,주,수,광주,차대차,안전운전 의무 불이행,단일로,승용차,이륜차,126.8623485,35.1722021,1.0,5,1,0,1
2020,8,26,16,주,수,경남,차대차,중앙선 침범,교차로,화물차,화물차,128.0939758,35.05093662,2.0,0,0,0,0
2020,8,26,19,야,수,충남,차대차,안전운전 의무 불이행,단일로,승용차,승용차,126.772963,36.0442958,1.0,3,1,0,0
2020,8,26,22,야,수,경기,차대사람,안전운전 의무 불이행,기타,승용차,보행자,126.8219852,37.61263894,1.0,2,0,2,4
2020,8,27,8,주,목,부산,차량단독,안전운전 의무 불이행,단일로,승합차,없음,128.9403895,35.12446354,1.0,0,0,0,1
2020,8,27,9,주,목,경기,차대사람,안전운전 의무 불이행,단일로,승용차,보행자,127.0907111,37.42563742,1.0,7,0,2,0
2020,8,27,11,주,목,전북,차대차,안전운전 의무 불이행,교차로,승용차,원동기장치자전거,127.5209478,35.95680773,1.0,0,0,0,0
2020,8,27,14,주,목,대전,차대사람,안전운전 의무 불이행,단일로,화물차,보행자,127.5108886,36.35090387,1.0,1,0,1,1
2020,8,27,15,주,목,경남,차대사람,안전운전 의무 불이행,단일로,화물차,보행자,128.0199353,34.85626664,1.0,0,0,0,1
2020,8,27,19,야,목,강원,차량단독,안전운전 의무 불이행,단일로,이륜차,없음,128.0575144,37.5956666,1.0,0,0,0,0
2020,8,27,21,야,목,경기,차대차,과속,단일로,승용차,자전거,126.728922,37.33928328,1.0,0,0,0,1
2020,8,27,21,야,목,충북,차대차,안전운전 의무 불이행,단일로,승합차,화물차,127.6721949,36.61564695,1.3,0,0,0,0
2020,8,28,5,야,금,전남,차대차,안전운전 의무 불이행,단일로,승용차,농기계,127.2890402,34.77067029,1.3,0,0,0,1
2020,8,28,5,야,금,광주,차대차,신호위반,교차로,원동기장치자전거,화물차,126.8648941,35.15128699,1.6,1,2,0,1
2020,8,28,7,주,금,경북,차대차,안전운전 의무 불이행,교차로,자전거,승합차,128.3504877,36.08496413,1.0,3,1,0,1
2020,8,28,13,주,금,충남,차대사람,안전운전 의무 불이행,교차로,화물차,보행자,126.601563,36.34579597,1.0,9,2,0,5
2020,8,28,15,주,금,경북,차량단독,안전운전 의무 불이행,단일로,이륜차,없음,129.4896645,35.76180226,1.0,0,0,0,0
2020,8,28,17,주,금,전북,차대차,안전운전 의무 불이행,단일로,화물차,농기계,127.6453829,35.99044576,1.0,0,0,0,1
2020,8,28,18,야,금,전북,차대사람,안전운전 의무 불이행,단일로,화물차,보행자,126.850393,35.51134827,1.0,0,0,0,0
2020,8,28,19,야,금,전남,차대사람,안전운전 의무 불이행,단일로,승용차,보행자,127.0117904,35.03525844,1.0,0,0,0,0
2020,8,29,2,야,토,경기,차대사람,과속,교차로,특수차,보행자,126.8881693,37.29713706,1.0,2,1,0,0
2020,8,29,4,야,토,경북,차량단독,안전운전 의무 불이행,단일로,승용차,없음,128.7964814,36.45823084,1.3,0,0,0,0
2020,8,29,5,야,토,경기,차대차,과속,단일로,승용차,승용차,126.6550807,37.32515029,2.3,0,0,0,1
2020,8,29,5,야,토,강원,차량단독,안전운전 의무 불이행,단일로,승용차,없음,128.8976636,37.73824481,1.0,0,2,1,0
2020,8,29,5,야,토,경북,차대차,중앙선 침범,단일로,승용차,농기계,129.3106886,35.85884431,1.0,0,0,0,0
2020,8,29,10,주,토,대구,차대차,신호위반,교차로,이륜차,화물차,128.5709256,35.87240584,1.0,3,3,0,3
2020,8,29,14,주,토,충북,차대차,교차로 통행방법 위반,교차로,승용차,원동기장치자전거,127.4875172,36.63191657,1.0,0,0,0,4
2020,8,29,17,주,토,충북,차량단독,안전운전 의무 불이행,단일로,화물차,없음,127.6654901,36.93597791,1.0,1,0,0,1
2020,8,29,20,야,토,광주,차대차,안전거리 미확보,단일로,승용차,원동기장치자전거,126.822159,35.2022718,1.0,4,0,0,1
2020,8,29,22,야,토,경기,차대차,과속,단일로,승용차,승용차,127.0544768,37.27269504,2.6999999999999997,12,6,0,0
2020,8,29,23,야,토,경북,차대사람,신호위반,단일로,승용차,보행자,129.3834287,36.08920807,1.0,7,3,0,0
2020,8,30,0,야,일,전남,차량단독,안전운전 의무 불이행,교차로,승용차,없음,126.5638969,34.17877157,1.0,0,0,0,0
2020,8,30,6,주,일,충남,차대차,안전운전 의무 불이행,단일로,화물차,화물차,127.1869087,36.87008174,1.0,0,0,1,0
2020,8,30,6,주,일,충남,차대차,기타,단일로,화물차,승용차,127.1890077,36.89198365,1.0,0,0,1,0
2020,8,30,9,주,일,경북,차대차,안전운전 의무 불이행,단일로,화물차,이륜차,128.1678184,36.20125876,1.0,0,0,0,0
2020,8,30,14,주,일,강원,차량단독,안전거리 미확보,기타,승용차,없음,128.5689203,37.54392244,1.0,0,0,0,0
2020,8,30,16,주,일,경남,차대차,중앙선 침범,단일로,이륜차,화물차,127.9884675,35.31528249,2.3,0,0,0,1
2020,8,30,19,야,일,충남,차량단독,안전운전 의무 불이행,교차로,승용차,없음,127.1381684,36.13357828,1.0,1,0,0,0
2020,8,30,21,야,일,경기,차대차,과속,단일로,승용차,기타,127.2044122,38.07044224,4.3,0,0,0,0
2020,8,30,22,야,일,서울,차대사람,안전운전 의무 불이행,교차로,이륜차,보행자,126.9193725,37.63032696,1.0,9,3,0,2