발생년,발생월,발생일,발생시,주야,요일,발생지시도,사고유형_대분류,가해자법규위반,도로형태_대분류,가해자_당사자종별,피해자_당사자종별,경도,위도,사상자수,반경500m카메라수,반경500m학교수,반경500m전광판수,반경500m사고건수
2020,8,30,23,야,일,전북,차대차,과속,단일로,승용차,농기계,127.6044875,35.72328107,1.0,1,0,0,0
2020,8,30,23,야,일,경기,차대차,안전운전 의무 불이행,교차로,승용차,특수차,127.1153178,37.56424139,1.0,2,0,1,0
2020,8,31,4,야,월,경기,차대사람,안전운전 의무 불이행,단일로,승용차,보행자,127.2155617,37.58209282,1.0,7,2,0,1
2020,8,31,7,주,월,서울,차대사람,안전운전 의무 불이행,교차로,화물차,보행자,126.9782337,37.48183619,1.0,5,2,0,2
2020,8,31,9,주,월,서울,차대사람,신호위반,단일로,승용차,보행자,126.9515923,37.58049911,1.3,3,1,0,3
2020,8,31,10,주,월,경기,차대차,안전운전 의무 불이행,기타,화물차,건설기계,126.8569794,37.34530364,1.0,2,0,0,1
2020,8,31,11,주,월,전남,차대차,안전운전 의무 불이행,단일로,승용차,자전거,127.7496491,34.76083989,1.0,0,0,0,1
2020,8,31,16,주,월,전남,차량단독,안전운전 의무 불이행,단일로,농기계,없음,126.9412718,35.26055243,1.0,0,0,0,0
2020,8,31,18,야,월,서울,차대차,안전거리 미확보,기타,이륜차,승용차,127.097763,37.49143349,1.3,3,4,0,4
2020,9,1,0,야,화,경북,차량단독,안전운전 의무 불이행,단일로,화물차,없음,127.8842367,36.44684029,1.0,0,0,0,0
2020,9,1,6,주,화,서울,차대차,안전운전 의무 불이행,교차로,승용차,화물차,126.9025215,37.57436165,1.0,9,2,0,4
2020,9,1,8,주,화,전북,차대사람,보행자 보호의무 위반,교차로,승용차,보행자,126.7312604,35.72164638,1.0,4,0,0,1
2020,9,1,9,주,화,경기,차대사람,안전운전 의무 불이행,교차로,자전거,보행자,127.2295505,37.6443006,1.0,1,2,0,2
2020,9,1,10,주,화,경기,차대사람,보행자 보호의무 위반,단일로,승용차,보행자,127.3120832,37.65317691,1.0,1,0,1,3
2020,9,1,11,주,화,충북,차대차,안전운전 의무 불이행,단일로,화물차,특수차,127.8199755,36.45527877,1.0,1,0,1,0
2020,9,1,11,주,화,충남,차대차,안전운전 의무 불이행,단일로,특수차,화물차,127.1221337,36.73601653,1.3,4,0,0,0
2020,9,1,13,주,화,경기,차량단독,중앙선 침범,기타,이륜차,없음,126.7537506,37.49150183,1.0,14,3,0,2
2020,9,1,14,주,화,경기,차대차,안전운전 의무 불이행,교차로,승용차,자전거,127.1049434,37.30233175,1.0,4,1,2,0
2020,9,1,14,주,화,전북,차대차,과속,교차로,승용차,승용차,126.5336298,35.93532942,3.0999999999999996,1,0,0,0
2020,9,1,16,주,화,충북,차량단독,안전운전 의무 불이행,단일로,원동기장치자전거,없음,127.5513436,36.72082033,1.0,1,0,0,0
2020,9,1,17,주,화,전북,차대차,중앙선 침범,단일로,승용차,이륜차,127.0159834,35.57682438,1.3,0,0,0,0
2020,9,1,18,야,화,전북,차대차,중앙선 침범,교차로,화물차,승용차,127.1602732,35.83365633,1.3,14,2,0,0
2020,9,1,18,야,화,대구,차대차,과속,교차로,이륜차,승용차,128.7084504,35.83628302,1.0,6,3,0,0
2020,9,1,19,야,화,경기,차대사람,안전운전 의무 불이행,단일로,이륜차,보행자,127.0595217,37.07034747,2.4,14,1,0,2
2020,9,1,19,야,화,경남,차대사람,과속,단일로,승용차,보행자,128.6104758,35.2134854,1.0,3,0,1,1
2020,9,1,22,야,화,전남,차대차,안전운전 의무 불이행,단일로,승용차,자전거,127.2639534,34.8266062,1.0,0,0,2,1
2020,9,1,23,야,화,서울,차량단독,안전운전 의무 불이행,단일로,원동기장치자전거,없음,126.9024906,37.60231206,1.0,2,1,0,2
2020,9,1,23,야,화,경기,차대차,신호위반,교차로,승합차,화물차,126.8077426,37.02572397,1.0,1,0,0,0
2020,9,2,0,야,수,경기,차량단독,안전운전 의무 불이행,단일로,이륜차,없음,127.0442217,37.70312801,1.0,3,2,1,2
2020,9,2,6,주,수,충북,차대사람,안전운전 의무 불이행,교차로,승용차,보행자,127.8020624,36.97543584,1.0,1,0,0,1
2020,9,2,8,주,수,충북,차량단독,안전운전 의무 불이행,단일로,승용차,없음,127.4290452,36.93071737,1.0,2,2,0,0
2020,9,2,13,주,수,전남,차대차,안전운전 의무 불이행,교차로,화물차,이륜차,126.463977,34.80181968,1.0,1,0,0,1
2020,9,2,20,야,수,경기,차대차,안전운전 의무 불이행,단일로,화물차,화물차,126.7980876,37.07675954,1.3,0,0,0,0
2020,9,2,21,야,수,대구,차량단독,안전운전 의무 불이행,단일로,이륜차,없음,128.4367865,35.71999477,1.0,1,0,0,0
2020,9,3,2,야,목,충북,차량단독,안전운전 의무 불이행,단일로,승용차,없음,127.4878586,36.59490997,1.0,1,0,0,1
2020,9,3,3,야,목,부산,차량단독,안전운전 의무 불이행,단일로,승용차,없음,129.041555,35.21338869,1.0,2,0,0,1
2020,9,3,5,야,목,부산,차대사람,안전운전 의무 불이행,단일로,승용차,보행자,129.0489311,35.15715069,1.0,7,2,2,4
2020,9,3,14,주,목,강원,차대차,안전거리 미확보,단일로,자전거,특수차,127.7719251,37.84896678,1.0,2,0,2,1
2020,9,3,17,주,목,경남,차대차,안전운전 의무 불이행,단일로,승용차,승용차,128.5160652,35.20362087,1.7,0,1,0,0
2020,9,3,20,야,목,서울,차대사람,과속,단일로,승용차,보행자,127.0667672,37.63914079,1.0,4,3,0,1
2020,9,4,5,야,금,경기,차대사람,신호위반,교차로,화물차,보행자,126.7365712,37.35536824,1.0,4,2,0,1
2020,9,4,5,야,금,전남,차대사람,보행자 보호의무 위반,단일로,화물차,보행자,127.6267442,34.63314723,1.0,0,0,0,0
2020,9,4,11,주,금,경기,차대차,신호위반,교차로,이륜차,화물차,127.1098327,37.37367463,1.0,12,4,2,0
2020,9,4,11,주,금,충북,차대차,기타,단일로,화물차,승용차,128.2553685,37.17715381,1.0,0,0,0,1
2020,9,4,12,주,금,경북,차량단독,안전운전 의무 불이행,단일로,화물차,없음,128.4921857,35.93417217,1.0,1,0,0,0
2020,9,4,14,주,금,인천,차량단독,안전운전 의무 불이행,단일로,이륜차,없음,126.6249327,37.38939647,1.0,1,0,0,0
2020,9,4,15,주,금,경북,차대차,안전운전 의무 불이행,단일로,승용차,이륜차,128.3399376,36.274686,1.0,0,0,0,1
2020,9,4,16,주,금,제주,차량단독,안전운전 의무 불이행,단일로,승용차,없음,126.5537639,33.44868339,2.0,1,0,0,0
2020,9,4,16,주,금,제주,차량단독,안전운전 의무 불이행,단일로,특수차,없음,126.4876642,33.44680304,1.0,0,0,1,0
2020,9,4,17,주,금,경북,차대차,안전운전 의무 불이행,교차로,사륜오토바이(ATV),화물차,128.5165445,36.69115998,1.0,0,0,0,0
2020,9,4,18,야,금,전남,차대사람,안전운전 의무 불이행,단일로,건설기계,보행자,126.9231277,34.67996781,1.0,0,0,0,1
2020,9,4,22,야,금,경남,차대차,안전운전 의무 불이행,단일로,승용차,자전거,128.3048656,34.97554596,1.0,1,2,0,0
2020,9,5,0,야,토,경기,차량단독,안전운전 의무 불이행,단일로,이륜차,없음,126.8581363,37.31549236,1.0,3,0,0,0
2020,9,5,5,야,토,대구,차대사람,안전운전 의무 불이행,단일로,자전거,보행자,128.6634947,35.81399834,1.3,0,0,0,0
2020,9,5,10,주,토,충남,차대차,신호위반,교차로,화물차,이륜차,126.8302155,36.21789929,1.0,2,0,0,0
2020,9,5,11,주,토,충북,차대차,안전운전 의무 불이행,교차로,화물차,승용차,127.5546091,36.31719218,1.3,2,0,0,0
2020,9,5,15,주,토,제주,차대사람,중앙선 침범,단일로,승용차,보행자,126.3421102,33.31189778,1.7,0,0,0,0
2020,9,5,21,야,토,경북,차대사람,안전운전 의무 불이행,단일로,승합차,보행자,129.3656671,36.03407466,1.0,10,1,0,6
2020,9,6,0,야,일,전남,차대사람,안전운전 의무 불이행,단일로,승용차,보행자,127.7339844,34.73921929,1.3,3,1,3,1
2020,9,6,2,야,일,경기,차량단독,안전운전 의무 불이행,단일로,이륜차,없음,127.3707429,37.52655267,1.0,1,0,0,2
2020,9,6,6,주,일,경기,차대사람,신호위반,교차로,건설기계,보행자,126.8038132,37.73502294,1.0,0,0,1,0
2020,9,6,8,주,일,경북,차량단독,중앙선 침범,단일로,화물차,없음,129.2353237,35.84737205,1.3,2,0,0,1
2020,9,6,10,주,일,경북,차대사람,중앙선 침범,단일로,화물차,보행자,127.9436986,36.28744176,1.0,1,0,0,0
2020,9,6,15,주,일,서울,차대사람,안전운전 의무 불이행,단일로,승용차,보행자,126.9483334,37.59929854,1.3,11,1,0,0
2020,9,6,16,주,일,경북,차대차,중앙선 침범,단일로,이륜차,특수차,129.2334722,35.91790368,1.7,0,0,0,0
2020,9,6,19,야,일,충남,차대사람,과속,교차로,화물차,보행자,127.0005413,36.79508334,1.0,0,0,0,1
2020,9,7,1,야,월,경남,차대차,안전운전 의무 불이행,단일로,승용차,승용차,128.1482278,35.1695671,2.2,5,1,0,1
2020,9,7,5,야,월,경기,차대차,안전운전 의무 불이행,단일로,화물차,승용차,127.104867,37.24183071,1.6,6,1,2,3
2020,9,7,5,야,월,대전,차대사람,신호위반,교차로,승용차,보행자,127.3346782,36.30753395,1.0,2,4,0,1
2020,9,7,9,주,월,경기,차대차,안전운전 의무 불이행,단일로,화물차,화물차,127.1234539,37.42783744,1.3,1,0,3,2
2020,9,7,12,주,월,전남,차대차,교차로 통행방법 위반,교차로,승용차,이륜차,126.7483478,34.91985383,1.0,4,2,0,0
2020,9,7,15,주,월,강원,차대차,안전운전 의무 불이행,교차로,사륜오토바이(ATV),승용차,129.030962,37.60625943,1.0,0,2,0,0
2020,9,7,20,야,월,서울,차대사람,안전운전 의무 불이행,단일로,승용차,보행자,127.0532128,37.60593531,1.0,3,1,0,2
2020,9,7,21,야,월,경기,차대사람,보행자 보호의무 위반,교차로,승합차,보행자,126.9338872,37.35886581,1.0,27,0,0,5
2020,9,7,23,야,월,광주,차대사람,과속,단일로,승용차,보행자,126.8625783,35.15119367,1.0,1,3,0,1
2020,9,8,0,야,화,대전,차대차,신호위반,교차로,화물차,이륜차,127.4564087,36.3168992,1.0,16,2,0,1
2020,9,8,13,주,화,강원,차대차,신호위반,교차로,이륜차,승합차,127.7323582,37.86492808,1.3,7,1,0,4
2020,9,8,15,주,화,서울,차대사람,안전운전 의무 불이행,교차로,건설기계,보행자,126.9345105,37.50161087,1.0,1,2,0,2
2020,9,8,16,주,화,충북,차량단독,안전운전 의무 불이행,단일로,화물차,없음,127.737154,37.01463368,1.7,0,0,0,0
2020,9,8,16,주,화,경남,차대차,신호위반,교차로,승용차,이륜차,128.6316502,35.19155043,1.0,1,0,0,3
2020,9,8,16,주,화,제주,차량단독,안전운전 의무 불이행,단일로,이륜차,없음,126.5799952,33.52414343,1.0,1,0,0,1
2020,9,8,21,야,화,대구,차대사람,안전운전 의무 불이행,단일로,승용차,보행자,128.7058804,35.84058221,1.0,7,2,0,2
2020,9,9,0,야,수,인천,차대차,중앙선 침범,단일로,승용차,원동기장치자전거,126.3744707,37.44743263,1.0,1,0,0,0
2020,9,9,6,주,수,제주,차대차,기타,교차로,승용차,이륜차,126.5756575,33.25691665,1.0,0,0,1,1
2020,9,9,12,주,수,인천,차대차,신호위반,교차로,자전거,승용차,126.7219165,37.50153574,1.0,6,3,0,4
2020,9,9,15,주,수,충남,차대차,안전거리 미확보,단일로,이륜차,승용차,127.10295,36.18608197,1.7,2,1,0,1
2020,9,9,17,주,수,서울,차대사람,보행자 보호의무 위반,단일로,자전거,보행자,127.1471595,37.5279973,1.7,6,3,0,2
2020,9,9,19,야,수,경북,차대사람,보행자 보호의무 위반,교차로,승합차,보행자,128.7394992,35.64605193,1.0,0,2,0,0
2020,9,9,21,야,수,서울,차대차,중앙선 침범,단일로,원동기장치자전거,승합차,127.1426924,37.53417169,1.6,8,2,0,0
2020,9,9,21,야,수,전남,차량단독,안전운전 의무 불이행,기타,승용차,없음,126.5339496,34.40554101,1.0,0,0,0,0
2020,9,10,9,주,목,경기,차대차,안전운전 의무 불이행,단일로,이륜차,화물차,127.2833698,37.51553628,1.0,0,0,0,1
2020,9,10,15,주,목,서울,차대차,기타,단일로,승용차,이륜차,126.9294913,37.48516493,2.0,26,0,0,5
2020,9,10,15,주,목,경북,차대차,안전운전 의무 불이행,단일로,승용차,자전거,128.4169453,36.13385332,1.0,1,0,0,2
2020,9,10,20,야,목,광주,차대사람,안전운전 의무 불이행,교차로,화물차,보행자,126.869392,35.15599032,1.0,0,2,0,1
2020,9,10,20,야,목,경기,차대차,안전거리 미확보,기타,화물차,화물차,127.1668453,37.61598224,1.0,14,2,0,1
2020,9,11,0,야,금,충북,차대차,안전운전 의무 불이행,교차로,이륜차,화물차,128.2275613,37.12017002,2.0,1,0,0,0
2020,9,11,1,야,금,강원,차량단독,안전운전 의무 불이행,교차로,승용차,없음,127.7064501,37.94624595,1.7,2,0,0,0
2020,9,11,5,야,금,부산,차대사람,과속,단일로,승용차,보행자,128.9789836,35.15123664,1.0,3,0,0,1
2020,9,11,5,야,금,대구,차대사람,안전운전 의무 불이행,교차로,승용차,보행자,128.6063299,35.87258083,1.0,10,0,3,6
2020,9,11,11,주,금,제주,차대차,안전운전 의무 불이행,단일로,화물차,농기계,126.7125643,33.28235004,1.0,1,2,0,1
2020,9,11,14,주,금,전북,차대사람,안전운전 의무 불이행,교차로,승용차,보행자,126.7141146,35.98095731,1.0,8,3,0,5
2020,9,11,16,주,금,충남,차량단독,안전운전 의무 불이행,단일로,자전거,없음,126.5215868,36.76830971,1.0,0,0,0,0
2020,9,11,18,야,금,전북,차대차,안전운전 의무 불이행,교차로,승합차,승용차,126.7042904,35.97363672,1.0,7,5,0,4
2020,9,11,19,야,금,경기,차대사람,안전운전 의무 불이행,교차로,승용차,보행자,127.0625767,36.9692,1.0,1,1,0,1
2020,9,11,19,야,금,강원,차대사람,보행자 보호의무 위반,단일로,승용차,보행자,127.9926691,37.29183675,1.0,1,0,0,0
2020,9,11,22,야,금,경기,차대차,안전운전 의무 불이행,단일로,화물차,화물차,127.1040311,37.24623126,4.5,4,1,2,4
2020,9,12,4,야,토,강원,차량단독,안전운전 의무 불이행,교차로,승용차,없음,128.0107592,37.48405386,1.0,0,0,0,0
2020,9,12,10,주,토,경북,차량단독,안전운전 의무 불이행,단일로,이륜차,없음,128.7883836,36.54606581,1.0,2,1,0,1
2020,9,12,10,주,토,경남,차대차,기타,단일로,화물차,이륜차,128.3484697,35.55686311,1.0,0,0,0,0
2020,9,12,12,주,토,전북,차대차,과속,단일로,승용차,승용차,127.1373627,35.86942932,1.0,4,0,0,1
2020,9,12,18,야,토,충북,차대사람,안전운전 의무 불이행,기타,화물차,보행자,127.9526393,36.82174673,1.0,2,1,0,0
2020,9,12,19,야,토,전남,차대차,안전운전 의무 불이행,기타,승용차,승용차,126.8259147,35.309981,2.9,0,0,0,0
2020,9,12,23,야,토,경기,차대사람,안전운전 의무 불이행,단일로,승용차,보행자,126.8718314,37.10818168,1.0,1,0,0,0
2020,9,12,23,야,토,경기,차대사람,안전운전 의무 불이행,단일로,승용차,보행자,126.7629699,37.66957338,1.0,22,5,1,2
2020,9,13,3,야,일,강원,차대사람,보행자 보호의무 위반,교차로,화물차,보행자,129.1108622,37.49269953,1.0,4,1,1,2
2020,9,13,6,주,일,광주,차량단독,안전운전 의무 불이행,교차로,승용차,없음,126.8560744,35.16290845,1.0,10,4,0,2
2020,9,13,11,주,일,경남,차대차,중앙선 침범,기타,승용차,승용차,128.3064608,35.54984821,2.4,0,0,0,0
2020,9,13,14,주,일,강원,차대사람,보행자 보호의무 위반,교차로,승용차,보행자,127.9507237,37.38241905,1.0,0,0,1,5
2020,9,13,14,주,일,강원,차대차,안전운전 의무 불이행,단일로,이륜차,승용차,128.441811,37.35089162,2.4,0,0,1,0
2020,9,13,18,야,일,경기,차량단독,안전운전 의무 불이행,단일로,이륜차,없음,126.774074,37.52581654,1.0,4,0,1,3
2020,9,13,19,야,일,경북,차대사람,안전운전 의무 불이행,단일로,승용차,보행자,127.8925588,36.62322018,1.0,3,0,0,2
2020,9,13,19,야,일,경남,차대사람,안전운전 의무 불이행,단일로,승용차,보행자,128.6252127,35.32030257,1.0,0,0,0,0
2020,9,13,22,야,일,대구,차대사람,과속,단일로,이륜차,보행자,128.574155,35.83919036,1.7,8,1,0,1
2020,9,13,23,야,일,전남,차대차,중앙선 침범,단일로,승용차,승용차,126.4146671,34.81574519,5.8,4,4,0,3
2020,9,14,1,야,월,경기,차대차,신호위반,교차로,이륜차,승용차,127.1406459,37.46312552,1.3,5,1,1,3
2020,9,14,6,주,월,충북,차량단독,안전운전 의무 불이행,단일로,농기계,없음,127.6920407,36.94651196,1.7,0,0,0,0
2020,9,14,7,주,월,경기,차대차,안전운전 의무 불이행,교차로,승용차,건설기계,126.6201894,37.61104556,1.3,0,0,1,0
2020,9,14,8,주,월,강원,차대차,중앙선 침범,단일로,승용차,승용차,127.695504,37.80538123,1.3,0,0,0,0
2020,9,14,14,주,월,경남,차량단독,안전운전 의무 불이행,단일로,승용차,없음,127.8463484,35.36228214,3.3999999999999995,3,0,0,0
2020,9,14,17,주,월,충남,차대차,안전운전 의무 불이행,기타,농기계,화물차,126.2045518,36.77728658,1.0,0,0,0,0
2020,9,14,18,야,월,경기,차대차,중앙선 침범,단일로,승용차,승용차,126.6043579,37.65572197,1.3,0,0,0,0
2020,9,14,19,야,월,경북,차대사람,안전운전 의무 불이행,단일로,승용차,보행자,128.333015,36.13216573,1.0,8,1,0,1
2020,9,14,20,야,월,전북,차대사람,안전운전 의무 불이행,단일로,승용차,보행자,126.9372513,35.9261588,1.0,1,0,0,1
2020,9,14,22,야,월,대구,차대차,신호위반,교차로,이륜차,승용차,128.483017,35.79526836,1.0,2,0,0,0
2020,9,15,15,주,화,충남,차대사람,안전운전 의무 불이행,단일로,화물차,보행자,126.6849051,36.03162151,1.0,2,1,0,0
2020,9,15,19,야,화,부산,차대차,신호위반,교차로,승용차,자전거,128.9870626,35.15542944,1.0,1,1,0,2
2020,9,15,20,야,화,충남,차대차,과속,교차로,승용차,자전거,127.1247908,36.45839044,1.0,5,2,0,3
2020,9,15,20,야,화,제주,차대사람,안전운전 의무 불이행,교차로,승용차,보행자,126.2254668,33.24438177,1.0,1,0,0,1
2020,9,15,20,야,화,대전,차대차,중앙선 침범,교차로,이륜차,이륜차,127.301678,36.34554693,1.7,10,2,0,2
2020,9,16,14,주,수,전남,차대사람,안전운전 의무 불이행,단일로,화물차,보행자,126.609319,34.21590404,1.0,0,0,0,0
2020,9,16,15,주,수,인천,차대사람,안전운전 의무 불이행,교차로,승용차,보행자,126.7363672,37.40333751,1.0,16,1,0,6
2020,9,16,19,야,수,경남,차대차,과속,단일로,승용차,화물차,128.9776144,35.29805341,2.6999999999999997,0,0,0,0
2020,9,16,19,야,수,충북,차대차,안전운전 의무 불이행,단일로,승합차,화물차,127.4933289,36.84076182,4.8,0,0,0,0
2020,9,16,21,야,수,전남,차대차,안전운전 의무 불이행,단일로,화물차,승용차,127.4305367,34.85240753,2.0,0,0,0,0
2020,9,17,1,야,목,경기,차대차,기타,단일로,승용차,화물차,126.9661082,37.31834532,2.9,0,0,0,0
2020,9,17,3,야,목,부산,차량단독,안전운전 의무 불이행,교차로,승용차,없음,129.0011336,35.10324146,1.0,2,3,0,1
2020,9,17,9,주,목,부산,차대사람,안전운전 의무 불이행,단일로,화물차,보행자,129.0825981,35.18676678,1.0,27,0,0,1
2020,9,17,10,주,목,경기,차대사람,안전운전 의무 불이행,교차로,승합차,보행자,126.8125614,37.48411609,1.0,2,4,0,5
2020,9,17,14,주,목,전북,차대사람,안전운전 의무 불이행,기타,승용차,보행자,127.1409247,35.79726223,1.0,7,2,0,1
2020,9,17,22,야,목,경기,차대차,교차로 통행방법 위반,교차로,승용차,이륜차,126.6060864,37.61270616,1.0,0,0,0,1
2020,9,17,23,야,목,경북,차대사람,안전운전 의무 불이행,단일로,화물차,보행자,129.4044385,36.53678919,1.0,0,0,0,0
2020,9,17,23,야,목,대구,차대차,안전운전 의무 불이행,단일로,승용차,특수차,128.6770482,35.89751273,2.0,1,0,2,0
2020,9,18,3,야,금,서울,차대사람,안전운전 의무 불이행,단일로,건설기계,보행자,126.925723,37.56643771,1.0,2,1,0,0
2020,9,18,4,야,금,대구,차대사람,안전운전 의무 불이행,단일로,화물차,보행자,128.6714106,35.87923931,1.0,4,1,0,3
2020,9,18,7,주,금,경기,차대차,안전운전 의무 불이행,단일로,화물차,승용차,126.9338361,37.04282556,1.3,0,1,1,0
2020,9,18,8,주,금,충남,차대차,안전운전 의무 불이행,단일로,승용차,농기계,126.873239,36.61356414,1.0,0,0,0,1
2020,9,18,9,주,금,경기,차대차,교차로 통행방법 위반,교차로,건설기계,이륜차,127.1658959,37.3563865,1.0,2,0,1,1
2020,9,18,10,주,금,서울,차대사람,안전운전 의무 불이행,교차로,화물차,보행자,126.8873129,37.47372463,1.0,8,0,0,3
2020,9,18,14,주,금,경기,차대차,안전운전 의무 불이행,단일로,화물차,화물차,127.2123848,37.11889866,2.0,0,0,1,0
2020,9,18,15,주,금,경기,차량단독,안전운전 의무 불이행,단일로,이륜차,없음,127.1557512,37.62359379,1.0,37,2,0,0
2020,9,18,16,주,금,충북,차대차,안전운전 의무 불이행,교차로,승용차,이륜차,127.4092688,36.68584614,1.0,0,0,0,2
2020,9,18,16,주,금,경남,차량단독,안전거리 미확보,교차로,원동기장치자전거,없음,127.9066513,35.03699293,1.0,0,0,0,0
2020,9,18,17,주,금,충북,차대차,안전거리 미확보,단일로,화물차,화물차,127.8153362,36.97389591,4.3999999999999995,1,0,0,0
2020,9,18,17,주,금,경기,차대차,기타,교차로,자전거,승용차,127.1455106,37.65861661,1.0,3,1,0,2
2020,9,18,19,야,금,서울,차대사람,안전운전 의무 불이행,단일로,승합차,보행자,127.1221559,37.53531198,1.0,10,4,0,1
2020,9,18,22,야,금,경북,차량단독,안전운전 의무 불이행,단일로,승용차,없음,128.1642377,36.55666652,1.0,2,0,0,0
2020,9,19,2,야,토,강원,차대차,신호위반,교차로,이륜차,승용차,127.725818,37.86508862,1.0,10,0,0,3
2020,9,19,6,주,토,경기,차대사람,보행자 보호의무 위반,교차로,화물차,보행자,126.7826561,37.59864307,1.0,0,0,0,1
2020,9,19,6,주,토,충남,차대차,신호위반,교차로,화물차,이륜차,127.1134928,36.80630359,1.0,18,5,0,0
2020,9,19,8,주,토,경남,차량단독,안전운전 의무 불이행,단일로,승용차,없음,128.105979,35.31232517,1.3,0,0,0,0
2020,9,19,11,주,토,경기,차대사람,신호위반,교차로,화물차,보행자,126.9430916,37.35561947,1.0,12,4,0,2
2020,9,19,13,주,토,경북,차대사람,안전운전 의무 불이행,교차로,승용차,보행자,129.2355671,35.93008841,1.0,0,0,0,0
2020,9,19,18,야,토,대구,차대사람,안전운전 의무 불이행,기타,승용차,보행자,128.6427813,35.89012643,1.0,2,2,0,2
2020,9,19,23,야,토,충남,차대사람,신호위반,단일로,승용차,보행자,127.1380985,36.83280296,2.0,22,3,0,5
2020,9,20,5,야,일,전남,차량단독,안전운전 의무 불이행,단일로,화물차,없음,127.2516669,34.79937538,1.0,0,0,0,1
2020,9,20,6,주,일,경북,차량단독,안전운전 의무 불이행,기타,자전거,없음,128.1094112,36.12398265,1.0,3,1,0,2
2020,9,20,8,주,일,전남,차대차,안전운전 의무 불이행,단일로,화물차,승용차,127.2690697,35.05765345,1.3,0,0,0,0
2020,9,20,11,주,일,부산,차대차,안전운전 의무 불이행,단일로,승용차,화물차,129.1168273,35.23427922,1.0,4,0,0,1
2020,9,20,11,주,일,경남,차량단독,안전운전 의무 불이행,단일로,건설기계,없음,127.9175155,35.61252133,1.0,0,0,0,0
2020,9,20,14,주,일,서울,차량단독,안전운전 의무 불이행,단일로,화물차,없음,126.8644327,37.573941,1.0,1,0,0,0
2020,9,20,14,주,일,충북,차량단독,안전운전 의무 불이행,단일로,이륜차,없음,128.3457061,36.90386704,1.0,0,0,0,0
2020,9,20,16,주,일,충남,차대사람,안전운전 의무 불이행,단일로,승용차,보행자,126.9314195,36.77646428,1.0,2,1,1,0
2020,9,20,18,야,일,충남,차량단독,안전운전 의무 불이행,단일로,원동기장치자전거,없음,126.9631709,36.89297185,1.0,0,0,0,1
2020,9,20,19,야,일,충남,차대차,기타,단일로,이륜차,승용차,126.9580998,36.89113692,2.6,0,0,0,1
2020,9,20,19,야,일,경남,차대사람,안전운전 의무 불이행,교차로,화물차,보행자,128.4795515,34.8832439,1.0,3,1,0,0
2020,9,20,19,야,일,경기,차대사람,안전운전 의무 불이행,단일로,승용차,보행자,126.9175059,37.9807662,1.0,0,0,0,1
2020,9,20,21,야,일,강원,차량단독,안전운전 의무 불이행,단일로,이륜차,없음,127.9644041,37.53804086,1.0,0,1,0,0
2020,9,21,2,야,월,강원,차량단독,과속,단일로,승용차,없음,128.8818666,37.7715921,3.3000000000000003,5,2,0,1
2020,9,21,5,야,월,전북,차대사람,안전운전 의무 불이행,교차로,승용차,보행자,127.1725864,35.931395,1.0,1,0,0,3
2020,9,21,7,주,월,경기,차대사람,안전운전 의무 불이행,단일로,승용차,보행자,126.7689172,37.72905228,1.0,2,0,0,0
2020,9,21,8,주,월,경북,차대차,안전운전 의무 불이행,단일로,승용차,화물차,128.1454922,36.64314096,1.3,0,0,0,0
2020,9,21,9,주,월,대구,차대차,신호위반,교차로,승용차,승용차,128.5721405,35.84203657,2.0,10,3,0,3
2020,9,21,15,주,월,경기,차대사람,안전운전 의무 불이행,교차로,승용차,보행자,126.8165377,37.31050914,1.0,11,3,0,2
2020,9,22,5,야,화,경북,차량단독,안전운전 의무 불이행,단일로,특수차,없음,129.0031165,36.86718107,1.0,0,0,0,0
2020,9,22,6,주,화,울산,차량단독,안전운전 의무 불이행,단일로,승용차,없음,129.1343157,35.59117969,1.0,1,0,0,0
2020,9,22,6,주,화,경기,차대차,안전운전 의무 불이행,단일로,화물차,화물차,126.7527304,37.75207841,1.0,2,0,0,3
2020,9,22,14,주,화,광주,차대차,안전운전 의무 불이행,단일로,이륜차,화물차,126.8553983,35.17344573,1.0,0,0,0,1
2020,9,22,15,주,화,대구,차대차,안전운전 의무 불이행,교차로,승용차,승용차,128.5091766,35.89551575,1.6,0,0,0,1
2020,9,22,16,주,화,충남,차대사람,안전운전 의무 불이행,기타,화물차,보행자,126.8309013,36.25624563,1.0,0,0,0,0
2020,9,22,16,주,화,제주,차대사람,안전운전 의무 불이행,단일로,승용차,보행자,126.1686591,33.32550133,1.0,0,0,0,0
2020,9,22,16,주,화,대구,차대차,안전운전 의무 불이행,단일로,화물차,승용차,128.4997966,35.80417465,1.0,3,2,0,0
2020,9,22,17,주,화,경기,차량단독,안전운전 의무 불이행,단일로,이륜차,없음,126.9876065,37.30528915,1.0,4,1,0,1
2020,9,23,2,야,수,인천,차대차,안전운전 의무 불이행,단일로,승용차,화물차,126.6600015,37.55270422,1.7,3,0,0,1
2020,9,23,3,야,수,부산,차량단독,안전운전 의무 불이행,단일로,이륜차,없음,129.0565496,35.13672264,1.7,7,2,0,4
2020,9,23,7,주,수,경남,차대차,안전운전 의무 불이행,교차로,건설기계,농기계,127.9259353,35.81314953,1.7,0,0,0,0
2020,9,23,9,주,수,경기,차대차,신호위반,교차로,이륜차,승용차,127.0480228,37.72914591,1.0,9,1,1,3