발생년,발생월,발생일,발생시,주야,요일,발생지시도,사고유형_대분류,가해자법규위반,도로형태_대분류,가해자_당사자종별,피해자_당사자종별,경도,위도,사상자수,반경500m카메라수,반경500m학교수,반경500m전광판수,반경500m사고건수
2020,11,2,15,주,월,인천,차대차,안전거리 미확보,단일로,화물차,승용차,126.6607764,37.39650661,1.0,4,0,1,2
2020,11,2,17,주,월,전남,차량단독,안전운전 의무 불이행,단일로,화물차,없음,126.9795575,34.78561175,1.0,0,0,0,0
2020,11,2,18,야,월,경기,차대차,안전운전 의무 불이행,교차로,승용차,원동기장치자전거,126.8204201,37.31296522,1.0,17,3,0,5
2020,11,2,18,야,월,충북,차대사람,안전운전 의무 불이행,단일로,승용차,보행자,127.5676318,36.99508273,1.0,0,0,0,0
2020,11,2,18,야,월,충남,차량단독,기타,단일로,화물차,없음,126.9108241,36.48094725,1.0,0,0,0,0
2020,11,2,19,야,월,강원,차대사람,안전운전 의무 불이행,단일로,승용차,보행자,128.2678378,37.82006664,1.0,0,0,0,0
2020,11,2,19,야,월,전남,차대사람,안전운전 의무 불이행,단일로,승합차,보행자,126.2498224,34.4749358,1.0,0,0,0,0
2020,11,2,21,야,월,경기,차대차,과속,단일로,승용차,이륜차,127.182091,37.33969239,1.0,0,0,1,0
2020,11,3,2,야,화,경북,차량단독,과속,단일로,승용차,없음,128.3823079,36.07989275,2.9,0,0,0,0
2020,11,3,6,주,화,경북,차대사람,보행자 보호의무 위반,교차로,승용차,보행자,129.5712122,36.0064063,1.0,1,0,0,0
2020,11,3,7,주,화,경기,차대차,신호위반,단일로,승합차,자전거,126.9348707,37.39785492,1.0,6,1,0,3
2020,11,3,9,주,화,경기,차대사람,안전운전 의무 불이행,교차로,승용차,보행자,127.4771971,37.25948734,1.0,7,1,0,1
2020,11,3,9,주,화,충남,차대차,안전운전 의무 불이행,기타,승용차,화물차,127.0767256,36.40255166,1.3,0,0,0,0
2020,11,3,11,주,화,전남,차대차,신호위반,교차로,승용차,이륜차,126.9814157,35.05189549,1.0,2,1,1,0
2020,11,3,13,주,화,경기,차대사람,보행자 보호의무 위반,단일로,화물차,보행자,127.1341178,37.60748477,1.0,19,3,0,1
2020,11,3,14,주,화,제주,차대차,신호위반,교차로,이륜차,승용차,126.5054597,33.50383535,1.0,1,0,0,3
2020,11,3,18,야,화,전남,차대차,안전운전 의무 불이행,기타,승용차,건설기계,127.2136344,34.82780573,1.0,0,0,0,0
2020,11,3,19,야,화,충남,차대사람,안전운전 의무 불이행,단일로,화물차,보행자,127.5469044,36.06328752,1.0,1,0,0,0
2020,11,3,20,야,화,경북,차대사람,기타,단일로,승용차,보행자,128.7649006,35.8541297,1.0,0,0,0,0
2020,11,4,3,야,수,전북,차량단독,안전운전 의무 불이행,단일로,화물차,없음,127.4405744,35.38745204,1.0,0,1,0,0
2020,11,4,4,야,수,서울,차대차,신호위반,교차로,이륜차,승용차,127.0256353,37.63794243,1.9,10,0,0,7
2020,11,4,6,주,수,충남,차대사람,안전운전 의무 불이행,단일로,승용차,보행자,126.4829069,36.79302719,1.0,0,0,0,1
2020,11,4,7,주,수,전남,차대사람,안전운전 의무 불이행,기타,화물차,보행자,126.5080652,34.88292617,1.0,0,0,0,0
2020,11,4,7,주,수,제주,차대차,과속,단일로,화물차,화물차,126.3755148,33.39326444,1.9,0,0,1,1
2020,11,4,8,주,수,강원,차대차,안전운전 의무 불이행,단일로,화물차,화물차,127.7716117,37.80379815,2.4,1,0,0,0
2020,11,4,10,주,수,경기,차대사람,기타,단일로,건설기계,보행자,127.0513708,37.84744736,1.0,0,0,0,0
2020,11,4,11,주,수,충남,차대사람,안전운전 의무 불이행,단일로,승용차,보행자,127.1340773,36.45101779,1.0,2,0,0,0
2020,11,4,15,주,수,부산,차대사람,안전운전 의무 불이행,교차로,건설기계,보행자,129.2132352,35.23662211,1.0,4,2,0,0
2020,11,4,15,주,수,경기,차량단독,안전운전 의무 불이행,단일로,특수차,없음,127.0660669,37.0726522,1.0,4,4,0,1
2020,11,4,19,야,수,경남,차대차,안전운전 의무 불이행,단일로,이륜차,농기계,128.1856471,35.09964147,1.0,0,0,0,0
2020,11,5,1,야,목,서울,차대사람,안전운전 의무 불이행,단일로,승용차,보행자,126.853573,37.52853091,1.0,1,2,0,7
2020,11,5,2,야,목,경기,차대차,신호위반,교차로,자전거,이륜차,126.7163119,37.35559629,1.7,0,0,1,1
2020,11,5,3,야,목,경기,차대차,과속,단일로,승용차,이륜차,126.9448626,37.36812989,1.0,14,1,1,3
2020,11,5,6,주,목,경기,차대사람,안전운전 의무 불이행,단일로,승용차,보행자,127.2924477,37.2276503,1.0,4,0,0,0
2020,11,5,6,주,목,경기,차대차,신호위반,교차로,원동기장치자전거,화물차,126.7268892,37.3371518,1.0,0,0,0,1
2020,11,5,9,주,목,경기,차대차,안전운전 의무 불이행,교차로,건설기계,자전거,127.1168808,37.42243512,1.0,0,0,3,1
2020,11,5,11,주,목,경남,차대사람,안전운전 의무 불이행,교차로,승합차,보행자,129.0272255,35.33732333,1.0,8,1,0,4
2020,11,5,17,주,목,강원,차량단독,안전운전 의무 불이행,단일로,승용차,없음,127.3859611,38.24436033,1.7,0,0,0,0
2020,11,5,19,야,목,인천,차대차,신호위반,교차로,이륜차,이륜차,126.7085282,37.45692924,1.3,17,4,0,0
2020,11,6,1,야,금,제주,차량단독,안전운전 의무 불이행,교차로,승용차,없음,126.658063,33.52894408,1.0,0,0,0,0
2020,11,6,3,야,금,대구,차대차,안전운전 의무 불이행,교차로,승용차,화물차,128.6256306,35.8517648,2.4,5,1,1,1
2020,11,6,5,야,금,서울,차대사람,안전운전 의무 불이행,단일로,화물차,보행자,127.0784907,37.56079778,1.0,8,0,6,2
2020,11,6,5,야,금,경기,차대사람,안전운전 의무 불이행,단일로,승합차,보행자,127.1263783,37.43298454,1.0,11,1,4,6
2020,11,6,15,주,금,경기,차대차,안전거리 미확보,단일로,승용차,이륜차,127.2836357,37.39191359,1.0,2,0,1,0
2020,11,6,15,주,금,경기,차대차,안전운전 의무 불이행,기타,화물차,기타,127.1981676,37.52254214,1.0,1,0,0,0
2020,11,6,15,주,금,인천,차량단독,안전운전 의무 불이행,단일로,자전거,없음,126.6684219,37.6079162,1.0,4,2,0,0
2020,11,6,20,야,금,전남,차대사람,안전운전 의무 불이행,단일로,승합차,보행자,126.4169113,34.81302398,1.0,5,1,0,6
2020,11,6,23,야,금,서울,차대사람,안전운전 의무 불이행,단일로,승용차,보행자,127.0421839,37.48371023,1.0,8,1,0,4
2020,11,7,13,주,토,충남,차대차,신호위반,교차로,승용차,승용차,126.9473912,36.81974661,3.6999999999999997,2,0,0,0
2020,11,7,14,주,토,강원,차량단독,안전운전 의무 불이행,단일로,원동기장치자전거,없음,127.7520019,37.22132633,1.0,0,0,0,0
2020,11,7,14,주,토,제주,차대차,신호위반,교차로,화물차,승용차,126.1783989,33.32031032,1.6,0,0,0,0
2020,11,7,14,주,토,인천,차량단독,안전운전 의무 불이행,단일로,개인형이동수단(PM),없음,126.693709,37.51445208,1.0,0,1,0,0
2020,11,7,15,주,토,경북,차대차,기타,교차로,승용차,자전거,128.3261575,36.05678043,1.0,0,0,0,0
2020,11,7,17,주,토,경남,차대사람,안전운전 의무 불이행,교차로,승용차,보행자,128.6923771,35.27930167,1.0,1,1,0,1
2020,11,7,20,야,토,전남,차대사람,안전운전 의무 불이행,교차로,승용차,보행자,127.4395002,34.86146604,1.0,0,0,0,0
2020,11,7,22,야,토,전북,차대사람,신호위반,교차로,화물차,보행자,127.1119807,35.86988378,1.0,2,0,1,1
2020,11,8,5,야,일,광주,차대사람,안전운전 의무 불이행,단일로,승용차,보행자,126.8907237,35.16792981,1.0,1,0,0,1
2020,11,8,7,주,일,경남,차량단독,안전운전 의무 불이행,단일로,화물차,없음,127.8290604,35.00373768,1.0,2,0,0,0
2020,11,8,14,주,일,부산,차량단독,안전운전 의무 불이행,단일로,이륜차,없음,129.0778611,35.22404657,1.0,1,1,0,1
2020,11,8,14,주,일,울산,차대사람,안전운전 의무 불이행,교차로,승합차,보행자,129.3577219,35.61196729,1.0,0,0,0,0
2020,11,8,19,야,일,전남,차량단독,안전운전 의무 불이행,단일로,농기계,없음,126.7171379,34.67913448,1.0,0,0,0,0
2020,11,8,21,야,일,경기,차대사람,안전운전 의무 불이행,단일로,승용차,보행자,126.8332059,37.64140128,1.0,14,5,0,1
2020,11,8,23,야,일,서울,차대차,신호위반,교차로,이륜차,화물차,126.9144123,37.48171377,2.3,30,2,0,8
2020,11,9,0,야,월,경기,차량단독,안전운전 의무 불이행,단일로,승합차,없음,126.6037261,37.30797999,1.0,0,0,0,0
2020,11,9,0,야,월,경기,차량단독,안전운전 의무 불이행,단일로,화물차,없음,127.1817586,37.81982307,1.0,0,0,0,0
2020,11,9,1,야,월,서울,차대사람,안전운전 의무 불이행,교차로,승용차,보행자,126.9358195,37.5125785,1.0,3,2,0,5
2020,11,9,1,야,월,서울,차대사람,과속,교차로,이륜차,보행자,127.0553781,37.67815778,1.3,1,1,0,1
2020,11,9,4,야,월,경기,차량단독,안전운전 의무 불이행,교차로,승용차,없음,127.1232457,37.36334322,1.0,6,2,0,0
2020,11,9,8,주,월,경남,차대사람,안전운전 의무 불이행,단일로,승용차,보행자,127.7642966,35.61731881,1.0,0,0,1,1
2020,11,9,12,주,월,충남,차대차,중앙선 침범,단일로,승용차,화물차,126.6442885,36.380412,2.4,0,0,1,0
2020,11,9,12,주,월,전북,차대차,기타,단일로,승용차,승용차,127.0609739,35.9224519,1.3,0,0,0,1
2020,11,9,17,주,월,경기,차대차,신호위반,교차로,승용차,이륜차,126.8577737,37.30637744,2.5,8,2,0,3
2020,11,9,17,주,월,강원,차대차,중앙선 침범,단일로,승용차,화물차,127.4708419,38.14378732,2.0,0,0,0,1
2020,11,10,1,야,화,광주,차량단독,안전운전 의무 불이행,단일로,이륜차,없음,126.913087,35.12581332,1.0,5,3,0,1
2020,11,10,6,주,화,경북,차대차,기타,단일로,화물차,승용차,128.6547644,36.1028739,1.0,0,0,0,0
2020,11,10,7,주,화,충북,차대차,안전운전 의무 불이행,단일로,화물차,농기계,127.7698735,36.85445723,1.0,0,0,0,0
2020,11,10,7,주,화,충남,차대차,안전운전 의무 불이행,교차로,승용차,승합차,127.1260388,36.1274374,1.3,0,0,0,0
2020,11,10,8,주,화,서울,차대차,중앙선 침범,단일로,원동기장치자전거,승용차,126.9662051,37.48832001,1.0,5,2,0,0
2020,11,10,9,주,화,대구,차대차,신호위반,교차로,승용차,승용차,128.6043479,35.87263513,2.6999999999999997,9,0,2,6
2020,11,10,14,주,화,전북,차량단독,안전운전 의무 불이행,단일로,승용차,없음,127.1069853,35.66200921,1.0,2,1,0,0
2020,11,10,14,주,화,광주,차량단독,안전운전 의무 불이행,교차로,이륜차,없음,126.820214,35.19575067,1.0,10,4,0,0
2020,11,10,17,주,화,강원,차대사람,과속,단일로,승용차,보행자,128.3111995,37.43261221,1.0,0,0,0,0
2020,11,10,19,야,화,인천,차대차,신호위반,교차로,이륜차,이륜차,126.7257596,37.50734762,1.0,7,3,0,4
2020,11,10,19,야,화,경기,차량단독,안전운전 의무 불이행,단일로,승용차,없음,126.6830941,37.69479777,1.0,0,0,0,0
2020,11,11,0,야,수,인천,차대차,안전운전 의무 불이행,단일로,화물차,화물차,126.6515308,37.39086123,1.6,4,2,0,1
2020,11,11,5,야,수,전북,차대사람,안전운전 의무 불이행,기타,화물차,보행자,127.1612224,35.81976061,1.0,1,1,0,0
2020,11,11,8,주,수,충북,차대차,신호위반,교차로,승용차,승용차,127.457568,36.64318741,2.0,4,2,0,1
2020,11,11,11,주,수,전남,차대차,안전운전 의무 불이행,교차로,화물차,이륜차,127.4868567,34.95524515,1.0,3,1,0,2
2020,11,11,11,주,수,경북,차대차,중앙선 침범,단일로,특수차,농기계,128.1440084,36.39564239,1.0,0,0,0,0
2020,11,11,12,주,수,경북,차대차,안전운전 의무 불이행,단일로,화물차,화물차,128.1504929,36.62187484,1.3,0,0,0,1
2020,11,11,14,주,수,충북,차대차,안전운전 의무 불이행,단일로,화물차,화물차,127.507435,36.79575495,3.9,1,0,0,0
2020,11,11,17,주,수,경기,차대사람,기타,교차로,승용차,보행자,127.453253,37.26289662,1.0,1,0,0,0
2020,11,11,19,야,수,강원,차대차,중앙선 침범,단일로,승용차,이륜차,127.7355492,37.86308217,1.0,6,0,0,3
2020,11,11,19,야,수,전북,차대사람,안전운전 의무 불이행,단일로,화물차,보행자,126.8991877,35.82644431,1.0,2,0,0,1
2020,11,11,20,야,수,제주,차대차,안전운전 의무 불이행,단일로,승용차,화물차,126.9026195,33.47068793,1.3,1,0,1,0
2020,11,11,22,야,수,경남,차대차,안전운전 의무 불이행,단일로,승용차,승용차,129.0550401,35.38723173,1.6,2,0,1,2
2020,11,12,0,야,목,인천,차대사람,과속,단일로,승용차,보행자,126.6776785,37.49866723,1.6,3,3,1,1
2020,11,12,5,야,목,경남,차대차,안전운전 의무 불이행,단일로,승용차,자전거,128.604135,35.2547309,1.0,5,0,0,1
2020,11,12,8,주,목,강원,차대차,안전거리 미확보,교차로,화물차,승용차,128.4673651,38.41168585,1.9,0,0,1,1
2020,11,12,10,주,목,광주,차대사람,보행자 보호의무 위반,교차로,화물차,보행자,126.8064153,35.16366225,1.0,14,2,0,2
2020,11,12,11,주,목,경기,차대사람,중앙선 침범,교차로,승용차,보행자,127.2529937,37.41378411,1.0,4,2,0,1
2020,11,12,12,주,목,경남,차대차,기타,교차로,이륜차,건설기계,127.8947543,35.76860779,1.0,2,0,0,0
2020,11,12,14,주,목,강원,차대차,안전운전 의무 불이행,단일로,화물차,승합차,127.878693,37.39181163,2.4,2,0,2,0
2020,11,12,15,주,목,울산,차량단독,안전운전 의무 불이행,교차로,자전거,없음,129.2026643,35.57220268,1.0,0,0,0,1
2020,11,12,17,주,목,경북,차대사람,안전운전 의무 불이행,교차로,승용차,보행자,129.3774173,36.30096422,1.0,0,0,0,1
2020,11,12,18,야,목,경북,차대차,안전운전 의무 불이행,단일로,화물차,자전거,129.2886707,36.03623087,1.0,0,0,0,0
2020,11,12,18,야,목,경남,차대사람,안전운전 의무 불이행,단일로,화물차,보행자,128.0010761,35.34762837,1.0,0,0,0,0
2020,11,12,21,야,목,경기,차대차,안전운전 의무 불이행,단일로,승용차,자전거,126.7103916,37.63421676,1.0,4,1,0,1
2020,11,12,23,야,목,전북,차대사람,과속,교차로,승용차,보행자,126.9079319,35.92510448,1.0,1,0,0,1
2020,11,13,6,주,금,충남,차대사람,보행자 보호의무 위반,교차로,승합차,보행자,126.4510219,36.78217644,1.0,4,1,0,1
2020,11,13,9,주,금,충남,차대차,과속,단일로,건설기계,승용차,126.7899717,36.03917766,1.7,0,0,0,1
2020,11,13,10,주,금,전북,차대차,안전운전 의무 불이행,단일로,승용차,건설기계,127.0043197,35.81993277,1.7,1,0,0,0
2020,11,13,16,주,금,충남,차량단독,안전운전 의무 불이행,단일로,농기계,없음,126.7986782,36.17750074,1.0,0,0,0,0
2020,11,13,18,야,금,부산,차대차,신호위반,교차로,사륜오토바이(ATV),승용차,129.2403912,35.30919813,1.6,2,1,0,0
2020,11,13,21,야,금,경기,차대사람,안전운전 의무 불이행,단일로,승합차,보행자,126.7086414,37.62718371,1.0,2,1,0,3
2020,11,14,4,야,토,전북,차대사람,과속,단일로,화물차,보행자,127.0000673,35.73887786,1.0,0,0,0,1
2020,11,14,6,주,토,경북,차대사람,안전운전 의무 불이행,단일로,승용차,보행자,129.3612653,36.02293816,1.0,16,2,0,1
2020,11,14,10,주,토,광주,차대차,중앙선 침범,교차로,이륜차,이륜차,126.9143063,35.17469167,1.3,4,0,0,1
2020,11,14,12,주,토,서울,차대차,신호위반,교차로,이륜차,승합차,126.9328233,37.60725866,1.3,4,1,0,5
2020,11,14,15,주,토,경남,차대차,안전운전 의무 불이행,단일로,농기계,건설기계,128.6546297,34.97450911,1.0,0,0,0,0
2020,11,14,16,주,토,충남,차량단독,안전운전 의무 불이행,교차로,농기계,없음,126.8604431,36.07155291,1.0,0,0,0,0
2020,11,14,16,주,토,전북,차량단독,안전운전 의무 불이행,단일로,화물차,없음,126.9837305,35.71189539,1.0,0,0,0,1
2020,11,14,18,야,토,경기,차대차,신호위반,교차로,승용차,이륜차,127.1186437,37.38009416,1.6,6,1,2,2
2020,11,14,20,야,토,경남,차대사람,안전운전 의무 불이행,단일로,승용차,보행자,128.5482345,34.90621463,1.0,0,0,0,0
2020,11,14,22,야,토,경남,차량단독,안전운전 의무 불이행,단일로,화물차,없음,128.2865427,35.32968855,1.0,0,0,0,0
2020,11,14,23,야,토,부산,차대사람,안전운전 의무 불이행,단일로,승용차,보행자,128.988558,35.18145876,1.0,7,2,1,2
2020,11,15,0,야,일,충남,차량단독,안전운전 의무 불이행,단일로,승용차,없음,126.9802834,36.64768657,1.0,0,0,1,1
2020,11,15,17,주,일,경남,차대사람,안전운전 의무 불이행,단일로,승용차,보행자,128.0610158,34.9950242,1.0,0,0,0,1
2020,11,15,18,야,일,대전,차대차,안전운전 의무 불이행,교차로,자전거,승용차,127.4259453,36.32356466,1.0,9,4,0,2
2020,11,15,23,야,일,충남,차대사람,과속,단일로,승용차,보행자,126.9516668,36.42922376,1.0,1,0,0,1
2020,11,16,6,주,월,울산,차대차,안전운전 의무 불이행,단일로,화물차,특수차,129.1816566,35.68405228,1.0,0,0,1,0
2020,11,16,10,주,월,경북,차대차,안전거리 미확보,단일로,승용차,화물차,128.1109727,36.38348315,1.3,1,0,0,0
2020,11,16,10,주,월,광주,차대차,안전운전 의무 불이행,교차로,건설기계,자전거,126.8990152,35.13496883,1.0,2,1,0,3
2020,11,16,11,주,월,경기,차량단독,안전운전 의무 불이행,단일로,특수차,없음,127.5814888,37.38327693,1.0,0,0,0,0
2020,11,16,13,주,월,서울,차대사람,안전운전 의무 불이행,단일로,건설기계,보행자,127.0560177,37.47463672,1.0,7,2,0,1
2020,11,16,13,주,월,경기,차대차,안전운전 의무 불이행,단일로,특수차,자전거,126.8873564,37.67809958,1.0,0,0,0,4
2020,11,16,16,주,월,경북,차대사람,안전운전 의무 불이행,단일로,화물차,보행자,128.719258,36.22094542,1.0,0,0,0,0
2020,11,16,17,주,월,충남,차대차,중앙선 침범,단일로,승용차,화물차,127.0136221,36.15195291,1.0,3,0,0,0
2020,11,16,17,주,월,인천,차대차,안전운전 의무 불이행,교차로,화물차,자전거,126.6289939,37.45232274,1.0,7,3,2,4
2020,11,16,18,야,월,대구,차대사람,안전운전 의무 불이행,단일로,이륜차,보행자,128.6416842,35.89705178,1.0,0,0,1,2
2020,11,16,19,야,월,전남,차대사람,신호위반,단일로,이륜차,보행자,126.4504624,34.81412055,1.7,6,2,0,1
2020,11,16,21,야,월,충북,차대사람,안전운전 의무 불이행,단일로,승용차,보행자,127.7565923,36.48381172,1.0,0,0,0,0
2020,11,16,21,야,월,충남,차대사람,안전운전 의무 불이행,교차로,승용차,보행자,127.1645214,36.79900334,1.0,4,0,1,4
2020,11,16,21,야,월,경남,차량단독,안전운전 의무 불이행,교차로,화물차,없음,128.459817,35.11085537,1.0,0,0,0,0
2020,11,17,1,야,화,제주,차대사람,안전운전 의무 불이행,교차로,승용차,보행자,126.8160977,33.31076599,1.0,0,0,0,0
2020,11,17,5,야,화,경남,차량단독,기타,단일로,원동기장치자전거,없음,128.6986343,35.16428917,2.0,0,0,0,0
2020,11,17,6,주,화,충남,차량단독,안전운전 의무 불이행,단일로,승용차,없음,127.2493541,36.28005059,1.0,1,0,0,1
2020,11,17,6,주,화,경남,차대차,과속,단일로,승용차,승용차,128.4099463,34.85155722,1.3,1,0,0,0
2020,11,17,8,주,화,광주,차대사람,보행자 보호의무 위반,교차로,화물차,보행자,126.8770475,35.17576816,2.6999999999999997,5,1,1,0
2020,11,17,13,주,화,충북,차대사람,안전운전 의무 불이행,단일로,승용차,보행자,127.3735067,36.66544883,1.0,2,1,0,2
2020,11,17,15,주,화,경북,차대차,안전운전 의무 불이행,교차로,승용차,이륜차,129.3244437,36.00502444,1.3,0,0,0,0
2020,11,17,16,주,화,전북,차량단독,안전운전 의무 불이행,교차로,자전거,없음,127.3780845,35.40790403,1.0,13,2,2,1
2020,11,17,17,주,화,강원,차대사람,안전운전 의무 불이행,교차로,화물차,보행자,128.4772543,37.17912078,1.0,3,1,0,1
2020,11,17,17,주,화,충남,차대사람,안전운전 의무 불이행,단일로,건설기계,보행자,127.1293605,36.75177904,1.0,0,0,0,0
2020,11,17,19,야,화,경남,차대차,과속,단일로,승용차,화물차,128.4168927,35.26357109,5.699999999999999,1,0,0,1
2020,11,18,6,주,수,광주,차대사람,과속,단일로,승용차,보행자,126.8000308,35.14372505,1.0,4,2,0,2
2020,11,18,17,주,수,경기,차대사람,보행자 보호의무 위반,교차로,승합차,보행자,126.985941,37.31291667,1.0,2,1,0,0
2020,11,18,18,야,수,전북,차대사람,안전운전 의무 불이행,교차로,화물차,보행자,126.8540091,35.56237376,1.0,2,1,0,3
2020,11,18,21,야,수,충남,차대사람,안전운전 의무 불이행,단일로,화물차,보행자,127.0350201,36.92649311,1.0,8,1,0,1
2020,11,19,0,야,목,인천,차대사람,보행자 보호의무 위반,교차로,승용차,보행자,126.6449418,37.47557676,1.0,19,7,1,3
2020,11,19,4,야,목,서울,차량단독,안전운전 의무 불이행,단일로,승용차,없음,127.0703563,37.58843175,1.0,8,5,1,3
2020,11,19,6,주,목,충남,차대사람,안전운전 의무 불이행,단일로,화물차,보행자,126.7423157,36.93802135,1.0,2,1,0,0
2020,11,19,6,주,목,대전,차대차,중앙선 침범,단일로,자전거,승용차,127.4335385,36.32953735,1.0,26,0,0,4
2020,11,19,7,주,목,경기,차대차,신호위반,단일로,화물차,자전거,127.0734175,37.14006,1.0,3,4,0,3
2020,11,19,12,주,목,인천,차대사람,신호위반,교차로,화물차,보행자,126.7372701,37.39786306,1.0,8,0,0,2
2020,11,19,14,주,목,경기,차량단독,안전운전 의무 불이행,단일로,개인형이동수단(PM),없음,126.9536573,37.35296461,1.0,8,0,0,1
2020,11,19,14,주,목,전남,차대차,중앙선 침범,교차로,특수차,화물차,127.7039442,34.85512398,1.7,1,0,0,0
2020,11,19,15,주,목,강원,차대차,안전운전 의무 불이행,단일로,화물차,화물차,128.6222619,37.2008668,1.0,0,0,1,0
2020,11,19,16,주,목,경북,차량단독,안전운전 의무 불이행,단일로,화물차,없음,128.0409602,36.39721737,1.0,0,0,0,0
2020,11,19,18,야,목,경기,차대사람,안전운전 의무 불이행,기타,승용차,보행자,127.2132988,37.34755111,1.0,0,0,0,0
2020,11,19,18,야,목,전남,차대차,안전운전 의무 불이행,단일로,화물차,승용차,126.7323171,35.24686478,1.0,0,0,0,1
2020,11,19,18,야,목,대전,차량단독,안전운전 의무 불이행,단일로,승용차,없음,127.4787354,36.26887967,1.0,0,0,0,0
2020,11,19,20,야,목,제주,차대사람,안전운전 의무 불이행,교차로,이륜차,보행자,126.9149327,33.44966804,1.0,2,1,0,1
2020,11,19,21,야,목,경북,차대사람,안전운전 의무 불이행,단일로,승용차,보행자,128.4742324,36.63692154,1.0,0,0,0,1
2020,11,19,22,야,목,전남,차대사람,과속,단일로,화물차,보행자,126.3159278,34.86377764,1.0,2,2,0,2
2020,11,20,1,야,금,경기,차량단독,안전운전 의무 불이행,단일로,승용차,없음,127.0706778,37.35930618,1.0,3,1,0,0
2020,11,20,2,야,금,서울,차량단독,안전운전 의무 불이행,단일로,이륜차,없음,126.8805277,37.50229735,1.0,2,0,0,1
2020,11,20,8,주,금,서울,차대사람,안전운전 의무 불이행,단일로,승용차,보행자,127.0098256,37.60835894,1.0,9,0,0,2
2020,11,20,15,주,금,경기,차량단독,안전운전 의무 불이행,단일로,이륜차,없음,127.0674899,37.90937305,1.0,0,0,0,0
2020,11,21,5,야,토,경남,차량단독,안전운전 의무 불이행,단일로,이륜차,없음,129.033993,35.340862,1.7,5,2,0,1
2020,11,21,12,주,토,대전,차량단독,안전운전 의무 불이행,단일로,이륜차,없음,127.3131106,36.36475913,1.0,5,1,0,0
2020,11,21,14,주,토,충북,차대차,안전운전 의무 불이행,교차로,승용차,자전거,127.4867234,36.62977994,1.0,2,2,0,6
2020,11,21,16,주,토,제주,차대차,중앙선 침범,단일로,승용차,승용차,126.376276,33.39477392,2.0,0,0,1,2
2020,11,21,17,주,토,경북,차대사람,보행자 보호의무 위반,교차로,화물차,보행자,128.7485747,36.81109507,1.0,1,0,0,0
2020,11,21,22,야,토,경남,차대사람,안전운전 의무 불이행,교차로,승용차,보행자,128.6427696,35.24747459,1.0,4,3,0,0
2020,11,22,2,야,일,경기,차대사람,안전운전 의무 불이행,단일로,승용차,보행자,127.4008901,37.07272847,1.0,0,0,0,1
2020,11,22,2,야,일,충북,차대차,신호위반,교차로,승용차,승용차,127.5056237,36.59736254,3.0,3,0,0,2
2020,11,22,8,주,일,강원,차대차,기타,단일로,화물차,승용차,127.9789796,37.56383969,1.0,0,0,0,0
2020,11,22,9,주,일,전북,차대차,안전운전 의무 불이행,단일로,승합차,승용차,127.647588,35.86736057,1.7,0,0,0,1
2020,11,22,13,주,일,부산,차대차,기타,교차로,자전거,승용차,129.0852535,35.22224595,1.0,3,0,0,3
2020,11,22,14,주,일,서울,차대사람,안전운전 의무 불이행,단일로,승합차,보행자,127.0334275,37.5828294,1.0,13,2,0,2
2020,11,22,18,야,일,경기,차대차,중앙선 침범,단일로,이륜차,승용차,126.6227689,37.64992966,1.7,3,2,0,3
2020,11,22,23,야,일,경남,차량단독,안전운전 의무 불이행,단일로,이륜차,없음,128.7105585,35.20650298,1.0,7,4,1,1
2020,11,23,9,주,월,경기,차대차,안전운전 의무 불이행,단일로,이륜차,승용차,127.4803551,37.17128492,1.0,4,1,0,0
2020,11,23,10,주,월,전북,차대차,교차로 통행방법 위반,교차로,사륜오토바이(ATV),승용차,127.173733,35.85353813,1.0,0,0,0,1
2020,11,23,12,주,월,충북,차대차,안전운전 의무 불이행,단일로,화물차,건설기계,127.529491,36.64918627,1.0,1,0,0,0
2020,11,23,18,야,월,경기,차대차,신호위반,교차로,이륜차,승용차,127.250421,37.00197904,1.0,6,1,0,0
2020,11,23,21,야,월,대전,차량단독,안전운전 의무 불이행,단일로,승용차,없음,127.5107883,36.35088585,1.7,1,0,1,1
2020,11,24,7,주,화,충남,차량단독,안전운전 의무 불이행,단일로,승용차,없음,126.4565352,36.59582371,2.0,0,0,0,0
2020,11,24,18,야,화,경남,차대사람,과속,교차로,승용차,보행자,127.8958633,34.83189932,1.0,3,1,0,0
2020,11,24,19,야,화,경남,차대사람,안전운전 의무 불이행,기타,화물차,보행자,128.4135103,34.83158428,1.0,5,3,0,2
2020,11,25,5,야,수,경북,차대사람,과속,단일로,승용차,보행자,129.205,35.78389926,1.0,0,0,0,0
2020,11,25,6,주,수,전북,차대사람,안전운전 의무 불이행,단일로,승용차,보행자,126.8946523,35.61182325,1.0,0,0,0,0
2020,11,25,7,주,수,경북,차대차,안전운전 의무 불이행,단일로,승용차,자전거,128.6049585,36.82535264,1.0,5,0,1,1
2020,11,25,8,주,수,서울,차대사람,안전운전 의무 불이행,교차로,승합차,보행자,126.8598848,37.49687202,1.0,8,3,0,4