발생년,발생월,발생일,발생시,주야,요일,발생지시도,사고유형_대분류,가해자법규위반,도로형태_대분류,가해자_당사자종별,피해자_당사자종별,경도,위도,사상자수,반경500m카메라수,반경500m학교수,반경500m전광판수,반경500m사고건수
2021,1,26,20,야,화,서울,차대차,중앙선 침범,단일로,승용차,이륜차,127.0710268,37.57127162,1.0,12,2,0,5
2021,1,27,5,야,수,경기,차대차,안전운전 의무 불이행,단일로,승용차,건설기계,126.8722768,37.26936328,1.3,0,0,0,0
2021,1,27,6,주,수,전남,차대차,신호위반,교차로,이륜차,승용차,126.437329,34.76574645,2.0,0,0,0,0
2021,1,27,7,주,수,경남,차대차,중앙선 침범,단일로,승용차,승합차,127.7722081,35.04123746,1.3,3,0,0,1
2021,1,27,11,주,수,대전,차대차,안전거리 미확보,단일로,이륜차,승용차,127.4163603,36.34793607,1.0,14,1,0,4
2021,1,27,12,주,수,전북,차대차,안전운전 의무 불이행,단일로,승용차,승용차,127.1317548,35.81136555,1.0,17,1,0,2
2021,1,27,14,주,수,경남,차대차,안전운전 의무 불이행,단일로,승용차,화물차,127.939922,35.3176329,1.0,0,0,0,0
2021,1,27,19,야,수,제주,차대사람,안전운전 의무 불이행,단일로,화물차,보행자,126.2508247,33.22150759,1.7,0,1,0,3
2021,1,27,20,야,수,인천,차대차,신호위반,교차로,승용차,이륜차,126.7161219,37.40424158,1.0,12,2,0,1
2021,1,28,7,주,목,강원,차대사람,보행자 보호의무 위반,교차로,화물차,보행자,129.1656327,37.44386599,1.0,2,1,0,5
2021,1,28,15,주,목,서울,차대사람,안전운전 의무 불이행,단일로,화물차,보행자,127.0004385,37.5261888,1.0,0,2,0,3
2021,1,28,18,야,목,경남,차량단독,안전운전 의무 불이행,단일로,화물차,없음,128.0846115,35.2826297,1.0,0,0,0,0
2021,1,28,23,야,목,경기,차대차,안전운전 의무 불이행,단일로,승용차,화물차,126.8445021,37.13069515,1.7,2,1,0,0
2021,1,29,6,주,금,경북,차대차,안전운전 의무 불이행,단일로,건설기계,승용차,128.6560165,36.32572317,1.0,0,0,0,0
2021,1,29,9,주,금,대구,차대사람,기타,단일로,승용차,보행자,128.5262938,35.83696705,1.0,5,4,0,0
2021,1,29,13,주,금,경남,차대차,신호위반,교차로,원동기장치자전거,승용차,129.0129275,35.32463747,1.3,7,0,0,1
2021,1,29,14,주,금,경기,차대차,신호위반,교차로,승용차,이륜차,127.1208023,37.36864455,1.0,12,5,0,0
2021,1,29,21,야,금,경기,차대사람,안전운전 의무 불이행,교차로,원동기장치자전거,보행자,126.8824969,37.45934543,1.0,10,4,0,0
2021,1,29,22,야,금,전남,차량단독,안전운전 의무 불이행,교차로,화물차,없음,126.0808737,35.08885644,1.0,0,0,0,0
2021,1,30,6,주,토,제주,차대차,안전운전 의무 불이행,교차로,승용차,이륜차,126.5538806,33.25213216,1.0,3,1,0,0
2021,1,30,8,주,토,부산,차량단독,안전운전 의무 불이행,단일로,이륜차,없음,129.1616175,35.1652962,1.0,21,1,0,5
2021,1,30,9,주,토,충북,차대차,안전운전 의무 불이행,교차로,승합차,이륜차,127.5765856,36.78980604,1.0,0,0,0,2
2021,1,30,11,주,토,충남,차대사람,안전운전 의무 불이행,단일로,농기계,보행자,127.2239633,36.16384699,1.0,0,0,0,0
2021,1,30,15,주,토,경북,차량단독,안전운전 의무 불이행,단일로,승용차,없음,129.3230344,36.06374814,1.0,0,0,0,0
2021,1,30,16,주,토,경북,차량단독,안전운전 의무 불이행,단일로,화물차,없음,127.9292856,36.44714656,2.0,2,0,0,2
2021,1,30,21,야,토,전남,차량단독,안전운전 의무 불이행,단일로,화물차,없음,127.0842451,34.77499472,1.0,0,0,0,0
2021,1,30,22,야,토,충남,차량단독,안전운전 의무 불이행,교차로,이륜차,없음,127.4998556,36.10259665,1.0,5,1,1,2
2021,1,31,0,야,일,서울,차량단독,안전운전 의무 불이행,단일로,승용차,없음,127.0636519,37.63072161,1.0,8,5,0,0
2021,1,31,6,주,일,인천,차대사람,안전운전 의무 불이행,교차로,승합차,보행자,126.6627244,37.53295728,1.0,9,1,1,4
2021,1,31,15,주,일,경기,차량단독,안전운전 의무 불이행,기타,자전거,없음,127.1267909,37.65212332,1.0,8,1,1,1
2021,1,31,21,야,일,전북,차대차,중앙선 침범,단일로,승용차,이륜차,126.8966727,35.80401417,1.0,6,3,0,3
2021,1,31,22,야,일,전북,차대사람,안전운전 의무 불이행,교차로,승용차,보행자,127.0668103,35.85668043,1.0,1,0,0,0
2021,2,1,7,주,월,서울,차대사람,안전운전 의무 불이행,단일로,승용차,보행자,127.1306797,37.53974658,1.0,7,1,0,5
2021,2,1,7,주,월,충남,차대차,기타,단일로,승용차,승용차,126.5665056,36.58031105,2.4,0,0,0,0
2021,2,1,8,주,월,세종,차량단독,기타,단일로,승합차,없음,127.292098,36.4236396,10.5,1,0,0,0
2021,2,1,8,주,월,세종,차대차,안전운전 의무 불이행,단일로,화물차,화물차,127.2409772,36.50294568,1.0,11,6,2,0
2021,2,1,10,주,월,부산,차대차,안전운전 의무 불이행,교차로,승용차,기타,128.9980421,35.19977975,1.0,4,4,0,2
2021,2,1,18,야,월,전북,차대차,안전운전 의무 불이행,단일로,승용차,농기계,127.3111301,35.88073678,1.0,0,0,0,0
2021,2,1,21,야,월,제주,차량단독,기타,교차로,화물차,없음,126.7518426,33.2900023,2.0,0,0,0,0
2021,2,1,22,야,월,인천,차량단독,안전운전 의무 불이행,단일로,승용차,없음,126.6839195,37.38764601,1.0,3,0,0,1
2021,2,2,3,야,화,경기,차대차,안전운전 의무 불이행,단일로,화물차,화물차,127.4052864,37.26418402,1.3,0,0,0,0
2021,2,2,8,주,화,부산,차대차,안전운전 의무 불이행,단일로,특수차,이륜차,129.0665914,35.16753817,1.0,4,3,1,3
2021,2,2,12,주,화,경남,차량단독,안전운전 의무 불이행,단일로,승합차,없음,127.9052703,35.35997996,12.0,0,0,0,0
2021,2,2,17,주,화,인천,차대차,기타,교차로,승용차,승용차,126.6527514,37.48506107,1.7,6,0,0,1
2021,2,2,21,야,화,대구,차대차,신호위반,교차로,자전거,화물차,128.5767168,35.89025909,1.0,2,0,0,0
2021,2,3,9,주,수,부산,차대차,안전운전 의무 불이행,단일로,화물차,화물차,128.9904445,35.06870581,2.0,1,0,0,0
2021,2,3,9,주,수,인천,차대차,교차로 통행방법 위반,교차로,승용차,자전거,126.739836,37.51279303,1.0,8,4,0,1
2021,2,3,10,주,수,경남,차대사람,신호위반,단일로,화물차,보행자,128.4285092,34.85645755,1.0,17,1,0,0
2021,2,3,13,주,수,전북,차대차,기타,단일로,승용차,사륜오토바이(ATV),126.8403608,35.5770056,1.0,1,0,0,0
2021,2,3,15,주,수,충남,차대차,중앙선 침범,교차로,승용차,화물차,126.781026,36.80134187,2.0,2,1,0,0
2021,2,3,16,주,수,경기,차대차,안전운전 의무 불이행,교차로,화물차,화물차,127.5213971,37.23335586,1.3,3,0,1,1
2021,2,3,18,야,수,경북,차대사람,안전운전 의무 불이행,단일로,화물차,보행자,128.1314722,36.11874753,1.0,1,0,0,2
2021,2,3,20,야,수,대전,차대사람,안전운전 의무 불이행,단일로,화물차,보행자,127.4343037,36.32045921,1.0,6,1,0,4
2021,2,4,4,야,목,경남,차대사람,보행자 보호의무 위반,단일로,승용차,보행자,128.4256772,34.84484688,1.0,15,0,0,0
2021,2,4,12,주,목,강원,차량단독,안전운전 의무 불이행,기타,화물차,없음,128.4717466,38.21245478,1.0,0,0,0,1
2021,2,4,13,주,목,전남,차량단독,안전운전 의무 불이행,단일로,농기계,없음,126.6101483,35.3281698,1.0,0,0,0,0
2021,2,4,14,주,목,서울,차대차,안전운전 의무 불이행,기타,화물차,자전거,126.8343401,37.52684761,1.0,2,1,0,3
2021,2,4,15,주,목,경기,차량단독,안전운전 의무 불이행,단일로,승용차,없음,126.9557923,37.222814,1.0,6,0,0,1
2021,2,4,16,주,목,경기,차대차,안전운전 의무 불이행,단일로,승용차,승용차,126.8830525,37.24807502,2.3,0,0,0,2
2021,2,4,19,야,목,경기,차대사람,안전운전 의무 불이행,교차로,승합차,보행자,126.801949,37.54151475,1.0,0,0,0,0
2021,2,5,4,야,금,경남,차대사람,보행자 보호의무 위반,교차로,화물차,보행자,128.087467,35.19525989,1.0,6,0,0,2
2021,2,5,10,주,금,전북,차대사람,안전운전 의무 불이행,교차로,건설기계,보행자,127.1264232,35.84199047,1.0,12,2,1,4
2021,2,5,11,주,금,대구,차대차,기타,단일로,승용차,자전거,128.579594,35.87286016,1.0,9,2,0,3
2021,2,5,13,주,금,서울,차대차,신호위반,교차로,이륜차,승합차,126.9113419,37.5659063,1.0,13,3,0,7
2021,2,5,16,주,금,대구,차대사람,안전운전 의무 불이행,단일로,승용차,보행자,128.6012226,35.87332196,1.0,5,0,0,6
2021,2,5,19,야,금,강원,차대차,중앙선 침범,단일로,승용차,승용차,128.825571,37.88226247,1.3,2,3,0,1
2021,2,6,2,야,토,경기,차대사람,신호위반,교차로,승용차,보행자,127.3294079,37.35382384,1.0,3,0,1,2
2021,2,6,8,주,토,전남,차량단독,안전운전 의무 불이행,단일로,화물차,없음,127.1715411,35.28820409,2.7,2,0,0,0
2021,2,6,12,주,토,서울,차대사람,안전운전 의무 불이행,단일로,승용차,보행자,126.8481573,37.52764035,1.0,2,3,0,5
2021,2,6,16,주,토,대구,차대차,안전운전 의무 불이행,교차로,승용차,이륜차,128.6139386,35.81707335,1.0,1,0,0,1
2021,2,6,18,야,토,서울,차대차,안전운전 의무 불이행,교차로,자전거,승용차,126.9033876,37.4500155,1.0,15,5,0,4
2021,2,6,19,야,토,대전,차대사람,기타,단일로,승용차,보행자,127.4466771,36.35885308,1.0,17,1,1,1
2021,2,6,22,야,토,전북,차대사람,안전운전 의무 불이행,단일로,승용차,보행자,126.7155992,35.94772512,1.3,9,1,1,1
2021,2,6,22,야,토,대구,차량단독,안전운전 의무 불이행,단일로,승용차,없음,128.4790534,35.73265117,2.4,3,0,0,0
2021,2,7,0,야,일,서울,차량단독,기타,단일로,승용차,없음,127.0555666,37.6893305,1.0,3,0,0,1
2021,2,7,4,야,일,충북,차량단독,안전운전 의무 불이행,단일로,이륜차,없음,127.4821265,36.62926548,1.0,1,4,0,5
2021,2,7,9,주,일,경남,차량단독,안전운전 의무 불이행,기타,화물차,없음,127.8008831,35.15575197,1.0,0,1,0,0
2021,2,7,12,주,일,경북,차대차,안전운전 의무 불이행,단일로,화물차,승용차,129.3626024,36.37891473,1.6,0,0,0,0
2021,2,7,13,주,일,서울,차량단독,안전운전 의무 불이행,단일로,이륜차,없음,126.9796482,37.55393274,1.0,3,1,0,2
2021,2,7,16,주,일,경기,차대사람,신호위반,교차로,승용차,보행자,126.7914144,37.64026535,1.0,20,0,2,0
2021,2,7,19,야,일,울산,차량단독,안전운전 의무 불이행,기타,이륜차,없음,129.4317047,35.60260001,1.0,0,0,0,0
2021,2,7,20,야,일,충남,차대사람,기타,교차로,승용차,보행자,126.4276314,36.9469095,1.0,2,0,0,0
2021,2,7,21,야,일,충남,차대차,안전운전 의무 불이행,단일로,승용차,특수차,127.1304504,36.78611952,2.0,14,2,1,2
2021,2,8,0,야,월,경기,차대차,안전운전 의무 불이행,단일로,승용차,승용차,127.3009329,37.93914744,1.0,2,0,0,1
2021,2,8,8,주,월,서울,차대차,신호위반,교차로,화물차,이륜차,127.0492897,37.61677346,1.0,12,1,0,5
2021,2,8,9,주,월,서울,차대차,기타,단일로,원동기장치자전거,건설기계,127.1349489,37.56490763,1.0,0,0,0,0
2021,2,8,11,주,월,충남,차대사람,중앙선 침범,교차로,승용차,보행자,127.0378969,36.92608967,1.0,8,2,0,1
2021,2,8,11,주,월,전남,차대차,안전운전 의무 불이행,교차로,화물차,승용차,127.140553,34.52912072,2.6999999999999997,7,1,1,0
2021,2,8,12,주,월,충북,차대차,안전운전 의무 불이행,단일로,이륜차,화물차,127.9070356,36.96943427,1.0,2,0,1,2
2021,2,8,14,주,월,광주,차량단독,안전운전 의무 불이행,단일로,이륜차,없음,126.683997,35.18554989,1.0,0,0,0,0
2021,2,8,19,야,월,강원,차량단독,안전운전 의무 불이행,단일로,화물차,없음,127.8704099,37.58584372,1.0,0,0,0,0
2021,2,9,5,야,화,강원,차량단독,안전운전 의무 불이행,교차로,화물차,없음,127.7149179,37.77788418,1.0,0,0,0,0
2021,2,9,13,주,화,강원,차량단독,안전운전 의무 불이행,단일로,사륜오토바이(ATV),없음,127.4341086,38.24230634,1.0,2,4,0,0
2021,2,9,15,주,화,인천,차대사람,안전운전 의무 불이행,기타,건설기계,보행자,126.6126831,37.4481814,1.0,0,0,0,0
2021,2,9,19,야,화,경기,차대차,기타,교차로,자전거,승용차,126.7633349,37.32848781,1.0,1,0,0,2
2021,2,9,20,야,화,경북,차대차,안전운전 의무 불이행,단일로,화물차,승용차,129.2116401,36.07445968,1.3,0,0,0,0
2021,2,9,22,야,화,인천,차량단독,안전운전 의무 불이행,단일로,승용차,없음,126.6283824,37.60800581,1.0,0,0,1,0
2021,2,10,0,야,수,경남,차량단독,안전운전 의무 불이행,교차로,승용차,없음,127.9750619,35.01204599,3.0999999999999996,3,2,0,0
2021,2,10,7,주,수,경기,차대차,중앙선 침범,단일로,이륜차,승용차,127.1089,37.73455524,1.3,7,1,0,0
2021,2,10,8,주,수,경기,차대사람,보행자 보호의무 위반,교차로,화물차,보행자,126.772816,37.38236723,1.7,0,0,0,0
2021,2,11,0,야,목,경기,차량단독,안전운전 의무 불이행,단일로,승용차,없음,127.3679533,37.52968633,1.0,0,0,0,2
2021,2,11,6,주,목,전북,차대사람,안전운전 의무 불이행,단일로,승용차,보행자,127.1751043,35.83038841,1.0,6,2,0,2
2021,2,11,18,야,목,대구,차대차,안전운전 의무 불이행,단일로,화물차,이륜차,128.4347787,35.85927054,1.0,1,0,0,3
2021,2,11,20,야,목,경남,차대사람,안전운전 의무 불이행,교차로,승용차,보행자,128.7056553,35.15271441,1.0,13,2,0,4
2021,2,11,21,야,목,광주,차대차,신호위반,교차로,승용차,이륜차,126.8440324,35.14471063,1.0,4,2,0,1
2021,2,12,18,야,금,경북,차량단독,안전운전 의무 불이행,단일로,화물차,없음,129.2154044,36.75741418,1.0,0,0,0,0
2021,2,12,19,야,금,경기,차대사람,안전운전 의무 불이행,단일로,승용차,보행자,127.6864854,37.53849131,1.0,0,0,1,0
2021,2,12,22,야,금,전북,차대사람,보행자 보호의무 위반,교차로,승용차,보행자,126.9868709,35.9581911,1.0,10,2,0,3
2021,2,13,11,주,토,강원,차량단독,안전운전 의무 불이행,단일로,이륜차,없음,129.2960492,37.29827532,1.0,0,0,0,0
2021,2,13,11,주,토,전북,차량단독,안전운전 의무 불이행,단일로,농기계,없음,127.339807,36.09327273,1.0,0,0,0,0
2021,2,13,11,주,토,전남,차량단독,안전운전 의무 불이행,단일로,이륜차,없음,127.4365567,35.35768526,1.0,0,0,0,0
2021,2,13,13,주,토,충남,차량단독,안전운전 의무 불이행,단일로,이륜차,없음,126.8314157,36.70425078,1.0,0,0,0,2
2021,2,13,21,야,토,전남,차량단독,기타,교차로,승용차,없음,127.3417529,34.8381225,1.7,2,2,0,1
2021,2,13,22,야,토,부산,차량단독,안전운전 의무 불이행,단일로,이륜차,없음,128.9805163,35.14143354,1.7,4,1,0,1
2021,2,14,8,주,일,서울,차대차,안전운전 의무 불이행,교차로,승용차,이륜차,126.9271506,37.57460993,1.0,3,0,0,3
2021,2,14,10,주,일,대구,차량단독,안전운전 의무 불이행,단일로,화물차,없음,128.5271801,35.89279364,1.0,1,0,0,2
2021,2,14,18,야,일,서울,차대사람,안전운전 의무 불이행,교차로,승용차,보행자,126.8706054,37.54785855,1.0,3,2,0,5
2021,2,14,20,야,일,인천,차대차,중앙선 침범,단일로,승용차,승용차,126.7237835,37.57575528,1.3,1,0,0,0
2021,2,14,21,야,일,경기,차대차,안전운전 의무 불이행,단일로,이륜차,화물차,126.9153021,37.11047726,1.0,8,2,0,1
2021,2,14,22,야,일,광주,차량단독,안전운전 의무 불이행,교차로,승용차,없음,126.781649,35.18677262,1.7,0,0,0,0
2021,2,14,23,야,일,부산,차량단독,안전운전 의무 불이행,단일로,승용차,없음,129.2532627,35.30221441,1.0,1,1,0,0
2021,2,15,14,주,월,강원,차대사람,보행자 보호의무 위반,단일로,화물차,보행자,128.9027141,37.75936622,1.0,14,2,8,5
2021,2,15,14,주,월,충북,차량단독,안전운전 의무 불이행,단일로,화물차,없음,127.7246575,36.22963325,1.0,0,0,0,0
2021,2,15,17,주,월,서울,차대차,안전운전 의무 불이행,단일로,이륜차,건설기계,126.8266952,37.51387715,1.0,1,1,0,0
2021,2,15,19,야,월,경남,차대사람,안전운전 의무 불이행,단일로,화물차,보행자,128.6499059,35.43638917,1.0,0,0,0,0
2021,2,15,21,야,월,전북,차량단독,안전운전 의무 불이행,단일로,개인형이동수단(PM),없음,127.3649264,35.47725787,1.3,1,0,0,1
2021,2,16,3,야,화,대전,차대차,안전운전 의무 불이행,단일로,이륜차,화물차,127.3243549,36.34619546,1.0,1,0,0,1
2021,2,16,9,주,화,충남,차대차,신호위반,교차로,원동기장치자전거,승용차,126.7429483,36.6905867,1.0,4,2,0,1
2021,2,16,11,주,화,전남,차량단독,안전운전 의무 불이행,단일로,이륜차,없음,126.3981382,35.2142674,1.0,0,0,0,0
2021,2,16,14,주,화,경기,차량단독,안전운전 의무 불이행,단일로,화물차,없음,126.9422813,37.13340397,1.0,0,0,0,0
2021,2,16,17,주,화,경남,차량단독,기타,단일로,승용차,없음,128.7457553,35.26968428,1.0,0,0,0,1
2021,2,16,23,야,화,전북,차량단독,안전운전 의무 불이행,교차로,승용차,없음,126.5634013,35.93670138,1.0,0,0,0,0
2021,2,17,1,야,수,전북,차대차,안전운전 의무 불이행,단일로,화물차,건설기계,127.3207075,35.38273863,1.0,0,1,1,0
2021,2,17,11,주,수,충남,차량단독,안전운전 의무 불이행,단일로,화물차,없음,126.6613216,36.29643955,1.0,0,0,0,0
2021,2,17,18,야,수,전남,차량단독,안전운전 의무 불이행,단일로,승용차,없음,126.3504551,35.22133475,1.0,0,0,0,0
2021,2,17,18,야,수,인천,차대사람,기타,기타,승용차,보행자,126.6597567,37.53619003,1.7,6,2,0,3
2021,2,18,3,야,목,경기,차량단독,안전운전 의무 불이행,교차로,승용차,없음,126.6950556,37.7927259,1.0,0,0,0,0
2021,2,18,4,야,목,강원,차량단독,기타,교차로,승용차,없음,127.7523987,37.87671108,4.1,11,3,0,0
2021,2,18,6,주,목,경북,차대차,안전운전 의무 불이행,단일로,승용차,승용차,129.4099607,35.96878904,1.3,1,2,0,2
2021,2,18,12,주,목,서울,차대차,안전운전 의무 불이행,단일로,승용차,이륜차,126.8858896,37.47725507,1.3,12,0,0,4
2021,2,18,12,주,목,서울,차대사람,안전운전 의무 불이행,단일로,승합차,보행자,127.0984725,37.59944605,1.0,7,1,5,3
2021,2,18,13,주,목,경남,차대사람,안전운전 의무 불이행,단일로,승용차,보행자,128.0947535,35.17163584,1.0,8,1,0,2
2021,2,18,19,야,목,울산,차대사람,안전운전 의무 불이행,교차로,승용차,보행자,129.2540024,35.53601853,1.0,0,5,1,2
2021,2,18,23,야,목,강원,차대차,기타,교차로,화물차,화물차,128.2087135,38.12118455,1.7,4,0,0,1
2021,2,19,7,주,금,강원,차량단독,안전운전 의무 불이행,단일로,이륜차,없음,128.5943926,38.19892956,1.0,3,1,0,0
2021,2,19,8,주,금,부산,차대사람,보행자 보호의무 위반,단일로,건설기계,보행자,129.1303283,35.1703376,1.0,13,0,2,1
2021,2,19,18,야,금,경기,차대차,안전운전 의무 불이행,단일로,화물차,승용차,126.8777981,37.03224166,3.0,0,0,0,0
2021,2,19,20,야,금,경기,차대사람,기타,단일로,승합차,보행자,127.4817692,37.51979868,2.0,0,0,1,0
2021,2,19,21,야,금,경남,차대차,신호위반,교차로,이륜차,승합차,128.5211664,35.25392674,1.0,3,1,0,0
2021,2,19,21,야,금,인천,차대차,안전운전 의무 불이행,교차로,승용차,이륜차,126.6993473,37.59456508,1.0,7,3,0,0
2021,2,19,22,야,금,광주,차대사람,안전운전 의무 불이행,단일로,승합차,보행자,126.8997769,35.22699114,1.0,0,0,0,1
2021,2,19,23,야,금,강원,차대사람,안전운전 의무 불이행,기타,승용차,보행자,128.7694885,37.25853318,1.0,0,0,0,0
2021,2,20,2,야,토,경북,차량단독,안전운전 의무 불이행,단일로,승용차,없음,129.1666194,35.84159265,1.0,0,0,0,0
2021,2,20,3,야,토,인천,차대차,중앙선 침범,단일로,승용차,승용차,126.7164317,37.57163268,1.3,0,0,0,0
2021,2,20,4,야,토,부산,차대사람,안전운전 의무 불이행,단일로,승합차,보행자,128.9875949,35.18766468,1.0,6,1,0,6
2021,2,20,6,주,토,경북,차대차,안전운전 의무 불이행,교차로,승용차,승용차,129.2417801,35.81907108,1.7,0,0,0,2
2021,2,20,6,주,토,인천,차대사람,안전운전 의무 불이행,단일로,승용차,보행자,126.6995695,37.4487928,1.0,8,1,0,3
2021,2,20,13,주,토,전북,차대차,신호위반,교차로,화물차,화물차,126.9132112,35.68106124,3.0,1,0,0,1
2021,2,20,15,주,토,충북,차대차,기타,교차로,이륜차,승용차,127.7878941,36.52552552,1.0,0,0,0,0
2021,2,20,17,주,토,충북,차대차,중앙선 침범,단일로,승용차,승용차,128.0181263,36.90883021,2.4,0,0,0,0
2021,2,20,19,야,토,울산,차대차,안전운전 의무 불이행,단일로,승용차,화물차,129.1383899,35.60035157,2.6999999999999997,2,1,2,2
2021,2,21,0,야,일,울산,차대사람,기타,교차로,승용차,보행자,129.3428307,35.52821165,1.0,1,0,0,0
2021,2,21,5,야,일,대구,차대차,안전운전 의무 불이행,단일로,자전거,승용차,128.6714733,35.87936492,1.0,4,1,0,3
2021,2,21,9,주,일,대구,차대차,안전거리 미확보,단일로,승용차,이륜차,128.5109313,35.80859844,1.6,4,2,0,0
2021,2,21,16,주,일,대구,차대차,신호위반,단일로,화물차,이륜차,128.3905768,35.75216398,1.3,0,0,0,1
2021,2,21,18,야,일,경남,차대사람,안전운전 의무 불이행,기타,승용차,보행자,129.16287,35.39976053,1.0,2,1,0,3
2021,2,21,19,야,일,경기,차대사람,안전운전 의무 불이행,교차로,승용차,보행자,127.4221845,37.74046915,1.0,1,2,0,0
2021,2,21,23,야,일,인천,차량단독,안전운전 의무 불이행,교차로,승용차,없음,126.521765,37.47949734,1.0,0,0,0,0
2021,2,22,3,야,월,충남,차량단독,안전운전 의무 불이행,단일로,승용차,없음,127.0401181,36.77286852,2.6,0,0,0,1
2021,2,22,8,주,월,경기,차대차,중앙선 침범,단일로,승용차,승용차,126.814694,37.37930029,1.6,0,0,0,0
2021,2,22,9,주,월,부산,차량단독,안전운전 의무 불이행,단일로,개인형이동수단(PM),없음,129.0716736,35.08585681,1.0,3,2,0,1
2021,2,22,14,주,월,경기,차대사람,안전운전 의무 불이행,교차로,승용차,보행자,127.1385882,38.21309058,1.0,0,0,0,0
2021,2,22,15,주,월,전북,차대차,안전운전 의무 불이행,교차로,자전거,승합차,127.1533028,35.80959032,1.0,7,3,0,0
2021,2,22,15,주,월,전남,차량단독,안전운전 의무 불이행,단일로,사륜오토바이(ATV),없음,127.4414236,34.97226579,1.0,0,0,0,0
2021,2,22,17,주,월,경남,차대차,중앙선 침범,단일로,이륜차,화물차,128.2781127,35.40977456,1.7,0,0,0,0
2021,2,22,19,야,월,충북,차대사람,안전운전 의무 불이행,단일로,승용차,보행자,127.6972982,36.58400136,1.0,0,0,0,0
2021,2,22,21,야,월,경기,차대사람,안전운전 의무 불이행,단일로,승용차,보행자,126.7212756,37.70329413,1.0,0,0,1,1
2021,2,23,6,주,화,전북,차대차,중앙선 침범,단일로,승용차,건설기계,127.1809956,35.81985979,1.3,0,0,0,0
2021,2,23,8,주,화,경북,차대차,안전운전 의무 불이행,교차로,승용차,승용차,128.4169567,36.11505432,1.3,0,0,0,1
2021,2,23,10,주,화,충남,차대차,안전거리 미확보,단일로,화물차,화물차,126.7228745,36.00129248,2.0,2,0,0,2
2021,2,23,10,주,화,충남,차대사람,안전운전 의무 불이행,단일로,승용차,보행자,126.8594109,36.27503648,1.0,0,0,0,1
2021,2,23,12,주,화,서울,차대차,안전거리 미확보,단일로,승합차,자전거,127.0531045,37.61418219,1.0,9,1,0,8
2021,2,23,12,주,화,경기,차대차,안전운전 의무 불이행,교차로,화물차,자전거,126.7729707,37.3429243,1.0,0,0,0,0
2021,2,23,18,야,화,경남,차대차,안전운전 의무 불이행,교차로,승합차,이륜차,128.0850046,34.9321323,1.0,3,2,0,1
2021,2,23,21,야,화,경기,차대사람,기타,단일로,승용차,보행자,126.9531429,37.29308338,1.0,2,0,0,0
2021,2,24,9,주,수,충남,차량단독,안전운전 의무 불이행,단일로,승용차,없음,126.7991792,36.90034793,1.7,0,0,0,0
2021,2,24,12,주,수,충남,차량단독,기타,교차로,승용차,없음,126.9763897,36.74844574,1.0,0,1,0,0
2021,2,24,19,야,수,경북,차량단독,안전운전 의무 불이행,단일로,이륜차,없음,128.1916806,36.50637836,1.0,0,0,0,0
2021,2,24,22,야,수,서울,차대사람,안전운전 의무 불이행,단일로,승용차,보행자,126.9192661,37.526791,1.0,4,0,0,2
2021,2,24,23,야,수,부산,차대차,중앙선 침범,단일로,승용차,이륜차,129.171339,35.16730461,1.0,16,2,0,4
2021,2,25,0,야,목,충남,차대차,안전운전 의무 불이행,단일로,화물차,화물차,127.0525365,36.17041536,1.6,0,0,1,0
2021,2,25,4,야,목,인천,차대차,중앙선 침범,단일로,원동기장치자전거,승용차,126.6867003,37.46373945,1.0,7,1,0,6
2021,2,25,5,야,목,충북,차량단독,안전운전 의무 불이행,교차로,승용차,없음,127.9849577,36.88530809,1.7,0,0,0,0
2021,2,25,6,주,목,전남,차대사람,보행자 보호의무 위반,단일로,승용차,보행자,127.4894413,34.95700382,1.0,6,1,0,2
2021,2,25,11,주,목,경기,차대차,안전운전 의무 불이행,단일로,화물차,특수차,127.1641257,37.59334171,1.7,0,0,0,1
2021,2,25,12,주,목,서울,차대사람,기타,기타,화물차,보행자,126.9529454,37.49749556,1.0,3,1,0,2
2021,2,25,13,주,목,경남,차대차,안전운전 의무 불이행,단일로,화물차,자전거,129.0522788,35.39595844,1.0,2,0,0,1
2021,2,25,18,야,목,경북,차대차,신호위반,교차로,화물차,승용차,129.217107,35.84418111,1.3,1,0,0,2
2021,2,25,18,야,목,경북,차대차,중앙선 침범,단일로,이륜차,화물차,129.3340183,36.11216807,1.7,1,0,0,0
2021,2,25,22,야,목,서울,차대차,신호위반,교차로,승용차,이륜차,126.9227442,37.4898778,1.0,15,0,0,8
2021,2,26,1,야,금,경북,차대차,안전운전 의무 불이행,단일로,승용차,승용차,128.4265725,36.02400067,2.0,0,0,0,1
2021,2,26,1,야,금,울산,차량단독,안전운전 의무 불이행,단일로,화물차,없음,129.2264869,35.61789548,1.0,1,0,0,0
2021,2,26,3,야,금,대전,차대차,안전운전 의무 불이행,단일로,승용차,화물차,127.3376644,36.37686659,1.0,2,0,0,0
2021,2,26,6,주,금,서울,차대사람,안전운전 의무 불이행,단일로,건설기계,보행자,126.9387249,37.51352975,1.0,4,1,0,6
2021,2,26,6,주,금,경기,차대차,안전운전 의무 불이행,교차로,화물차,승용차,126.8528548,36.99439262,2.0,2,0,0,0
2021,2,26,6,주,금,전북,차대차,신호위반,교차로,화물차,화물차,127.67953,35.9197186,2.0,1,0,0,0