발생년,발생월,발생일,발생시,주야,요일,발생지시도,사고유형_대분류,가해자법규위반,도로형태_대분류,가해자_당사자종별,피해자_당사자종별,경도,위도,사상자수,반경500m카메라수,반경500m학교수,반경500m전광판수,반경500m사고건수
2021,2,26,9,주,금,경북,차대사람,안전운전 의무 불이행,단일로,건설기계,보행자,129.5029663,35.80618522,1.0,0,1,0,1
2021,2,26,11,주,금,서울,차대사람,안전운전 의무 불이행,교차로,화물차,보행자,127.0275595,37.63942564,1.0,8,0,0,8
2021,2,26,15,주,금,경기,차대차,신호위반,교차로,자전거,승용차,126.9731004,37.34978982,1.0,1,2,0,1
2021,2,27,6,주,토,충북,차대차,안전운전 의무 불이행,단일로,승용차,화물차,127.4278084,36.5738025,3.0,0,0,1,1
2021,2,27,6,주,토,경남,차대사람,안전운전 의무 불이행,단일로,승용차,보행자,128.1067262,35.16167578,1.0,4,2,2,0
2021,2,27,8,주,토,경남,차량단독,안전운전 의무 불이행,단일로,화물차,없음,128.5836571,35.24569213,1.0,8,1,0,3
2021,2,27,12,주,토,제주,차대차,중앙선 침범,단일로,승용차,승합차,126.8411702,33.41774779,4.8,0,0,0,0
2021,2,27,15,주,토,경기,차량단독,안전운전 의무 불이행,기타,자전거,없음,127.2546131,37.54070911,1.0,0,0,0,2
2021,2,27,16,주,토,전남,차대차,안전운전 의무 불이행,단일로,화물차,승합차,126.8207802,35.04297801,2.5999999999999996,0,0,0,2
2021,2,27,20,야,토,부산,차대사람,안전운전 의무 불이행,단일로,승용차,보행자,129.0072857,35.08586386,1.0,4,2,1,1
2021,2,27,21,야,토,부산,차량단독,안전운전 의무 불이행,단일로,이륜차,없음,129.0622288,35.20985984,1.0,2,0,0,2
2021,2,27,21,야,토,인천,차대사람,기타,단일로,승용차,보행자,126.7112526,37.46559141,1.0,12,5,1,5
2021,2,28,5,야,일,서울,차대사람,안전운전 의무 불이행,단일로,승합차,보행자,126.9787202,37.56524958,1.0,0,0,0,3
2021,2,28,10,주,일,경기,차대차,안전운전 의무 불이행,단일로,이륜차,승용차,127.134248,37.1060184,1.0,0,0,0,0
2021,2,28,12,주,일,경기,차대사람,안전운전 의무 불이행,단일로,화물차,보행자,126.8097469,37.40515875,1.0,0,0,0,0
2021,2,28,23,야,일,부산,차대차,안전운전 의무 불이행,교차로,승용차,이륜차,129.0829609,35.20376619,1.0,9,2,0,4
2021,2,28,23,야,일,경기,차대차,안전운전 의무 불이행,단일로,승용차,화물차,127.2029372,37.59537466,1.0,1,0,1,0
2021,3,1,3,야,월,충남,차량단독,기타,교차로,승용차,없음,126.6728631,36.70444467,2.0,3,1,1,1
2021,3,1,9,주,월,경북,차량단독,안전운전 의무 불이행,단일로,이륜차,없음,129.334151,36.00740943,1.0,4,1,1,0
2021,3,1,11,주,월,경북,차대차,중앙선 침범,단일로,승용차,화물차,129.1813613,35.99575746,3.0999999999999996,1,0,0,0
2021,3,1,15,주,월,전북,차대차,기타,교차로,승용차,건설기계,127.0017143,35.75851299,1.3,1,0,0,2
2021,3,1,16,주,월,강원,차대사람,안전운전 의무 불이행,단일로,승용차,보행자,128.2084836,37.8098943,1.3,0,0,0,0
2021,3,1,18,야,월,경기,차대사람,보행자 보호의무 위반,교차로,승용차,보행자,127.2657004,37.00759911,1.0,3,1,0,1
2021,3,1,18,야,월,전북,차대사람,안전운전 의무 불이행,교차로,승용차,보행자,127.0265792,35.82111526,1.0,3,2,0,1
2021,3,1,19,야,월,충남,차대차,안전운전 의무 불이행,기타,화물차,특수차,126.7748582,36.17396,1.0,0,0,0,0
2021,3,1,19,야,월,경북,차량단독,안전운전 의무 불이행,단일로,승용차,없음,128.7320047,35.81008807,1.7,1,0,0,1
2021,3,2,4,야,화,전남,차대사람,안전운전 의무 불이행,단일로,화물차,보행자,127.6977206,34.76854628,1.0,0,0,0,4
2021,3,2,7,주,화,경북,차대사람,보행자 보호의무 위반,교차로,승용차,보행자,128.4025304,36.0651551,1.0,1,1,0,1
2021,3,2,11,주,화,강원,차량단독,안전운전 의무 불이행,단일로,건설기계,없음,128.9779898,37.18464731,1.0,0,0,0,0
2021,3,2,19,야,화,전남,차량단독,안전운전 의무 불이행,단일로,사륜오토바이(ATV),없음,126.346682,34.488071,1.0,0,0,0,1
2021,3,2,23,야,화,울산,차대차,안전운전 의무 불이행,교차로,승용차,승합차,129.1078659,35.57052962,2.2,1,0,0,1
2021,3,3,8,주,수,경북,차량단독,안전운전 의무 불이행,단일로,이륜차,없음,129.3996098,36.5854678,1.0,0,0,0,0
2021,3,3,17,주,수,경기,차대사람,안전운전 의무 불이행,교차로,승용차,보행자,126.8583405,37.32731956,1.0,6,3,2,4
2021,3,3,17,주,수,전북,차대차,안전운전 의무 불이행,단일로,승용차,농기계,127.5598157,35.75011714,1.0,0,0,0,0
2021,3,4,5,야,목,광주,차대사람,신호위반,교차로,승용차,보행자,126.8223714,35.17934741,1.0,13,3,0,3
2021,3,4,6,주,목,인천,차대사람,신호위반,교차로,특수차,보행자,126.627362,37.45362667,1.0,7,3,0,4
2021,3,4,10,주,목,경기,차대차,안전운전 의무 불이행,단일로,승용차,화물차,127.3165352,37.37718653,1.3,6,1,0,0
2021,3,4,11,주,목,대전,차대차,안전운전 의무 불이행,단일로,승용차,자전거,127.3549387,36.36212163,2.0,23,2,0,1
2021,3,4,13,주,목,경남,차량단독,안전운전 의무 불이행,교차로,화물차,없음,127.7184532,35.56190483,1.3,0,0,0,0
2021,3,4,19,야,목,경북,차대사람,안전운전 의무 불이행,단일로,승용차,보행자,129.4897583,35.92021182,1.0,1,0,0,1
2021,3,4,23,야,목,경기,차대사람,안전운전 의무 불이행,교차로,승용차,보행자,126.8402624,37.62402723,1.0,17,4,1,2
2021,3,5,1,야,금,서울,차량단독,안전운전 의무 불이행,단일로,이륜차,없음,127.0547171,37.61281914,1.0,9,2,0,5
2021,3,5,7,주,금,경기,차대차,안전운전 의무 불이행,단일로,승용차,건설기계,126.9101592,37.1162028,1.3,14,2,0,0
2021,3,5,7,주,금,강원,차대차,중앙선 침범,단일로,승용차,화물차,127.9976237,37.4132112,2.0,0,0,0,0
2021,3,5,10,주,금,전남,차대사람,안전운전 의무 불이행,단일로,화물차,보행자,126.2339034,34.49365437,1.0,0,0,0,0
2021,3,5,11,주,금,인천,차대사람,보행자 보호의무 위반,교차로,승합차,보행자,126.7357437,37.49799358,1.3,4,6,0,1
2021,3,5,15,주,금,전북,차량단독,안전운전 의무 불이행,단일로,농기계,없음,127.2636778,35.82549205,1.0,0,0,0,0
2021,3,5,15,주,금,인천,차대차,안전운전 의무 불이행,단일로,화물차,화물차,126.6341873,37.46570984,1.6,12,1,0,6
2021,3,5,19,야,금,전북,차대사람,중앙선 침범,단일로,승용차,보행자,127.1472604,35.8268387,1.0,9,0,0,4
2021,3,5,23,야,금,경기,차량단독,안전운전 의무 불이행,단일로,이륜차,없음,126.8260714,37.62814724,1.0,8,1,1,1
2021,3,6,4,야,토,충남,차대사람,보행자 보호의무 위반,교차로,승용차,보행자,126.5953789,36.97016525,1.0,2,0,0,0
2021,3,6,6,주,토,대전,차대사람,보행자 보호의무 위반,단일로,승용차,보행자,127.4358671,36.37031534,1.0,21,4,0,2
2021,3,6,12,주,토,충북,차대차,중앙선 침범,단일로,자전거,승용차,128.1211775,37.15201795,1.0,0,0,0,0
2021,3,6,12,주,토,광주,차대사람,신호위반,교차로,화물차,보행자,126.9063404,35.12535666,1.0,7,2,0,2
2021,3,6,17,주,토,경기,차대차,안전운전 의무 불이행,교차로,승합차,자전거,127.08399,36.98973062,1.0,21,2,0,2
2021,3,6,19,야,토,전북,차대사람,보행자 보호의무 위반,단일로,화물차,보행자,127.390366,35.41916518,1.0,4,2,1,2
2021,3,6,22,야,토,경남,차대사람,안전운전 의무 불이행,단일로,승용차,보행자,128.6057903,35.3449342,1.0,1,0,0,0
2021,3,7,4,야,일,대구,차량단독,안전운전 의무 불이행,단일로,이륜차,없음,128.5953104,35.88479879,1.0,8,2,0,0
2021,3,7,16,주,일,충남,차대차,중앙선 침범,단일로,승용차,승용차,126.7859755,36.34055825,1.7,0,0,0,0
2021,3,7,22,야,일,부산,차대차,신호위반,교차로,이륜차,승용차,129.0879307,35.22375258,1.3,4,2,1,3
2021,3,8,5,야,월,충남,차대사람,안전운전 의무 불이행,단일로,승합차,보행자,126.4592429,36.79080326,1.0,0,2,0,0
2021,3,8,10,주,월,경북,차대사람,중앙선 침범,단일로,승용차,보행자,128.6865686,36.28043937,1.0,0,0,0,0
2021,3,8,11,주,월,전남,차대차,안전운전 의무 불이행,교차로,이륜차,승용차,126.3964882,34.79907129,1.3,3,2,0,7
2021,3,8,16,주,월,경기,차대차,안전운전 의무 불이행,교차로,화물차,건설기계,127.4081532,37.72427115,1.9,1,0,0,1
2021,3,9,10,주,화,서울,차대차,기타,교차로,승용차,이륜차,127.0518256,37.61016636,1.0,8,2,0,8
2021,3,9,10,주,화,전북,차대사람,기타,단일로,화물차,보행자,126.7366378,35.97576452,1.0,6,1,0,3
2021,3,9,11,주,화,서울,차대사람,안전운전 의무 불이행,기타,승용차,보행자,126.9032673,37.52031617,1.0,4,1,0,3
2021,3,9,12,주,화,경북,차대차,안전운전 의무 불이행,단일로,화물차,자전거,128.2818044,36.22627128,1.0,0,0,0,0
2021,3,9,19,야,화,강원,차대사람,안전운전 의무 불이행,단일로,화물차,보행자,127.9877969,38.10765948,1.0,9,1,0,3
2021,3,9,23,야,화,부산,차대사람,안전운전 의무 불이행,단일로,승용차,보행자,129.0766092,35.22180889,1.0,0,0,0,1
2021,3,10,0,야,수,울산,차량단독,안전운전 의무 불이행,교차로,승용차,없음,129.2843534,35.43872204,1.0,2,0,0,0
2021,3,10,4,야,수,전남,차량단독,안전운전 의무 불이행,단일로,승용차,없음,127.3097376,34.64699743,1.0,0,0,0,0
2021,3,10,5,야,수,전남,차대차,신호위반,교차로,승용차,승용차,126.7739842,35.30003246,1.0,2,0,0,1
2021,3,10,5,야,수,경기,차대차,신호위반,교차로,이륜차,승합차,126.7577309,37.72990172,1.0,15,4,0,0
2021,3,10,10,주,수,경기,차대차,기타,단일로,승용차,승용차,127.5958125,37.38364478,1.6,4,0,0,0
2021,3,10,12,주,수,충남,차량단독,안전운전 의무 불이행,단일로,승용차,없음,127.1502707,36.24637241,1.0,0,0,0,1
2021,3,10,12,주,수,경기,차대사람,안전운전 의무 불이행,교차로,승용차,보행자,127.4083119,37.72445154,1.0,1,0,0,1
2021,3,10,13,주,수,전남,차대차,안전운전 의무 불이행,단일로,화물차,화물차,127.1228988,34.45693153,2.4,0,0,0,1
2021,3,10,14,주,수,경남,차대차,안전운전 의무 불이행,교차로,이륜차,승용차,127.8352165,35.48640214,1.3,1,0,0,1
2021,3,10,14,주,수,대전,차량단독,안전운전 의무 불이행,단일로,자전거,없음,127.4417367,36.31756009,1.0,11,1,0,1
2021,3,10,19,야,수,제주,차대사람,보행자 보호의무 위반,교차로,승용차,보행자,126.5080431,33.25163787,1.0,1,0,0,1
2021,3,10,22,야,수,경기,차대차,중앙선 침범,단일로,자전거,화물차,127.4549163,37.29166096,1.0,9,2,0,1
2021,3,11,6,주,목,경기,차대차,안전운전 의무 불이행,단일로,건설기계,화물차,127.2860509,37.85539016,1.0,0,0,0,0
2021,3,11,7,주,목,경북,차량단독,안전운전 의무 불이행,단일로,화물차,없음,128.2668669,36.24511085,1.0,0,0,0,1
2021,3,11,13,주,목,경북,차대차,안전거리 미확보,단일로,이륜차,승용차,128.1545913,36.43691026,1.0,3,0,0,0
2021,3,11,15,주,목,충북,차대사람,신호위반,교차로,승용차,보행자,127.4748406,36.65696627,1.0,1,2,0,2
2021,3,11,22,야,목,충북,차대차,안전운전 의무 불이행,단일로,특수차,특수차,127.7510309,36.45556989,4.4,0,0,2,1
2021,3,12,6,주,금,경남,차대사람,안전운전 의무 불이행,단일로,승용차,보행자,128.7071346,35.15326772,1.0,13,1,0,4
2021,3,12,11,주,금,경남,차량단독,안전운전 의무 불이행,단일로,화물차,없음,127.6749891,35.53206765,1.3,2,0,0,0
2021,3,12,14,주,금,경기,차대사람,안전운전 의무 불이행,교차로,화물차,보행자,127.0440396,37.20407687,1.0,12,3,0,0
2021,3,12,14,주,금,경남,차대차,안전운전 의무 불이행,단일로,승용차,승용차,128.8188908,35.29431673,2.4,1,0,0,0
2021,3,12,15,주,금,인천,차대차,기타,교차로,화물차,이륜차,126.7109804,37.53017093,1.0,11,4,0,0
2021,3,12,17,주,금,경남,차대사람,신호위반,교차로,화물차,보행자,128.6286605,35.26145451,1.0,11,1,0,4
2021,3,12,19,야,금,경기,차대사람,안전운전 의무 불이행,교차로,승용차,보행자,126.8980526,37.65394498,1.0,12,0,1,3
2021,3,12,21,야,금,경기,차대사람,안전운전 의무 불이행,교차로,승용차,보행자,126.9582051,37.24321465,1.0,1,0,0,0
2021,3,13,1,야,토,경기,차대사람,안전운전 의무 불이행,단일로,승용차,보행자,127.0297912,37.74272063,1.0,9,0,2,2
2021,3,13,2,야,토,경기,차대사람,기타,교차로,승용차,보행자,126.7410428,37.35198083,1.0,2,1,1,3
2021,3,13,2,야,토,광주,차대차,안전운전 의무 불이행,단일로,이륜차,화물차,126.8388891,35.14676561,1.0,3,1,0,1
2021,3,13,12,주,토,경북,차대차,신호위반,교차로,이륜차,승용차,128.6274772,36.8225271,1.0,9,3,0,3
2021,3,13,15,주,토,경북,차량단독,안전운전 의무 불이행,단일로,이륜차,없음,127.8921833,36.62415897,1.0,3,0,0,2
2021,3,13,18,야,토,경기,차대차,안전운전 의무 불이행,단일로,화물차,화물차,126.8990298,37.05171366,3.4,0,0,0,0
2021,3,14,8,주,일,충북,차대차,신호위반,교차로,화물차,이륜차,127.7298319,36.40419848,1.3,1,0,0,0
2021,3,14,17,주,일,제주,차량단독,안전운전 의무 불이행,단일로,이륜차,없음,126.8554131,33.51190479,1.0,0,0,0,0
2021,3,14,20,야,일,서울,차대사람,안전운전 의무 불이행,단일로,승용차,보행자,127.0211156,37.61968648,1.0,14,3,0,3
2021,3,14,20,야,일,대구,차대사람,안전운전 의무 불이행,단일로,승용차,보행자,128.548423,35.90982088,1.0,2,3,0,2
2021,3,15,5,야,월,강원,차대사람,안전운전 의무 불이행,단일로,승용차,보행자,129.1741206,37.43214663,1.0,0,0,0,0
2021,3,15,8,주,월,경기,차대차,안전운전 의무 불이행,교차로,화물차,자전거,127.0791837,37.12762305,1.0,0,0,0,1
2021,3,15,8,주,월,경북,차대차,신호위반,교차로,화물차,승용차,128.2788713,36.15258948,1.3,3,0,0,1
2021,3,15,11,주,월,부산,차대차,중앙선 침범,단일로,화물차,화물차,128.8887088,35.16207612,1.3,3,0,1,0
2021,3,15,13,주,월,전남,차량단독,안전운전 의무 불이행,단일로,이륜차,없음,127.047333,34.63771168,1.0,0,0,0,0
2021,3,15,18,야,월,광주,차량단독,안전운전 의무 불이행,단일로,승용차,없음,126.8514184,35.16295575,1.7,6,0,0,2
2021,3,16,5,야,화,충북,차대차,신호위반,교차로,건설기계,자전거,127.6050722,36.99115224,1.0,3,1,0,0
2021,3,16,5,야,화,충남,차대차,안전운전 의무 불이행,단일로,승용차,승합차,127.1373972,36.89344195,1.0,1,0,0,3
2021,3,16,10,주,화,전남,차대차,기타,기타,승합차,화물차,126.808475,35.3337769,1.0,1,0,0,0
2021,3,16,18,야,화,경북,차대차,안전운전 의무 불이행,교차로,화물차,화물차,128.7511462,36.82100157,1.3,0,0,0,0
2021,3,17,4,야,수,경남,차량단독,안전운전 의무 불이행,단일로,승합차,없음,128.8723617,35.21099817,1.0,0,0,0,0
2021,3,17,9,주,수,경남,차대차,안전운전 의무 불이행,단일로,건설기계,자전거,128.832991,35.38953463,1.0,0,0,0,1
2021,3,17,14,주,수,전북,차대사람,기타,단일로,화물차,보행자,127.5441996,35.53225862,1.0,4,1,0,0
2021,3,17,15,주,수,충북,차대사람,안전운전 의무 불이행,교차로,화물차,보행자,127.4967792,36.61836764,1.0,3,1,0,3
2021,3,17,19,야,수,경북,차대사람,기타,기타,승용차,보행자,128.6819488,36.3609069,1.0,2,0,0,0
2021,3,17,20,야,수,부산,차대사람,안전운전 의무 불이행,단일로,승용차,보행자,129.0283842,35.09785184,1.0,5,1,0,4
2021,3,18,1,야,목,인천,차량단독,안전운전 의무 불이행,교차로,승용차,없음,126.6930456,37.4772581,1.0,6,2,0,0
2021,3,18,3,야,목,부산,차대사람,기타,단일로,승용차,보행자,129.0277967,35.15334201,1.0,2,0,0,2
2021,3,18,8,주,목,전북,차대차,안전운전 의무 불이행,단일로,건설기계,자전거,127.1285029,35.8386357,1.0,8,2,0,2
2021,3,18,9,주,목,경북,차대차,안전운전 의무 불이행,단일로,승용차,자전거,128.3760274,36.19337077,1.0,2,0,0,0
2021,3,18,10,주,목,전북,차대차,안전운전 의무 불이행,단일로,승용차,원동기장치자전거,126.7083064,35.44366055,1.0,0,0,0,1
2021,3,18,13,주,목,인천,차대사람,안전운전 의무 불이행,교차로,화물차,보행자,126.6356383,37.46441351,1.0,14,3,0,5
2021,3,18,14,주,목,경기,차대사람,안전운전 의무 불이행,기타,승용차,보행자,127.0929847,37.12991576,1.0,0,0,2,1
2021,3,18,17,주,목,인천,차대차,안전운전 의무 불이행,단일로,화물차,농기계,126.5119828,37.71670568,1.0,0,0,0,0
2021,3,18,17,주,목,광주,차대차,안전운전 의무 불이행,단일로,화물차,자전거,126.9061218,35.0980067,1.0,1,0,0,0
2021,3,18,20,야,목,경남,차대차,안전운전 의무 불이행,단일로,화물차,자전거,127.9535539,35.24293138,1.7,0,0,0,0
2021,3,19,8,주,금,전남,차대차,중앙선 침범,기타,화물차,이륜차,126.0738259,34.56152995,1.0,0,0,0,0
2021,3,19,9,주,금,서울,차대차,안전운전 의무 불이행,교차로,승용차,승용차,126.9263223,37.61479758,2.6999999999999997,6,4,0,3
2021,3,19,12,주,금,서울,차대사람,보행자 보호의무 위반,교차로,건설기계,보행자,127.0265039,37.57049574,1.0,4,2,0,2
2021,3,19,12,주,금,경북,차대사람,안전운전 의무 불이행,기타,화물차,보행자,129.0036336,36.93758057,1.0,2,1,0,1
2021,3,19,12,주,금,울산,차량단독,안전운전 의무 불이행,단일로,이륜차,화물차,129.4044677,35.52684815,1.0,1,0,0,0
2021,3,19,13,주,금,강원,차대차,기타,교차로,화물차,사륜오토바이(ATV),127.6550926,38.15665507,1.0,2,2,0,0
2021,3,20,3,야,토,울산,차량단독,안전운전 의무 불이행,단일로,승용차,없음,129.3976038,35.52150228,1.0,2,0,0,0
2021,3,20,5,야,토,충남,차대차,안전운전 의무 불이행,단일로,승용차,승합차,126.9329881,36.27141414,1.0,1,0,0,0
2021,3,20,7,주,토,서울,차대사람,안전운전 의무 불이행,교차로,승합차,보행자,127.0448476,37.58019698,1.0,11,0,0,3
2021,3,20,12,주,토,경북,차량단독,안전운전 의무 불이행,단일로,승용차,없음,128.4620026,36.40565654,1.0,0,0,0,0
2021,3,20,14,주,토,경북,차대차,안전운전 의무 불이행,단일로,이륜차,승합차,129.1649428,35.82335153,1.0,1,0,0,0
2021,3,20,14,주,토,광주,차대차,안전운전 의무 불이행,교차로,화물차,화물차,126.7825649,35.21002363,2.3,0,0,0,0
2021,3,20,20,야,토,경기,차대차,안전운전 의무 불이행,교차로,이륜차,건설기계,126.9083084,37.31164357,1.0,2,0,0,0
2021,3,21,1,야,일,경남,차량단독,안전운전 의무 불이행,단일로,승용차,없음,128.6826608,35.52832539,1.0,0,0,0,0
2021,3,21,3,야,일,경남,차량단독,안전운전 의무 불이행,단일로,이륜차,없음,128.0767195,34.952984,1.0,2,1,0,0
2021,3,21,3,야,일,제주,차대사람,기타,교차로,승용차,보행자,126.5425075,33.48540795,1.0,1,3,1,3
2021,3,21,10,주,일,강원,차대사람,안전운전 의무 불이행,단일로,승용차,보행자,127.9483192,37.37506393,1.0,1,1,0,1
2021,3,21,12,주,일,부산,차대차,안전운전 의무 불이행,단일로,화물차,자전거,128.956847,35.10718097,1.0,2,0,0,1
2021,3,21,15,주,일,전남,차대사람,안전운전 의무 불이행,교차로,승용차,보행자,127.7258638,34.96194326,1.0,3,0,0,1
2021,3,21,16,주,일,충북,차대차,기타,단일로,승용차,이륜차,127.6892062,36.66226458,1.0,0,0,0,0
2021,3,21,17,주,일,대전,차대차,안전운전 의무 불이행,단일로,승용차,승용차,127.3998317,36.35760591,1.3,11,2,0,2
2021,3,21,22,야,일,경북,차대사람,안전운전 의무 불이행,단일로,승용차,보행자,128.2122684,36.61428268,1.0,0,0,0,1
2021,3,21,23,야,일,경남,차대사람,기타,교차로,승용차,보행자,128.7291988,35.30682054,1.0,9,3,1,1
2021,3,22,7,주,월,충북,차대차,안전운전 의무 불이행,단일로,화물차,건설기계,127.5641944,36.98349206,1.3,4,0,0,1
2021,3,22,7,주,월,대구,차대차,신호위반,교차로,이륜차,승용차,128.6291293,35.94454701,1.7,3,2,0,0
2021,3,22,8,주,월,전북,차대차,교차로 통행방법 위반,교차로,화물차,승용차,127.6101869,35.78319839,1.0,1,0,0,0
2021,3,22,9,주,월,충북,차대차,안전운전 의무 불이행,단일로,화물차,자전거,127.499594,36.63223906,1.0,2,1,0,2
2021,3,22,9,주,월,경남,차대사람,안전운전 의무 불이행,단일로,화물차,보행자,128.8753627,35.30478652,1.0,0,0,0,0
2021,3,22,10,주,월,강원,차량단독,안전운전 의무 불이행,기타,승용차,없음,127.5032394,38.10560315,1.0,0,0,0,0
2021,3,22,13,주,월,충남,차대사람,보행자 보호의무 위반,단일로,승용차,보행자,127.1084998,36.21062263,1.0,1,0,0,1
2021,3,22,14,주,월,경남,차대사람,안전운전 의무 불이행,교차로,화물차,보행자,128.1057427,34.94252689,1.0,1,0,0,0
2021,3,22,15,주,월,대구,차대차,안전운전 의무 불이행,단일로,화물차,승용차,128.5294565,35.88035058,5.9,1,0,0,0
2021,3,22,16,주,월,대구,차대차,안전운전 의무 불이행,교차로,승용차,자전거,128.5822804,35.88631434,1.0,4,3,0,3
2021,3,22,17,주,월,경기,차대차,신호위반,교차로,화물차,이륜차,126.786597,37.75345728,1.0,0,0,0,1
2021,3,22,19,야,월,경기,차대차,신호위반,교차로,승용차,이륜차,127.1938574,37.56091984,1.0,4,2,0,2
2021,3,22,22,야,월,경기,차대차,안전운전 의무 불이행,단일로,화물차,화물차,126.9006609,37.11025993,1.3,2,0,0,1
2021,3,23,10,주,화,서울,차대차,기타,교차로,자전거,승용차,127.0626122,37.56751817,1.0,9,2,0,3
2021,3,23,10,주,화,강원,차량단독,안전운전 의무 불이행,단일로,화물차,없음,128.7838284,37.64323989,1.0,0,0,0,0
2021,3,23,10,주,화,전남,차대사람,보행자 보호의무 위반,교차로,승용차,보행자,126.4187201,34.81098416,1.0,2,1,0,4
2021,3,23,11,주,화,대구,차대사람,기타,단일로,승합차,보행자,128.5999472,35.89003054,1.0,3,0,0,2
2021,3,23,12,주,화,전남,차대차,안전운전 의무 불이행,단일로,승용차,승용차,127.3460049,34.71416889,3.6,0,0,0,0
2021,3,23,15,주,화,경기,차대차,안전운전 의무 불이행,교차로,개인형이동수단(PM),승용차,127.0243116,37.28773007,1.0,7,3,0,4
2021,3,23,16,주,화,서울,차량단독,안전운전 의무 불이행,단일로,승합차,없음,126.9783102,37.51847668,1.0,6,3,0,2
2021,3,24,3,야,수,경남,차량단독,안전운전 의무 불이행,기타,이륜차,없음,129.1627348,35.40657817,1.0,0,0,0,4
2021,3,24,5,야,수,대구,차대사람,기타,단일로,화물차,보행자,128.5372117,35.84724138,1.0,16,1,1,4
2021,3,24,7,주,수,경기,차대차,기타,교차로,이륜차,승용차,127.2283237,37.39531483,1.3,12,1,1,1
2021,3,24,9,주,수,전남,차량단독,안전운전 의무 불이행,단일로,농기계,없음,126.8227046,34.3345869,1.0,0,0,0,0
2021,3,24,12,주,수,전남,차량단독,안전운전 의무 불이행,단일로,사륜오토바이(ATV),없음,127.2819432,34.50142663,1.0,0,0,0,0
2021,3,24,13,주,수,경기,차대차,안전운전 의무 불이행,교차로,화물차,건설기계,126.6010458,37.610712,1.3,0,0,0,1
2021,3,25,6,주,목,서울,차대사람,안전운전 의무 불이행,단일로,승용차,보행자,127.0346585,37.61231722,1.0,15,4,0,0
2021,3,25,10,주,목,대구,차대차,기타,교차로,승용차,자전거,128.7016838,35.86698568,1.0,4,3,1,3
2021,3,25,11,주,목,대전,차대사람,안전운전 의무 불이행,단일로,승용차,보행자,127.3693686,36.35170746,1.0,10,3,0,3
2021,3,25,12,주,목,전북,차량단독,안전운전 의무 불이행,단일로,농기계,없음,126.6058552,35.37629552,1.0,0,0,0,0
2021,3,25,13,주,목,경북,차량단독,기타,교차로,승용차,없음,128.4268583,35.99115025,1.0,2,1,0,0
2021,3,25,14,주,목,경북,차대사람,안전운전 의무 불이행,단일로,승합차,보행자,128.6113985,36.83259412,1.0,2,3,0,2
2021,3,25,20,야,목,서울,차대사람,안전운전 의무 불이행,단일로,승용차,보행자,127.0663819,37.45581955,1.0,7,1,0,0
2021,3,26,0,야,금,충남,차대사람,안전운전 의무 불이행,단일로,승용차,보행자,126.3604053,36.777692,1.0,2,0,0,1
2021,3,26,6,주,금,전남,차대사람,신호위반,교차로,승용차,보행자,126.4090181,34.80045568,1.0,3,0,0,2
2021,3,26,13,주,금,충북,차대차,안전운전 의무 불이행,기타,건설기계,이륜차,127.4577052,36.55589485,1.0,0,0,0,0
2021,3,26,17,주,금,전남,차량단독,안전운전 의무 불이행,단일로,자전거,없음,126.646113,34.49214457,1.0,1,0,0,0
2021,3,26,17,주,금,경북,차대차,중앙선 침범,단일로,승용차,승용차,127.928556,36.44638289,2.4,2,0,0,2
2021,3,26,19,야,금,울산,차대사람,안전운전 의무 불이행,단일로,승용차,보행자,129.3593135,35.62921543,1.0,6,2,0,0
2021,3,27,12,주,토,부산,차대차,안전운전 의무 불이행,교차로,승용차,승합차,128.9903314,35.15347333,1.3,3,1,0,2
2021,3,27,18,야,토,경기,차대차,안전운전 의무 불이행,교차로,화물차,화물차,126.8725483,37.29100699,1.0,14,1,0,2
2021,3,27,18,야,토,전북,차대사람,기타,교차로,승용차,보행자,126.7155033,35.97816071,1.0,7,3,0,3
2021,3,27,22,야,토,부산,차대차,안전운전 의무 불이행,단일로,승용차,승용차,129.222672,35.27596783,2.0,0,0,0,0
2021,3,28,0,야,일,서울,차대사람,기타,기타,승용차,보행자,127.0549491,37.44733575,1.7,1,0,0,0
2021,3,28,1,야,일,대구,차대사람,기타,교차로,승용차,보행자,128.5434803,35.80841947,1.0,5,3,1,0
2021,3,28,5,야,일,전남,차대사람,안전운전 의무 불이행,교차로,승용차,보행자,127.7003814,34.75267064,1.0,1,3,0,0
2021,3,28,16,주,일,경북,차대차,안전운전 의무 불이행,교차로,승용차,승용차,129.1982993,35.85266105,1.6,1,0,0,2
2021,3,28,18,야,일,경북,차량단독,안전운전 의무 불이행,단일로,이륜차,없음,129.0298625,35.71647719,1.0,0,0,0,0
2021,3,29,4,야,월,충남,차량단독,안전운전 의무 불이행,단일로,특수차,없음,126.4830066,37.03828527,1.0,0,0,0,0
2021,3,29,8,주,월,경남,차대사람,안전운전 의무 불이행,단일로,화물차,보행자,127.8226979,34.86515595,1.0,0,0,0,0
2021,3,29,11,주,월,경남,차대사람,보행자 보호의무 위반,교차로,화물차,보행자,128.854502,35.2317023,1.0,7,1,0,2
2021,3,29,11,주,월,대전,차대차,중앙선 침범,단일로,승용차,승용차,127.4861481,36.28076323,3.0999999999999996,0,0,0,0
2021,3,29,11,주,월,울산,차대사람,안전운전 의무 불이행,단일로,승용차,보행자,129.4168568,35.48995165,1.0,6,1,0,0