발생년,발생월,발생일,발생시,주야,요일,발생지시도,사고유형_대분류,가해자법규위반,도로형태_대분류,가해자_당사자종별,피해자_당사자종별,경도,위도,사상자수,반경500m카메라수,반경500m학교수,반경500m전광판수,반경500m사고건수
2021,3,29,15,주,월,경북,차대차,안전운전 의무 불이행,단일로,화물차,이륜차,128.4387229,36.53854073,1.0,0,0,0,1
2021,3,29,17,주,월,경기,차량단독,안전운전 의무 불이행,교차로,이륜차,없음,126.7392066,37.36611148,1.7,2,3,1,0
2021,3,29,19,야,월,경북,차대사람,안전운전 의무 불이행,단일로,승용차,보행자,129.4060428,35.79348234,1.0,0,0,0,0
2021,3,29,20,야,월,경기,차대사람,안전운전 의무 불이행,단일로,승용차,보행자,127.2267932,37.10632183,1.0,0,0,0,0
2021,3,30,1,야,화,충남,차량단독,안전운전 의무 불이행,단일로,이륜차,없음,126.8822008,36.78782968,1.0,0,0,0,0
2021,3,30,3,야,화,경기,차대사람,신호위반,기타,화물차,보행자,127.2582423,37.42271859,1.0,4,2,2,1
2021,3,30,5,야,화,충남,차대사람,기타,단일로,승용차,보행자,126.8975687,36.18341246,1.0,0,1,0,0
2021,3,30,12,주,화,부산,차대차,신호위반,교차로,화물차,화물차,128.9555715,35.09653903,1.7,4,1,0,1
2021,3,30,14,주,화,전북,차량단독,안전운전 의무 불이행,단일로,사륜오토바이(ATV),없음,127.3282667,35.60364594,1.0,0,0,0,0
2021,3,30,14,주,화,전북,차대차,기타,단일로,승용차,승용차,126.5758837,35.33947466,2.4,0,0,0,0
2021,3,30,15,주,화,경기,차대차,신호위반,교차로,화물차,사륜오토바이(ATV),126.8848449,37.735014,1.0,1,0,0,0
2021,3,31,0,야,수,경기,차대차,교차로 통행방법 위반,교차로,승용차,승용차,126.8408791,36.99003593,1.7,4,1,0,0
2021,3,31,12,주,수,전남,차량단독,안전운전 의무 불이행,단일로,농기계,없음,126.9685082,34.48614454,1.0,0,0,0,0
2021,3,31,13,주,수,충북,차량단독,안전운전 의무 불이행,기타,농기계,없음,127.9202941,36.25269056,1.0,0,0,0,0
2021,3,31,19,야,수,경기,차대사람,안전운전 의무 불이행,단일로,승용차,보행자,127.1335177,37.81014696,1.0,1,0,1,2
2021,4,1,5,야,목,경북,차대사람,기타,단일로,화물차,보행자,128.8154152,35.87456605,1.0,8,3,0,1
2021,4,1,10,주,목,전북,차대사람,안전운전 의무 불이행,단일로,승용차,보행자,127.2834233,35.61496695,1.0,1,1,0,0
2021,4,1,13,주,목,제주,차대차,기타,단일로,승용차,건설기계,126.2834475,33.30426079,1.0,0,0,0,0
2021,4,1,15,주,목,경남,차량단독,안전운전 의무 불이행,단일로,이륜차,없음,127.7019958,35.64788801,1.0,3,1,0,0
2021,4,1,18,야,목,부산,차대차,안전운전 의무 불이행,교차로,화물차,이륜차,128.9308037,35.20620474,1.0,0,0,0,1
2021,4,1,19,야,목,전남,차대차,신호위반,단일로,승용차,승용차,127.1990394,34.57934711,1.7,1,0,0,0
2021,4,1,19,야,목,경남,차대사람,안전운전 의무 불이행,교차로,승용차,보행자,128.7065354,35.37455358,1.0,2,1,0,0
2021,4,1,21,야,목,충북,차대차,안전운전 의무 불이행,단일로,승용차,승용차,127.5008648,36.94406203,1.0,0,0,0,1
2021,4,2,1,야,금,경기,차량단독,안전운전 의무 불이행,단일로,승용차,없음,126.6307696,37.62581552,1.0,0,0,1,0
2021,4,2,5,야,금,강원,차량단독,기타,단일로,화물차,없음,128.086751,37.22763166,1.7,0,1,0,0
2021,4,2,9,주,금,전북,차량단독,안전운전 의무 불이행,단일로,이륜차,없음,126.9111507,35.51793565,1.0,0,0,0,0
2021,4,2,10,주,금,경남,차량단독,안전운전 의무 불이행,단일로,사륜오토바이(ATV),없음,127.763127,35.45205588,1.0,0,0,0,0
2021,4,2,13,주,금,충북,차대사람,안전운전 의무 불이행,단일로,승용차,보행자,127.4344533,36.63295395,1.0,4,3,0,1
2021,4,2,13,주,금,광주,차대사람,안전운전 의무 불이행,교차로,특수차,보행자,126.8772983,35.09815965,1.0,0,0,0,1
2021,4,2,15,주,금,충북,차대차,신호위반,교차로,화물차,자전거,127.4812962,36.59397155,1.0,0,0,0,0
2021,4,2,16,주,금,경기,차대사람,안전운전 의무 불이행,교차로,승용차,보행자,126.780102,37.72129771,1.0,1,0,0,0
2021,4,2,21,야,금,전남,차대차,신호위반,교차로,이륜차,이륜차,126.4203177,34.81590368,2.0,10,2,0,4
2021,4,2,21,야,금,전남,차대사람,안전운전 의무 불이행,단일로,승용차,보행자,127.6350477,34.79492771,1.0,2,1,0,0
2021,4,3,8,주,토,대전,차대차,안전운전 의무 불이행,단일로,원동기장치자전거,승용차,127.4016803,36.34113629,1.0,2,0,0,3
2021,4,3,10,주,토,경기,차량단독,안전운전 의무 불이행,기타,이륜차,없음,127.6927357,37.17716929,1.0,0,0,0,0
2021,4,3,11,주,토,경남,차대차,기타,단일로,화물차,승용차,127.8662785,35.26861884,3.0999999999999996,0,0,0,0
2021,4,3,16,주,토,전남,차량단독,안전운전 의무 불이행,단일로,승용차,없음,127.6262802,34.80894165,1.3,0,0,0,1
2021,4,3,16,주,토,경북,차량단독,안전운전 의무 불이행,교차로,승용차,없음,128.0328374,35.99765867,1.0,0,0,0,1
2021,4,4,1,야,일,울산,차대사람,안전운전 의무 불이행,교차로,승용차,보행자,129.3154751,35.53432423,1.0,7,2,0,4
2021,4,4,4,야,일,경기,차량단독,안전운전 의무 불이행,단일로,원동기장치자전거,없음,127.1521288,37.45707564,1.0,1,1,0,1
2021,4,4,4,야,일,경남,차량단독,안전운전 의무 불이행,단일로,승용차,없음,129.0873518,35.30507443,1.0,0,0,0,0
2021,4,4,11,주,일,전남,차대차,안전운전 의무 불이행,교차로,승용차,승용차,127.6135556,34.83419473,2.6999999999999997,0,0,0,0
2021,4,4,12,주,일,경남,차량단독,안전운전 의무 불이행,단일로,화물차,없음,128.6964321,35.28587062,1.0,1,0,0,0
2021,4,4,15,주,일,경북,차대차,안전운전 의무 불이행,단일로,이륜차,승용차,128.818111,35.92693366,1.3,0,0,0,0
2021,4,4,15,주,일,대전,차량단독,안전운전 의무 불이행,기타,화물차,없음,127.3139791,36.31831306,1.3,2,0,0,0
2021,4,5,8,주,월,경기,차대차,신호위반,교차로,이륜차,승용차,126.7015502,37.31969523,1.3,0,0,0,0
2021,4,5,11,주,월,서울,차대차,안전운전 의무 불이행,교차로,승용차,자전거,126.8845796,37.48804649,1.0,4,1,0,6
2021,4,5,11,주,월,경기,차대차,안전거리 미확보,기타,승용차,화물차,126.7612506,37.333856,3.1,5,1,1,1
2021,4,5,12,주,월,경북,차대차,중앙선 침범,단일로,화물차,승용차,128.6719462,36.20643518,2.4,0,0,0,0
2021,4,5,12,주,월,경남,차대사람,신호위반,교차로,화물차,보행자,128.80452,35.20872779,1.0,7,2,0,0
2021,4,5,14,주,월,인천,차대사람,안전운전 의무 불이행,단일로,화물차,보행자,126.7211461,37.52994999,1.7,20,1,0,1
2021,4,5,16,주,월,경기,차량단독,안전운전 의무 불이행,기타,화물차,없음,127.2320559,37.42909796,1.0,2,0,0,0
2021,4,5,20,야,월,경북,차대사람,안전운전 의무 불이행,단일로,승용차,보행자,128.1881082,36.10207232,1.0,0,0,0,1
2021,4,5,22,야,월,울산,차대차,기타,단일로,승용차,승용차,129.2706024,35.54959623,1.0,3,1,0,0
2021,4,6,5,야,화,경북,차대사람,안전운전 의무 불이행,교차로,화물차,보행자,129.2052978,35.79058417,1.0,0,0,0,1
2021,4,6,5,야,화,제주,차대차,안전운전 의무 불이행,단일로,승용차,화물차,126.3190484,33.41865697,1.0,0,0,0,0
2021,4,6,6,주,화,전남,차대차,중앙선 침범,단일로,승용차,승용차,127.1459798,35.28143959,2.7,0,1,1,1
2021,4,6,12,주,화,제주,차량단독,안전운전 의무 불이행,단일로,화물차,없음,126.5544791,33.27320718,1.0,0,0,0,0
2021,4,6,13,주,화,서울,차대사람,안전운전 의무 불이행,단일로,승용차,보행자,127.0308306,37.51633544,1.0,14,1,0,1
2021,4,6,17,주,화,전북,차대차,신호위반,교차로,승합차,이륜차,127.3725271,35.44844321,1.0,0,0,0,0
2021,4,6,18,야,화,제주,차대차,안전운전 의무 불이행,교차로,화물차,화물차,126.5511663,33.45632448,28.299999999999997,2,0,1,0
2021,4,6,21,야,화,경기,차대차,안전운전 의무 불이행,단일로,특수차,승용차,126.7566795,37.24434753,1.7,0,0,0,1
2021,4,7,0,야,수,경기,차대차,안전운전 의무 불이행,단일로,승용차,건설기계,127.0067154,37.28329983,1.7,3,1,0,2
2021,4,7,3,야,수,경기,차대사람,안전운전 의무 불이행,단일로,화물차,보행자,127.3235398,37.01818294,1.0,1,0,0,0
2021,4,7,7,주,수,경북,차량단독,안전운전 의무 불이행,단일로,화물차,없음,128.9748464,37.00178523,1.0,0,0,1,0
2021,4,7,7,주,수,광주,차대차,안전운전 의무 불이행,단일로,화물차,자전거,126.9352393,35.16177047,1.0,3,4,0,1
2021,4,7,8,주,수,전남,차량단독,안전운전 의무 불이행,단일로,승용차,없음,126.9346453,34.86728174,1.0,0,0,0,0
2021,4,7,11,주,수,경기,차대사람,교차로 통행방법 위반,교차로,승용차,보행자,126.8131775,37.33501614,1.0,12,2,0,3
2021,4,7,11,주,수,충남,차대차,기타,교차로,이륜차,화물차,127.0391671,36.19390432,1.7,0,0,0,0
2021,4,7,12,주,수,충북,차량단독,안전운전 의무 불이행,교차로,사륜오토바이(ATV),없음,127.3428147,36.72469415,1.0,0,0,0,0
2021,4,7,12,주,수,충남,차량단독,안전운전 의무 불이행,단일로,이륜차,없음,126.2837438,36.77858243,1.0,0,0,0,1
2021,4,8,3,야,목,경기,차대차,안전운전 의무 불이행,단일로,화물차,특수차,127.1189481,37.76251115,1.3,0,0,0,0
2021,4,8,4,야,목,전북,차량단독,안전운전 의무 불이행,단일로,사륜오토바이(ATV),없음,127.2147555,35.34043881,1.0,0,1,0,0
2021,4,8,10,주,목,전남,차대차,중앙선 침범,단일로,화물차,승합차,127.1824207,34.86843379,1.9,0,0,0,0
2021,4,8,12,주,목,서울,차대차,기타,교차로,화물차,이륜차,126.9509871,37.54399628,1.0,24,6,0,5
2021,4,8,13,주,목,충남,차대차,교차로 통행방법 위반,교차로,이륜차,승용차,126.7229968,36.00126623,1.3,2,0,0,2
2021,4,8,14,주,목,충남,차량단독,안전운전 의무 불이행,단일로,자전거,없음,126.8263076,36.74304816,1.0,1,0,0,0
2021,4,8,16,주,목,경북,차대차,안전운전 의무 불이행,단일로,승용차,건설기계,129.2014789,35.86776108,1.3,2,1,1,0
2021,4,8,20,야,목,충남,차대차,안전운전 의무 불이행,단일로,승용차,사륜오토바이(ATV),126.7741668,36.48527872,1.7,0,0,0,0
2021,4,8,22,야,목,전북,차량단독,안전운전 의무 불이행,기타,이륜차,없음,127.0939452,35.81093724,1.0,2,1,0,0
2021,4,9,6,주,금,충북,차대사람,안전운전 의무 불이행,단일로,화물차,보행자,127.4213553,36.86332311,1.0,0,0,1,0
2021,4,9,7,주,금,충남,차대차,안전거리 미확보,단일로,화물차,화물차,126.4408505,36.88354165,1.0,0,0,0,0
2021,4,9,15,주,금,충남,차대차,안전운전 의무 불이행,교차로,이륜차,승용차,126.3557658,36.62365504,1.0,0,0,0,1
2021,4,9,20,야,금,경기,차대사람,안전운전 의무 불이행,교차로,승용차,보행자,127.5430154,37.20582093,1.0,6,1,0,3
2021,4,9,22,야,금,인천,차량단독,기타,교차로,승용차,없음,126.717456,37.39872508,1.7,6,1,1,0
2021,4,10,1,야,토,서울,차량단독,안전운전 의무 불이행,단일로,원동기장치자전거,없음,126.9529127,37.59646351,1.0,16,2,0,0
2021,4,10,4,야,토,경기,차대차,중앙선 침범,단일로,이륜차,이륜차,127.0681898,37.28894389,1.7,2,2,1,0
2021,4,10,11,주,토,강원,차량단독,안전운전 의무 불이행,단일로,승용차,없음,129.0048718,37.11890799,1.0,0,0,0,0
2021,4,10,12,주,토,경남,차대사람,안전운전 의무 불이행,단일로,승용차,보행자,128.2684114,35.55933845,1.0,4,3,0,0
2021,4,10,13,주,토,전북,차대차,안전운전 의무 불이행,단일로,이륜차,승용차,126.7396204,35.74243832,1.0,0,0,0,0
2021,4,10,13,주,토,경북,차량단독,안전운전 의무 불이행,단일로,원동기장치자전거,없음,128.3608166,35.7473497,1.0,2,2,0,1
2021,4,10,19,야,토,서울,차대사람,안전운전 의무 불이행,교차로,승용차,보행자,127.0880096,37.58833244,1.0,9,2,5,0
2021,4,10,21,야,토,인천,차대사람,기타,단일로,승용차,보행자,126.6488554,37.51539924,1.0,0,0,0,2
2021,4,10,22,야,토,경기,차대사람,기타,단일로,승용차,보행자,127.1040978,37.37101453,1.0,9,2,1,3
2021,4,10,23,야,토,대구,차대사람,안전운전 의무 불이행,교차로,승용차,보행자,128.4654016,35.85742357,1.0,4,4,1,0
2021,4,11,9,주,일,서울,차대사람,안전운전 의무 불이행,단일로,승용차,보행자,126.9179418,37.48454705,1.0,37,2,0,7
2021,4,11,14,주,일,강원,차대차,기타,기타,이륜차,승용차,128.5440703,37.64468723,1.9,0,0,2,0
2021,4,11,15,주,일,강원,차대차,중앙선 침범,단일로,화물차,승용차,127.7600754,37.82532868,3.3,1,0,1,0
2021,4,11,16,주,일,강원,차량단독,안전운전 의무 불이행,단일로,자전거,없음,127.971956,37.37948697,1.0,0,1,0,1
2021,4,11,20,야,일,경기,차대사람,신호위반,교차로,승용차,보행자,126.8099593,37.3684293,1.0,3,1,0,2
2021,4,12,5,야,월,전북,차대차,기타,교차로,기타,화물차,127.1121493,35.86983924,1.0,2,0,1,1
2021,4,12,6,주,월,충북,차대차,기타,단일로,승용차,개인형이동수단(PM),127.8145461,37.00031024,1.0,0,0,1,0
2021,4,12,6,주,월,전북,차량단독,안전운전 의무 불이행,단일로,화물차,없음,127.5500259,35.67759391,1.0,0,0,0,1
2021,4,12,8,주,월,경기,차대사람,안전운전 의무 불이행,단일로,승합차,보행자,127.2943397,37.01189797,1.0,0,0,0,0
2021,4,12,9,주,월,충남,차대사람,안전운전 의무 불이행,기타,화물차,보행자,126.813526,36.38447047,1.0,0,0,0,0
2021,4,12,15,주,월,경기,차대차,신호위반,교차로,승용차,이륜차,126.9334758,37.39855131,1.3,3,0,0,3
2021,4,12,16,주,월,전북,차대사람,보행자 보호의무 위반,교차로,화물차,보행자,126.7100024,35.98331857,1.0,4,2,0,3
2021,4,12,19,야,월,전남,차량단독,안전운전 의무 불이행,단일로,이륜차,없음,126.6522502,34.88674128,1.0,0,0,0,0
2021,4,13,0,야,화,경기,차대사람,안전운전 의무 불이행,기타,승용차,보행자,126.8092081,37.32962985,1.0,13,1,0,3
2021,4,13,0,야,화,경남,차대차,안전운전 의무 불이행,기타,화물차,화물차,127.7232298,35.62898808,3.0,5,0,0,0
2021,4,13,9,주,화,대구,차대차,기타,단일로,승용차,승용차,128.6108513,35.85447181,2.3,6,3,1,1
2021,4,13,10,주,화,경북,차대차,안전운전 의무 불이행,단일로,특수차,농기계,128.5359586,36.0974871,1.0,0,0,0,0
2021,4,13,15,주,화,경북,차대차,신호위반,교차로,승용차,이륜차,129.0280948,36.43389153,1.0,2,0,0,0
2021,4,13,16,주,화,전북,차량단독,안전운전 의무 불이행,단일로,화물차,없음,127.2904201,35.8485419,1.7,0,0,1,1
2021,4,13,19,야,화,경북,차대사람,안전운전 의무 불이행,교차로,승용차,보행자,128.3520243,36.06781471,1.0,5,3,0,0
2021,4,13,22,야,화,전남,차대사람,안전운전 의무 불이행,단일로,승용차,보행자,126.7559642,35.03527593,1.0,4,2,0,1
2021,4,14,1,야,수,제주,차대사람,기타,단일로,승용차,보행자,126.6878363,33.52112118,1.0,0,0,0,1
2021,4,14,8,주,수,충남,차대차,안전운전 의무 불이행,교차로,승용차,특수차,126.6070069,36.47100105,1.0,1,0,0,0
2021,4,14,8,주,수,경북,차대사람,안전운전 의무 불이행,교차로,승합차,보행자,128.3393041,36.11013311,1.0,6,2,0,1
2021,4,14,11,주,수,충북,차대차,교차로 통행방법 위반,교차로,자전거,화물차,127.4888138,36.63852469,1.0,2,2,0,1
2021,4,14,13,주,수,경기,차량단독,안전운전 의무 불이행,단일로,승용차,없음,127.0400685,37.88471771,1.0,2,0,0,0
2021,4,14,16,주,수,경기,차대사람,안전운전 의무 불이행,단일로,승용차,보행자,126.8510827,37.15635831,1.0,0,0,0,0
2021,4,14,22,야,수,경기,차대사람,안전운전 의무 불이행,단일로,승합차,보행자,127.1525321,37.57748947,1.0,1,0,2,2
2021,4,15,0,야,목,충남,차량단독,안전운전 의무 불이행,교차로,승용차,없음,127.1495893,36.17456136,5.0,0,0,0,0
2021,4,15,10,주,목,대구,차량단독,안전운전 의무 불이행,단일로,승용차,없음,128.6281612,35.82245828,1.0,4,3,0,2
2021,4,15,15,주,목,경기,차량단독,안전운전 의무 불이행,단일로,승용차,없음,127.7634519,37.56935133,1.7,0,0,0,0
2021,4,15,20,야,목,충남,차대차,기타,교차로,승용차,화물차,126.8485336,36.72680128,1.3,3,0,0,2
2021,4,15,20,야,목,경기,차대차,안전운전 의무 불이행,교차로,승용차,이륜차,127.1797631,37.71616563,1.0,7,3,0,1
2021,4,16,11,주,금,서울,차대사람,신호위반,교차로,화물차,보행자,126.8534978,37.56541622,1.0,3,1,0,2
2021,4,16,16,주,금,강원,차량단독,안전운전 의무 불이행,교차로,화물차,없음,127.8426855,37.6656639,1.3,0,0,1,1
2021,4,16,19,야,금,경북,차대사람,안전운전 의무 불이행,단일로,화물차,보행자,128.6933571,36.60948919,1.0,0,0,0,0
2021,4,16,20,야,금,경기,차량단독,안전운전 의무 불이행,교차로,승용차,없음,126.8556467,37.05106229,1.0,0,0,0,2
2021,4,16,20,야,금,충북,차대차,중앙선 침범,단일로,화물차,승합차,128.1970368,37.14751273,2.2,3,2,0,1
2021,4,17,1,야,토,강원,차량단독,중앙선 침범,단일로,승용차,없음,128.9781846,37.71784211,1.0,1,0,1,0
2021,4,17,5,야,토,인천,차대차,기타,교차로,이륜차,승용차,126.6667762,37.51363421,1.7,6,2,0,2
2021,4,17,9,주,토,경남,차량단독,안전운전 의무 불이행,단일로,원동기장치자전거,없음,127.7752269,34.96379822,1.0,0,0,0,0
2021,4,17,9,주,토,인천,차량단독,안전운전 의무 불이행,단일로,이륜차,없음,126.7398664,37.57668917,1.0,4,0,0,1
2021,4,17,16,주,토,경남,차량단독,안전운전 의무 불이행,교차로,승용차,없음,129.0038071,35.31748444,2.0,15,1,0,0
2021,4,17,17,주,토,충북,차량단독,기타,단일로,승용차,없음,127.8924576,37.07953935,1.0,0,0,0,1
2021,4,17,17,주,토,경기,차대사람,신호위반,단일로,건설기계,보행자,127.3214173,37.65146985,1.0,1,0,0,1
2021,4,17,21,야,토,경기,차대사람,안전운전 의무 불이행,단일로,승용차,보행자,126.7797934,37.34962716,1.0,3,2,0,1
2021,4,18,5,야,일,부산,차대사람,안전운전 의무 불이행,기타,승합차,보행자,128.986655,35.16017695,1.0,8,2,0,1
2021,4,18,10,주,일,충남,차대차,안전운전 의무 불이행,단일로,이륜차,이륜차,126.7074885,36.06635675,1.7,0,0,0,0
2021,4,18,19,야,일,충남,차대차,신호위반,교차로,승용차,이륜차,127.1381357,36.83370724,1.0,22,3,0,4
2021,4,18,20,야,일,전남,차대차,안전운전 의무 불이행,단일로,화물차,원동기장치자전거,126.4044417,34.57404375,2.0,0,0,0,2
2021,4,19,13,주,월,충북,차량단독,중앙선 침범,단일로,승용차,없음,127.4384157,36.74186511,1.0,0,0,0,0
2021,4,19,20,야,월,전북,차대사람,안전운전 의무 불이행,단일로,승용차,보행자,127.6151452,35.5145301,1.0,0,0,0,0
2021,4,20,1,야,화,전남,차량단독,안전운전 의무 불이행,단일로,승용차,없음,126.7262783,34.5482375,1.0,2,2,0,0
2021,4,20,4,야,화,인천,차량단독,안전운전 의무 불이행,교차로,승용차,없음,126.7104733,37.38316174,1.0,0,0,1,2
2021,4,20,8,주,화,경기,차대차,기타,단일로,이륜차,자전거,127.160481,37.01293367,1.3,0,0,0,0
2021,4,20,8,주,화,전북,차대사람,안전운전 의무 불이행,교차로,화물차,보행자,126.7439785,35.71895991,1.0,0,1,0,0
2021,4,20,9,주,화,경북,차량단독,안전운전 의무 불이행,단일로,화물차,없음,128.672866,35.60625598,1.0,0,0,0,0
2021,4,20,14,주,화,전남,차량단독,안전운전 의무 불이행,교차로,승용차,없음,126.8034964,35.04064016,1.0,0,0,0,3
2021,4,20,21,야,화,강원,차대차,안전운전 의무 불이행,기타,승용차,건설기계,128.8229106,37.87720035,1.0,0,0,0,2
2021,4,21,1,야,수,전북,차대사람,기타,교차로,이륜차,보행자,126.9713357,35.95021763,1.7,8,2,0,1
2021,4,21,9,주,수,경북,차대차,안전운전 의무 불이행,교차로,승합차,자전거,128.1829608,36.5649987,1.0,0,0,0,0
2021,4,21,9,주,수,경북,차대차,보행자 보호의무 위반,교차로,이륜차,자전거,128.7392571,35.82379829,1.7,6,0,0,4
2021,4,21,11,주,수,충북,차대차,안전운전 의무 불이행,단일로,화물차,승용차,127.8914882,36.89565531,2.6999999999999997,0,0,1,1
2021,4,21,11,주,수,충남,차대차,안전운전 의무 불이행,단일로,승용차,승합차,126.6156604,36.84926548,1.6,0,0,0,0
2021,4,21,14,주,수,경남,차량단독,안전운전 의무 불이행,단일로,자전거,없음,128.3682642,35.45752436,1.0,0,0,0,0
2021,4,21,16,주,수,충남,차대사람,안전운전 의무 불이행,단일로,승용차,보행자,127.1430493,36.83891182,1.0,11,4,0,1
2021,4,21,19,야,수,경기,차대사람,기타,단일로,승용차,보행자,127.1201553,37.43645301,1.0,4,1,2,2
2021,4,21,21,야,수,경기,차대사람,안전운전 의무 불이행,단일로,승용차,보행자,126.8332913,37.62296053,1.0,22,4,0,3
2021,4,22,0,야,목,경기,차대차,교차로 통행방법 위반,교차로,특수차,승용차,127.2048768,37.18552193,1.7,1,0,0,0
2021,4,22,10,주,목,충북,차대사람,안전운전 의무 불이행,단일로,승합차,보행자,127.4906551,36.6750985,1.0,2,2,0,2
2021,4,22,12,주,목,경기,차대차,안전운전 의무 불이행,교차로,승용차,자전거,126.7551275,37.67482388,1.0,14,2,0,2
2021,4,22,14,주,목,충북,차대차,기타,교차로,화물차,승용차,127.4109069,36.68244876,1.0,0,0,0,2
2021,4,22,14,주,목,경남,차대차,안전운전 의무 불이행,교차로,특수차,이륜차,128.2822416,35.31722835,1.0,1,0,0,0
2021,4,22,20,야,목,경기,차대차,안전거리 미확보,단일로,승용차,자전거,127.2100187,37.00421292,1.0,0,0,0,0
2021,4,22,22,야,목,경기,차대사람,안전운전 의무 불이행,단일로,화물차,보행자,127.2521587,37.06562402,1.0,0,0,0,1
2021,4,23,17,주,금,충남,차대차,안전운전 의무 불이행,단일로,이륜차,화물차,126.1489641,36.755413,2.4,0,0,0,0
2021,4,23,23,야,금,전북,차량단독,기타,단일로,승용차,없음,127.1739155,35.85304635,1.0,0,0,0,1
2021,4,24,10,주,토,경남,차대차,안전운전 의무 불이행,기타,승용차,이륜차,129.0072058,35.30916549,1.0,7,0,0,0
2021,4,24,12,주,토,서울,차대사람,안전운전 의무 불이행,단일로,건설기계,보행자,127.081037,37.60163881,1.0,9,6,3,1
2021,4,24,14,주,토,대구,차대차,안전운전 의무 불이행,단일로,승용차,자전거,128.6977378,35.87341709,1.0,3,1,0,1
2021,4,24,15,주,토,충북,차대차,중앙선 침범,단일로,이륜차,승용차,128.0617345,36.91290036,1.6,0,0,0,0
2021,4,24,20,야,토,경기,차대사람,안전운전 의무 불이행,단일로,승용차,보행자,126.7952075,37.12293066,1.0,0,0,0,0
2021,4,25,4,야,일,서울,차대사람,기타,단일로,승용차,보행자,126.9269365,37.48392312,1.6,29,1,0,3
2021,4,25,14,주,일,충북,차대사람,안전운전 의무 불이행,기타,승용차,보행자,128.2453273,37.18590684,1.7,0,0,0,0
2021,4,25,17,주,일,경북,차대차,안전운전 의무 불이행,교차로,자전거,이륜차,128.0185157,36.41617676,1.3,2,1,0,0
2021,4,26,6,주,월,대구,차대차,안전운전 의무 불이행,교차로,승용차,자전거,128.717884,35.86600211,1.0,1,1,0,1
2021,4,26,7,주,월,서울,차대사람,안전운전 의무 불이행,단일로,화물차,보행자,127.0854479,37.62337676,1.0,6,3,0,0
2021,4,26,9,주,월,서울,차대사람,보행자 보호의무 위반,교차로,화물차,보행자,126.8203847,37.57334681,1.0,4,3,0,2
2021,4,26,14,주,월,충남,차량단독,안전운전 의무 불이행,단일로,화물차,없음,127.1584165,36.56770961,1.0,0,0,0,0
2021,4,26,16,주,월,전남,차량단독,안전운전 의무 불이행,단일로,화물차,없음,127.2627673,35.02238343,1.0,0,0,0,0
2021,4,26,17,주,월,전북,차대차,안전운전 의무 불이행,교차로,승용차,이륜차,126.9020777,35.68533066,1.0,0,0,0,1
2021,4,26,18,야,월,충남,차대차,중앙선 침범,단일로,승용차,자전거,126.4974706,36.73331329,1.0,2,0,0,1
2021,4,26,19,야,월,부산,차대사람,안전운전 의무 불이행,단일로,이륜차,보행자,129.1208193,35.16091732,1.0,2,2,0,0
2021,4,26,21,야,월,경북,차량단독,안전운전 의무 불이행,단일로,이륜차,없음,128.8091202,35.82451808,1.0,2,0,0,0
2021,4,26,22,야,월,서울,차량단독,안전운전 의무 불이행,단일로,원동기장치자전거,없음,126.9279652,37.60430406,1.0,6,1,0,2
2021,4,26,22,야,월,경기,차대사람,기타,단일로,승용차,보행자,126.917284,37.32282017,1.0,3,0,1,1
2021,4,27,8,주,화,인천,차대사람,보행자 보호의무 위반,교차로,승합차,보행자,126.627203,37.47021926,1.0,5,6,0,1
2021,4,27,11,주,화,충남,차량단독,안전운전 의무 불이행,단일로,승용차,없음,127.0059128,36.71435203,1.0,1,0,0,0
2021,4,27,17,주,화,충북,차량단독,안전운전 의무 불이행,단일로,이륜차,없음,127.6461456,37.11415455,1.7,4,1,0,2
2021,4,27,19,야,화,충북,차대차,신호위반,교차로,승용차,원동기장치자전거,128.196554,37.14765979,1.7,2,2,0,1
2021,4,27,19,야,화,경기,차대사람,안전운전 의무 불이행,교차로,화물차,보행자,126.8009303,37.70848917,1.0,4,0,0,0
2021,4,27,20,야,화,충남,차대사람,기타,단일로,승용차,보행자,127.1529129,36.82407138,1.0,5,1,0,0
2021,4,27,20,야,화,경기,차대차,안전거리 미확보,단일로,승용차,이륜차,127.0456824,37.74630712,1.0,17,2,1,2
2021,4,27,21,야,화,경기,차대사람,안전운전 의무 불이행,단일로,화물차,보행자,127.0248727,37.22714955,1.0,1,0,1,0
2021,4,27,21,야,화,전남,차대사람,안전운전 의무 불이행,단일로,승용차,보행자,127.5758553,34.97886062,1.0,5,3,0,0
2021,4,27,21,야,화,경남,차대차,중앙선 침범,기타,화물차,승용차,128.5091784,35.41535911,1.7,0,0,0,1
2021,4,27,23,야,화,충북,차대사람,기타,단일로,승용차,보행자,127.4841314,36.67009453,1.0,4,2,0,3
2021,4,28,3,야,수,서울,차대사람,기타,교차로,승용차,보행자,127.1367099,37.52869662,1.0,9,2,0,1
2021,4,28,7,주,수,전남,차대사람,중앙선 침범,교차로,화물차,보행자,127.0779892,34.75443988,1.0,0,0,0,0
2021,4,28,20,야,수,전북,차대사람,안전운전 의무 불이행,교차로,승용차,보행자,126.7199502,35.52832859,1.0,2,0,0,1
2021,4,28,21,야,수,강원,차량단독,안전운전 의무 불이행,교차로,화물차,없음,128.178564,37.56956092,1.0,0,0,0,0