발생년,발생월,발생일,발생시,주야,요일,발생지시도,사고유형_대분류,가해자법규위반,도로형태_대분류,가해자_당사자종별,피해자_당사자종별,경도,위도,사상자수,반경500m카메라수,반경500m학교수,반경500m전광판수,반경500m사고건수
2021,4,28,21,야,수,전북,차대차,신호위반,교차로,이륜차,승용차,127.1418774,35.83009745,1.9,11,2,0,7
2021,4,29,17,주,목,경북,차대차,안전운전 의무 불이행,단일로,화물차,자전거,128.0995669,36.13147921,1.0,3,0,1,2
2021,4,29,17,주,목,경남,차대사람,신호위반,단일로,승용차,보행자,128.7269245,34.8697548,1.0,3,3,0,1
2021,4,30,8,주,금,부산,차대차,안전운전 의무 불이행,단일로,화물차,화물차,129.024828,35.09539914,1.0,7,0,0,4
2021,4,30,9,주,금,경기,차량단독,안전운전 의무 불이행,교차로,이륜차,없음,127.0649998,37.06054215,1.0,11,4,0,1
2021,4,30,10,주,금,경북,차대차,중앙선 침범,단일로,승용차,화물차,128.7713352,35.57928258,1.0,0,0,0,0
2021,4,30,14,주,금,경남,차량단독,안전운전 의무 불이행,단일로,특수차,없음,127.7053675,35.11446328,1.0,0,0,0,0
2021,4,30,15,주,금,서울,차대차,기타,교차로,자전거,승용차,127.0205743,37.60886278,1.0,10,3,0,2
2021,4,30,16,주,금,대전,차량단독,기타,단일로,승용차,화물차,127.3980047,36.29699352,1.7,0,0,0,0
2021,4,30,22,야,금,경기,차량단독,기타,단일로,이륜차,없음,126.9139723,37.43519597,2.0,4,0,0,0
2021,5,1,3,야,토,경남,차대차,기타,교차로,승용차,승용차,128.0592967,35.04189487,3.0999999999999996,0,0,0,0
2021,5,1,4,야,토,부산,차대차,안전운전 의무 불이행,단일로,화물차,승용차,129.1532089,35.28289669,1.3,0,0,3,0
2021,5,1,4,야,토,인천,차대차,안전운전 의무 불이행,단일로,화물차,승용차,126.7573794,37.43228781,1.0,1,0,1,0
2021,5,1,6,주,토,서울,차대차,안전운전 의무 불이행,교차로,이륜차,화물차,126.8367213,37.53144976,1.0,3,1,0,4
2021,5,1,8,주,토,강원,차대사람,기타,교차로,승용차,보행자,127.7395155,37.86263253,2.2,4,1,0,3
2021,5,1,14,주,토,경북,차량단독,안전운전 의무 불이행,교차로,화물차,없음,129.5091338,35.81159912,1.3,0,2,0,0
2021,5,1,16,주,토,부산,차량단독,안전운전 의무 불이행,단일로,이륜차,없음,129.2243284,35.20520699,1.0,0,0,0,0
2021,5,1,19,야,토,경기,차량단독,기타,단일로,이륜차,없음,127.2431467,37.4150521,1.0,3,1,2,0
2021,5,1,23,야,토,경기,차대차,안전운전 의무 불이행,단일로,승용차,기타,126.8153613,37.42266882,1.0,0,0,0,2
2021,5,2,10,주,일,강원,차대차,중앙선 침범,단일로,이륜차,이륜차,127.8203197,37.88003393,1.7,0,0,1,0
2021,5,2,11,주,일,충북,차량단독,안전운전 의무 불이행,단일로,농기계,없음,127.679335,36.58900604,1.0,0,0,0,0
2021,5,2,12,주,일,경북,차대사람,중앙선 침범,단일로,승용차,보행자,128.5060997,35.93166722,2.3,0,0,0,0
2021,5,2,13,주,일,충남,차량단독,안전운전 의무 불이행,기타,승용차,없음,126.7539639,36.06596984,1.0,0,0,0,0
2021,5,2,13,주,일,경북,차대차,신호위반,교차로,이륜차,이륜차,129.365022,36.04295487,1.3,5,1,0,0
2021,5,2,14,주,일,경기,차대차,기타,교차로,이륜차,승용차,127.2392214,37.55286247,1.6,1,0,0,0
2021,5,2,15,주,일,강원,차량단독,안전운전 의무 불이행,단일로,화물차,없음,128.3193817,37.77333855,1.0,0,0,0,0
2021,5,2,16,주,일,경기,차대사람,기타,불명,승합차,보행자,126.7704696,37.60069552,1.0,0,0,0,2
2021,5,2,22,야,일,경북,차대사람,안전운전 의무 불이행,단일로,승용차,보행자,129.3951117,35.99287043,1.0,2,0,0,0
2021,5,3,7,주,월,경기,차대차,안전운전 의무 불이행,단일로,승용차,화물차,127.4406015,37.0584042,1.7,1,0,1,0
2021,5,3,8,주,월,경남,차대차,안전운전 의무 불이행,기타,화물차,화물차,127.8788629,35.84915525,1.3,0,0,0,0
2021,5,3,10,주,월,전북,차량단독,안전운전 의무 불이행,기타,농기계,없음,126.9679443,36.00186352,1.0,0,0,0,0
2021,5,3,11,주,월,경남,차대차,기타,교차로,화물차,이륜차,127.938447,35.67259536,1.0,0,0,0,0
2021,5,3,12,주,월,경기,차대차,안전운전 의무 불이행,단일로,화물차,농기계,127.4051239,37.13281204,1.3,0,0,0,0
2021,5,3,13,주,월,경남,차대차,안전운전 의무 불이행,단일로,화물차,농기계,128.1875628,35.34534991,1.0,0,0,0,0
2021,5,3,23,야,월,경기,차대차,안전운전 의무 불이행,단일로,이륜차,건설기계,127.0990496,37.29239662,1.0,1,0,0,1
2021,5,4,0,야,화,경기,차대사람,기타,단일로,승용차,보행자,127.0354717,37.27077414,1.0,4,2,2,1
2021,5,4,3,야,화,경기,차대차,안전운전 의무 불이행,단일로,이륜차,승합차,127.1148601,36.98730175,1.0,8,0,0,1
2021,5,4,12,주,화,전북,차대차,안전운전 의무 불이행,단일로,승용차,승용차,126.7165605,35.95962678,2.0,6,1,1,2
2021,5,4,12,주,화,대구,차대사람,안전운전 의무 불이행,단일로,승용차,보행자,128.6256967,35.87053467,1.0,3,1,0,3
2021,5,4,13,주,화,대구,차대차,신호위반,교차로,자전거,승용차,128.5876278,35.86659395,1.0,16,2,1,1
2021,5,4,15,주,화,경기,차대차,신호위반,교차로,이륜차,화물차,127.548873,37.20193358,1.0,10,1,0,0
2021,5,4,19,야,화,경기,차대사람,안전운전 의무 불이행,단일로,승용차,보행자,127.1091008,37.3296937,1.0,8,4,0,2
2021,5,4,22,야,화,제주,차대사람,안전운전 의무 불이행,단일로,승용차,보행자,126.5296734,33.50110246,1.0,0,1,2,6
2021,5,4,23,야,화,경기,차량단독,안전운전 의무 불이행,단일로,화물차,없음,126.8086649,37.52152638,1.0,4,1,0,1
2021,5,5,1,야,수,서울,차대사람,기타,단일로,승용차,보행자,126.8525143,37.52832591,1.0,1,3,0,5
2021,5,5,8,주,수,서울,차대차,기타,교차로,승용차,원동기장치자전거,126.9111727,37.56583334,1.0,14,3,0,6
2021,5,5,16,주,수,경기,차대사람,안전운전 의무 불이행,기타,건설기계,보행자,126.9559063,37.37614036,1.0,12,3,0,1
2021,5,6,0,야,목,전남,차량단독,안전운전 의무 불이행,교차로,승용차,없음,126.4162697,34.79188202,2.3,1,0,0,0
2021,5,6,1,야,목,충남,차대사람,안전운전 의무 불이행,단일로,승용차,보행자,127.2371936,36.79870834,1.0,0,0,0,0
2021,5,6,3,야,목,경기,차대사람,안전운전 의무 불이행,단일로,화물차,보행자,126.8732494,37.30170111,1.0,8,2,1,1
2021,5,6,6,주,목,경북,차대사람,안전운전 의무 불이행,단일로,화물차,보행자,128.7368672,35.80889315,1.0,0,2,0,2
2021,5,6,7,주,목,경북,차대차,안전운전 의무 불이행,교차로,승용차,이륜차,128.6049233,35.63177327,1.0,0,0,0,1
2021,5,6,7,주,목,인천,차대사람,안전운전 의무 불이행,단일로,승용차,보행자,126.6819021,37.45992967,1.0,15,0,0,3
2021,5,6,23,야,목,충남,차대차,안전운전 의무 불이행,단일로,승합차,승용차,126.5965817,36.9206504,1.0,1,0,0,1
2021,5,7,4,야,금,경남,차대사람,신호위반,교차로,건설기계,보행자,128.6979037,35.15939141,1.0,3,2,0,1
2021,5,7,10,주,금,울산,차대사람,보행자 보호의무 위반,교차로,승용차,보행자,129.3069099,35.54386474,1.0,3,0,0,2
2021,5,7,12,주,금,강원,차대차,기타,교차로,승용차,화물차,127.3071375,38.15549237,1.0,2,0,0,1
2021,5,7,16,주,금,경남,차대사람,안전운전 의무 불이행,교차로,승용차,보행자,128.0898568,35.08653849,1.0,10,1,0,0
2021,5,7,17,주,금,부산,차대차,안전운전 의무 불이행,단일로,화물차,자전거,128.9904211,35.08219355,1.0,9,0,0,1
2021,5,7,17,주,금,경기,차량단독,안전운전 의무 불이행,기타,이륜차,없음,126.7082473,37.31173605,1.0,0,0,0,0
2021,5,7,20,야,금,경기,차대차,안전운전 의무 불이행,교차로,승합차,자전거,126.7612219,37.52539433,1.0,4,0,0,2
2021,5,8,6,주,토,경남,차량단독,안전운전 의무 불이행,단일로,이륜차,없음,128.6191572,35.26162574,1.0,8,4,0,6
2021,5,8,9,주,토,경북,차대차,안전운전 의무 불이행,단일로,화물차,농기계,129.177145,36.13795947,1.0,0,0,0,1
2021,5,8,9,주,토,경남,차대차,안전운전 의무 불이행,교차로,화물차,이륜차,127.9212914,35.68400819,1.0,7,1,0,4
2021,5,8,12,주,토,서울,차대사람,안전운전 의무 불이행,교차로,승합차,보행자,126.8117763,37.55730987,1.0,4,0,0,4
2021,5,8,14,주,토,경북,차대사람,기타,단일로,승용차,보행자,128.6345156,36.82938936,1.0,2,0,0,4
2021,5,8,18,야,토,충남,차량단독,안전운전 의무 불이행,교차로,승용차,없음,127.134468,36.481896,1.0,1,0,0,1
2021,5,8,19,야,토,전북,차대차,기타,단일로,승용차,승용차,127.1206806,35.75422246,3.6999999999999997,2,1,0,1
2021,5,8,20,야,토,경기,차대차,기타,단일로,승용차,승용차,127.3036875,37.22725482,1.3,0,0,1,0
2021,5,9,4,야,일,경기,차량단독,안전운전 의무 불이행,단일로,승용차,없음,126.780708,37.357901,1.0,0,0,2,0
2021,5,9,14,주,일,경기,차량단독,안전운전 의무 불이행,단일로,화물차,없음,127.0813001,37.35388188,1.0,2,0,0,1
2021,5,9,14,주,일,충남,차대사람,보행자 보호의무 위반,교차로,승용차,보행자,126.6318017,36.89083239,1.0,5,1,0,2
2021,5,9,14,주,일,경기,차대차,안전거리 미확보,단일로,승용차,이륜차,127.218455,37.7559949,1.9,0,0,0,0
2021,5,9,15,주,일,서울,차대차,안전운전 의무 불이행,교차로,승용차,이륜차,126.9376391,37.55161024,1.0,7,4,0,1
2021,5,9,15,주,일,경기,차대차,신호위반,불명,이륜차,승용차,127.1097626,37.39373909,1.0,14,0,4,1
2021,5,9,16,주,일,서울,차대사람,신호위반,교차로,승용차,보행자,126.8800987,37.54213114,1.0,2,2,0,0
2021,5,9,17,주,일,강원,차대차,안전운전 의무 불이행,단일로,농기계,이륜차,128.2686749,37.87117354,1.0,0,0,0,0
2021,5,9,17,주,일,경기,차대사람,안전운전 의무 불이행,교차로,승용차,보행자,127.0551333,37.72616254,1.0,11,3,0,0
2021,5,9,19,야,일,경남,차대사람,안전운전 의무 불이행,단일로,승용차,보행자,128.767618,35.51984384,1.7,0,0,0,0
2021,5,10,9,주,월,강원,차대차,신호위반,교차로,원동기장치자전거,승용차,127.7210033,37.92215485,1.0,0,0,0,0
2021,5,10,10,주,월,서울,차대차,기타,교차로,승용차,이륜차,126.8923634,37.57714002,1.0,8,2,0,1
2021,5,10,10,주,월,경기,차대차,안전운전 의무 불이행,단일로,승용차,승용차,127.1092911,37.29075428,2.5,2,1,0,1
2021,5,10,10,주,월,경북,차대차,중앙선 침범,단일로,승용차,자전거,128.5590844,36.84794516,1.0,1,1,0,0
2021,5,10,12,주,월,충북,차대차,안전운전 의무 불이행,기타,승용차,원동기장치자전거,127.4405525,36.86132039,1.0,1,0,0,2
2021,5,10,12,주,월,경북,차량단독,안전운전 의무 불이행,단일로,화물차,없음,129.006425,36.07014767,1.0,0,0,0,0
2021,5,10,13,주,월,서울,차대차,안전운전 의무 불이행,교차로,자전거,화물차,127.0379736,37.65152046,1.0,6,4,0,2
2021,5,10,14,주,월,전북,차량단독,안전운전 의무 불이행,단일로,화물차,없음,126.9091268,35.83725243,1.0,4,0,0,0
2021,5,10,15,주,월,전북,차대차,안전운전 의무 불이행,단일로,화물차,화물차,126.9691609,35.70805871,1.3,0,0,0,0
2021,5,10,15,주,월,경북,차대차,안전운전 의무 불이행,단일로,승용차,화물차,129.2093391,35.92994197,1.0,0,0,0,0
2021,5,10,15,주,월,대구,차대사람,기타,교차로,승용차,보행자,128.5565779,35.86299433,1.0,3,5,0,1
2021,5,10,19,야,월,전남,차대사람,신호위반,교차로,승용차,보행자,127.7087063,34.76107025,1.0,2,1,1,1
2021,5,10,20,야,월,대구,차대차,신호위반,교차로,승용차,이륜차,128.6022546,35.88624087,1.0,5,0,0,2
2021,5,11,6,주,화,충남,차대차,기타,교차로,승용차,화물차,126.8302086,36.70400961,2.6999999999999997,0,0,0,2
2021,5,11,8,주,화,경북,차대차,기타,단일로,승용차,자전거,128.161183,36.4064028,1.0,7,2,0,0
2021,5,11,9,주,화,인천,차대사람,보행자 보호의무 위반,교차로,승용차,보행자,126.6653643,37.59968353,1.7,5,4,0,1
2021,5,11,13,주,화,전남,차대차,신호위반,교차로,화물차,화물차,126.3137911,34.61794948,1.7,0,0,1,1
2021,5,11,14,주,화,전북,차대차,안전운전 의무 불이행,교차로,이륜차,승용차,127.113761,35.82051458,1.0,21,1,0,3
2021,5,11,15,주,화,전남,차량단독,안전운전 의무 불이행,기타,사륜오토바이(ATV),없음,127.4708366,35.25265952,1.0,0,0,0,0
2021,5,11,23,야,화,서울,차대사람,기타,단일로,승용차,보행자,127.0238951,37.6069113,1.0,18,2,0,3
2021,5,11,23,야,화,경기,차대사람,안전운전 의무 불이행,단일로,승용차,보행자,127.5696196,37.30072615,1.0,8,1,0,1
2021,5,11,23,야,화,대전,차대차,신호위반,교차로,승용차,이륜차,127.3794571,36.36471827,1.0,5,2,0,1
2021,5,12,0,야,수,충남,차대차,신호위반,교차로,승합차,승용차,126.593626,36.999556,1.3,0,0,0,0
2021,5,12,3,야,수,경기,차대차,안전운전 의무 불이행,단일로,이륜차,건설기계,126.8492008,37.47067708,1.0,8,4,0,3
2021,5,12,12,주,수,전남,차대차,기타,교차로,승용차,사륜오토바이(ATV),126.4960739,35.14733162,1.0,1,0,0,1
2021,5,12,12,주,수,경남,차대차,중앙선 침범,교차로,이륜차,승용차,128.3344992,34.97545142,1.0,2,0,0,1
2021,5,12,15,주,수,충남,차대사람,안전운전 의무 불이행,교차로,승용차,보행자,126.9271643,36.27002506,1.0,2,1,0,0
2021,5,12,16,주,수,전북,차대사람,안전운전 의무 불이행,교차로,승용차,보행자,127.142062,35.83878324,1.0,9,4,0,1
2021,5,12,16,주,수,전북,차량단독,안전운전 의무 불이행,단일로,농기계,없음,127.4224397,35.79014835,1.0,2,2,0,1
2021,5,12,16,주,수,경기,차대사람,신호위반,교차로,승합차,보행자,127.0483025,37.72420772,1.0,12,0,1,3
2021,5,12,17,주,수,강원,차량단독,안전운전 의무 불이행,기타,농기계,없음,127.7673815,37.24446592,1.0,0,0,0,0
2021,5,13,4,야,목,충북,차대차,안전운전 의무 불이행,단일로,화물차,화물차,127.4926041,36.53981916,3.0,0,0,0,0
2021,5,13,4,야,목,경기,차량단독,안전운전 의무 불이행,단일로,승용차,없음,126.7875895,37.79955881,1.0,3,0,0,1
2021,5,13,6,주,목,서울,차대차,기타,교차로,자전거,자전거,127.0571775,37.57831049,1.0,7,7,0,4
2021,5,13,8,주,목,경북,차대사람,안전운전 의무 불이행,단일로,승용차,보행자,128.2644128,35.72356733,1.0,0,0,0,0
2021,5,13,9,주,목,인천,차대사람,안전운전 의무 불이행,교차로,화물차,보행자,126.722412,37.53991814,1.0,9,2,0,2
2021,5,13,10,주,목,전북,차대차,안전거리 미확보,단일로,이륜차,승용차,126.9723498,35.9584536,1.0,19,2,0,1
2021,5,13,17,주,목,충남,차량단독,안전운전 의무 불이행,단일로,농기계,없음,126.5297897,36.49253867,1.0,0,0,0,0
2021,5,13,17,주,목,경북,차대사람,안전운전 의무 불이행,단일로,승용차,보행자,129.2608111,36.58137112,1.0,0,0,0,0
2021,5,13,19,야,목,충남,차대차,중앙선 침범,단일로,화물차,이륜차,126.6527825,36.51598565,1.0,1,0,0,0
2021,5,13,20,야,목,부산,차대차,안전운전 의무 불이행,단일로,이륜차,화물차,128.9541448,35.0680826,1.3,0,0,0,1
2021,5,13,21,야,목,전남,차대차,신호위반,교차로,이륜차,승합차,126.6896099,34.88790682,1.0,2,0,0,0
2021,5,13,21,야,목,경기,차대차,안전운전 의무 불이행,단일로,화물차,화물차,127.3652224,37.24119545,1.3,2,0,1,1
2021,5,14,8,주,금,부산,차대사람,보행자 보호의무 위반,단일로,이륜차,보행자,128.9788751,35.06386143,1.3,5,0,0,4
2021,5,14,11,주,금,경기,차량단독,안전운전 의무 불이행,단일로,승용차,없음,127.0396297,37.73940655,1.0,28,2,1,3
2021,5,14,15,주,금,충북,차대차,기타,단일로,화물차,승합차,127.6320879,36.47483701,1.7,0,0,1,1
2021,5,14,17,주,금,경기,차량단독,안전운전 의무 불이행,단일로,이륜차,없음,126.5366301,37.719911,1.0,0,0,1,0
2021,5,14,20,야,금,경기,차대차,안전운전 의무 불이행,단일로,승합차,승용차,127.0116263,37.25181199,1.0,5,1,0,3
2021,5,14,22,야,금,경기,차대사람,기타,교차로,승용차,보행자,127.0728365,36.99482019,1.0,6,0,0,0
2021,5,15,4,야,토,서울,차량단독,안전운전 의무 불이행,기타,이륜차,없음,126.8750251,37.49112223,1.0,4,3,0,1
2021,5,15,13,주,토,경남,차대차,기타,단일로,이륜차,승합차,128.095474,35.14845852,1.0,0,0,0,0
2021,5,15,22,야,토,경남,차량단독,안전운전 의무 불이행,단일로,승용차,없음,128.6787055,35.33283949,1.0,0,0,0,0
2021,5,16,0,야,일,경남,차대사람,기타,기타,승용차,보행자,128.6606096,35.2491171,1.0,1,1,0,1
2021,5,16,3,야,일,전남,차량단독,안전운전 의무 불이행,단일로,승용차,없음,126.4474201,34.81245133,1.0,5,0,0,1
2021,5,16,9,주,일,전남,차량단독,안전운전 의무 불이행,단일로,승용차,없음,127.4283345,34.84373126,1.0,1,0,0,0
2021,5,16,12,주,일,부산,차대사람,신호위반,교차로,화물차,보행자,128.9440094,35.2159008,1.0,0,0,0,0
2021,5,16,16,주,일,경기,차대차,교차로 통행방법 위반,교차로,승용차,자전거,127.5452651,37.89150201,1.0,0,0,0,0
2021,5,16,18,야,일,경기,차량단독,안전운전 의무 불이행,단일로,자전거,없음,126.8692037,37.07487851,1.0,0,0,0,0
2021,5,16,21,야,일,경남,차대사람,기타,교차로,승용차,보행자,128.705418,35.21175677,1.0,8,2,0,3
2021,5,17,10,주,월,전북,차대사람,안전운전 의무 불이행,단일로,승용차,보행자,126.9550635,35.63596624,1.0,2,0,0,0
2021,5,17,12,주,월,충북,차량단독,안전운전 의무 불이행,단일로,사륜오토바이(ATV),없음,127.4552726,36.6855027,1.0,0,0,0,0
2021,5,17,12,주,월,제주,차대차,신호위반,교차로,이륜차,승용차,126.4731808,33.49142512,1.0,1,0,0,1
2021,5,17,13,주,월,경기,차대차,안전운전 의무 불이행,기타,승용차,승합차,127.0988058,37.21925636,2.5999999999999996,1,0,1,1
2021,5,17,23,야,월,경기,차량단독,안전운전 의무 불이행,교차로,화물차,없음,126.5662094,37.27301431,1.0,1,0,0,0
2021,5,18,2,야,화,경기,차대차,안전운전 의무 불이행,단일로,이륜차,화물차,126.8246192,37.62206396,1.0,6,2,0,0
2021,5,18,7,주,화,제주,차대차,기타,단일로,승용차,자전거,126.3934915,33.39365062,1.0,0,0,0,0
2021,5,18,13,주,화,전북,차량단독,안전운전 의무 불이행,교차로,이륜차,없음,126.8117843,35.7678546,1.0,1,1,0,3
2021,5,18,18,야,화,경남,차량단독,안전운전 의무 불이행,단일로,승합차,없음,128.6234755,35.21048017,1.0,1,0,0,0
2021,5,18,21,야,화,서울,차대사람,안전운전 의무 불이행,기타,승합차,보행자,126.9242368,37.52574454,1.0,3,0,0,3
2021,5,19,0,야,수,전남,차대사람,안전운전 의무 불이행,단일로,화물차,보행자,127.7089321,34.88523435,1.0,0,0,0,0
2021,5,19,1,야,수,제주,차량단독,안전운전 의무 불이행,단일로,이륜차,없음,126.2554674,33.34561294,1.0,0,0,0,0
2021,5,19,3,야,수,강원,차대사람,안전운전 의무 불이행,교차로,승용차,보행자,127.7402935,37.85714196,1.0,11,1,0,0
2021,5,19,4,야,수,전남,차대사람,보행자 보호의무 위반,기타,승합차,보행자,126.4227837,34.81124563,1.0,9,2,0,2
2021,5,19,8,주,수,경북,차대차,안전운전 의무 불이행,교차로,화물차,화물차,128.1717405,36.10949488,1.3,6,0,0,0
2021,5,19,10,주,수,서울,차대차,안전운전 의무 불이행,단일로,화물차,자전거,126.9167475,37.61106778,1.0,18,5,0,1
2021,5,19,11,주,수,충남,차대차,기타,교차로,이륜차,승용차,126.5770851,36.34725918,1.0,0,0,0,0
2021,5,19,13,주,수,경북,차대차,안전운전 의무 불이행,교차로,이륜차,승용차,128.464771,36.16253223,1.0,0,0,0,1
2021,5,19,16,주,수,충북,차대차,안전거리 미확보,단일로,화물차,이륜차,127.530046,36.83892102,1.0,0,0,0,0
2021,5,19,18,야,수,강원,차량단독,안전운전 의무 불이행,단일로,이륜차,없음,128.1689571,37.82068957,1.0,0,0,0,0
2021,5,19,23,야,수,경남,차대차,중앙선 침범,단일로,승용차,승용차,128.0394353,35.70282261,1.9,0,0,0,0
2021,5,20,4,야,목,경기,차대차,안전운전 의무 불이행,단일로,화물차,화물차,127.1877277,37.2679475,2.4,0,0,0,0
2021,5,20,10,주,목,전북,차대차,안전운전 의무 불이행,교차로,이륜차,승용차,127.1399134,35.92993011,1.3,2,0,0,0
2021,5,20,11,주,목,서울,차대차,중앙선 침범,단일로,화물차,화물차,126.9061058,37.45369773,5.199999999999999,14,1,0,5
2021,5,20,12,주,목,울산,차대차,안전운전 의무 불이행,단일로,화물차,승용차,129.3909833,35.57814847,1.0,1,0,0,1
2021,5,20,13,주,목,충북,차량단독,안전운전 의무 불이행,단일로,농기계,없음,127.7615604,37.01850366,1.0,0,0,0,0
2021,5,20,20,야,목,경북,차대차,안전운전 의무 불이행,교차로,화물차,승용차,129.3269283,35.77552736,1.3,0,0,0,0
2021,5,20,21,야,목,충남,차량단독,안전운전 의무 불이행,단일로,승용차,없음,127.280121,36.75333405,1.0,0,0,1,0
2021,5,21,0,야,금,충북,차대사람,안전운전 의무 불이행,단일로,화물차,보행자,127.4704633,36.59312194,1.0,3,0,0,0
2021,5,21,13,주,금,경기,차대차,안전운전 의무 불이행,교차로,승용차,이륜차,126.7788858,37.79051085,1.0,0,0,0,1
2021,5,21,15,주,금,경남,차대사람,안전운전 의무 불이행,단일로,승용차,보행자,128.580772,35.11752854,1.0,2,1,0,0
2021,5,21,18,야,금,전남,차대사람,기타,단일로,이륜차,보행자,127.6481905,34.73552131,1.0,0,0,0,0
2021,5,21,20,야,금,충남,차대사람,안전운전 의무 불이행,단일로,승용차,보행자,126.6017659,36.35238752,1.0,6,1,0,3
2021,5,21,21,야,금,강원,차대사람,안전운전 의무 불이행,단일로,승용차,보행자,127.9875124,38.22552249,1.0,0,0,0,0
2021,5,22,1,야,토,경기,차대차,기타,단일로,승용차,화물차,126.9196051,37.32480561,1.0,7,0,1,1
2021,5,22,3,야,토,경기,차량단독,기타,교차로,승용차,없음,127.0457113,37.75828579,2.6999999999999997,5,0,2,2
2021,5,22,6,주,토,경북,차량단독,안전운전 의무 불이행,교차로,승용차,없음,129.3316291,35.69102257,1.0,1,0,1,2
2021,5,22,12,주,토,전북,차량단독,안전운전 의무 불이행,기타,이륜차,없음,126.8413135,35.60002329,1.0,0,0,0,1
2021,5,22,14,주,토,경기,차대차,안전거리 미확보,단일로,승용차,이륜차,127.103792,37.44414207,1.0,2,0,0,0
2021,5,22,14,주,토,강원,차대사람,신호위반,단일로,화물차,보행자,128.0446605,37.477839,1.0,2,0,0,0
2021,5,22,15,주,토,울산,차대차,안전운전 의무 불이행,교차로,승용차,이륜차,129.1660589,35.65239141,1.0,1,1,1,1
2021,5,22,16,주,토,경남,차량단독,안전운전 의무 불이행,단일로,화물차,없음,127.9064758,35.64124936,1.0,4,0,0,0
2021,5,22,21,야,토,전남,차량단독,안전운전 의무 불이행,단일로,이륜차,없음,126.362163,34.75217259,1.0,1,0,0,0
2021,5,23,0,야,일,경북,차대사람,기타,단일로,승용차,보행자,128.720823,35.82579909,1.0,11,1,0,3
2021,5,23,1,야,일,전남,차량단독,안전운전 의무 불이행,교차로,화물차,없음,126.1499888,34.86080412,1.0,3,0,0,0
2021,5,23,2,야,일,전북,차대차,기타,단일로,승용차,자전거,126.9585569,35.92918425,1.0,9,0,0,2
2021,5,23,5,야,일,경남,차량단독,안전운전 의무 불이행,교차로,이륜차,없음,128.1005775,35.57926188,1.0,0,0,0,0
2021,5,23,8,주,일,전남,차대차,중앙선 침범,단일로,이륜차,화물차,126.2550819,35.05632701,1.3,1,0,0,0
2021,5,23,9,주,일,강원,차량단독,안전운전 의무 불이행,단일로,이륜차,없음,128.1991079,38.10685805,1.0,0,0,0,1
2021,5,23,9,주,일,경북,차대차,안전운전 의무 불이행,교차로,이륜차,이륜차,129.2699439,35.79538317,1.3,0,0,0,2
2021,5,23,13,주,일,경기,차대차,안전운전 의무 불이행,기타,승용차,승용차,127.417423,37.4998781,1.0,0,0,0,0
2021,5,23,23,야,일,경남,차량단독,안전운전 의무 불이행,교차로,이륜차,없음,128.6811259,35.2351595,1.0,4,2,0,1
2021,5,24,2,야,월,서울,차대사람,신호위반,단일로,승용차,보행자,127.0444937,37.54848885,1.3,1,0,0,5
2021,5,24,6,주,월,부산,차대사람,안전운전 의무 불이행,교차로,건설기계,보행자,128.9374611,35.21769001,1.0,3,1,0,2
2021,5,24,8,주,월,경기,차대사람,안전운전 의무 불이행,교차로,화물차,보행자,126.7152246,37.61865607,1.0,1,3,0,1
2021,5,24,10,주,월,경북,차대차,안전운전 의무 불이행,교차로,화물차,자전거,127.9470492,36.44309665,1.0,2,2,0,2
2021,5,24,12,주,월,충남,차량단독,안전운전 의무 불이행,기타,농기계,없음,126.866046,36.5824518,1.0,0,0,0,0
2021,5,24,15,주,월,부산,차대사람,안전운전 의무 불이행,단일로,화물차,보행자,129.0784513,35.19664835,1.0,9,5,1,1
2021,5,24,18,야,월,전남,차량단독,안전운전 의무 불이행,단일로,농기계,없음,126.9599418,35.34452101,1.0,0,0,0,0
2021,5,24,19,야,월,전남,차량단독,안전운전 의무 불이행,단일로,화물차,없음,126.6436242,35.078502,1.0,0,0,2,0
2021,5,24,20,야,월,울산,차대차,안전운전 의무 불이행,교차로,승용차,자전거,129.3243342,35.55441145,1.0,2,0,0,2
2021,5,25,1,야,화,충남,차량단독,안전운전 의무 불이행,단일로,이륜차,없음,127.1058963,36.80328579,1.0,10,2,0,1
2021,5,25,2,야,화,충북,차대차,안전운전 의무 불이행,단일로,특수차,특수차,127.5203038,36.34635256,3.6999999999999997,0,0,1,1
2021,5,25,3,야,화,인천,차량단독,안전운전 의무 불이행,단일로,화물차,없음,126.754736,37.47259233,1.0,2,0,0,1
2021,5,25,4,야,화,충남,차량단독,안전운전 의무 불이행,교차로,승용차,없음,127.1649771,36.78186767,1.0,4,0,0,3
2021,5,25,10,주,화,경기,차대사람,안전운전 의무 불이행,단일로,화물차,보행자,126.8017009,37.42961952,1.0,1,1,0,1
2021,5,25,14,주,화,충남,차량단독,안전운전 의무 불이행,단일로,이륜차,없음,126.6443111,36.06372259,1.0,0,0,0,0
2021,5,25,17,주,화,충북,차대차,안전운전 의무 불이행,단일로,화물차,화물차,127.4297605,36.49159462,3.4,0,0,1,0
2021,5,25,23,야,화,경기,차대사람,안전운전 의무 불이행,단일로,승용차,보행자,127.5922973,37.11377601,1.0,2,0,0,1
2021,5,26,0,야,수,충북,차대사람,기타,교차로,승용차,보행자,128.2007577,37.11972213,1.0,4,1,0,1