발생년,발생월,발생일,발생시,주야,요일,발생지시도,사고유형_대분류,가해자법규위반,도로형태_대분류,가해자_당사자종별,피해자_당사자종별,경도,위도,사상자수,반경500m카메라수,반경500m학교수,반경500m전광판수,반경500m사고건수
2021,10,6,20,야,수,경기,차대사람,안전운전 의무 불이행,단일로,승용차,보행자,126.7770237,37.42880416,1.0,2,0,0,0
2021,10,6,22,야,수,경남,차량단독,안전운전 의무 불이행,교차로,승용차,없음,128.6767925,35.22349835,1.0,10,0,0,2
2021,10,7,1,야,목,대전,차대사람,보행자 보호의무 위반,교차로,승합차,보행자,127.3952368,36.35134528,1.7,14,4,0,5
2021,10,7,4,야,목,경기,차대사람,안전운전 의무 불이행,단일로,승합차,보행자,126.9085019,37.39345346,1.0,6,5,0,0
2021,10,7,5,야,목,경기,차대차,안전운전 의무 불이행,교차로,화물차,화물차,127.1286471,37.41876442,1.3,18,3,1,6
2021,10,7,10,주,목,대전,차대사람,안전운전 의무 불이행,단일로,승용차,보행자,127.3745485,36.3324741,1.0,6,5,0,1
2021,10,7,13,주,목,경기,차대차,중앙선 침범,교차로,승용차,승합차,126.8822921,37.59126582,1.3,2,0,0,1
2021,10,7,14,주,목,경기,차대차,안전운전 의무 불이행,단일로,승용차,승용차,127.1095821,36.98444497,5.199999999999999,2,0,0,1
2021,10,7,15,주,목,전남,차량단독,안전운전 의무 불이행,단일로,화물차,없음,126.8320894,34.97899152,1.0,0,0,0,0
2021,10,7,18,야,목,경기,차대차,신호위반,교차로,승용차,이륜차,127.052445,37.16992758,1.0,1,1,1,0
2021,10,7,18,야,목,경기,차대사람,안전운전 의무 불이행,단일로,승용차,보행자,127.2118961,37.58694221,1.0,11,1,0,1
2021,10,7,20,야,목,경북,차대차,안전운전 의무 불이행,단일로,화물차,특수차,128.3224024,35.8468841,1.3,0,0,0,0
2021,10,7,22,야,목,부산,차대차,안전운전 의무 불이행,교차로,이륜차,승용차,129.2207866,35.2434841,1.3,2,1,1,1
2021,10,7,22,야,목,강원,차대사람,안전운전 의무 불이행,단일로,승용차,보행자,128.9742697,37.17988054,1.0,1,0,0,0
2021,10,7,23,야,목,경기,차대차,안전운전 의무 불이행,단일로,승용차,승용차,127.3282433,37.53749511,1.0,0,0,0,2
2021,10,7,23,야,목,경기,차대차,중앙선 침범,단일로,승용차,승합차,126.899888,37.92511341,1.0,0,0,1,0
2021,10,8,1,야,금,부산,차대차,신호위반,교차로,승합차,화물차,128.8265888,35.09434943,3.9999999999999996,1,0,0,2
2021,10,8,5,야,금,전남,차대차,기타,교차로,승용차,농기계,127.2443675,35.17197858,1.7,0,0,0,0
2021,10,8,5,야,금,경북,차량단독,안전운전 의무 불이행,단일로,농기계,없음,129.0037479,35.89123348,1.0,0,0,0,0
2021,10,8,10,주,금,전남,차대차,안전운전 의무 불이행,단일로,화물차,농기계,126.5038637,35.08098713,1.0,1,0,0,0
2021,10,8,12,주,금,부산,차대사람,기타,단일로,승용차,보행자,129.1163246,35.16735168,1.0,0,1,0,1
2021,10,8,13,주,금,경남,차대차,안전운전 의무 불이행,단일로,승용차,승용차,128.0992207,35.10392269,2.0,0,0,0,0
2021,10,8,17,주,금,충북,차대사람,기타,교차로,승용차,보행자,127.4252792,36.70457218,1.0,2,1,0,1
2021,10,8,17,주,금,대전,차대차,안전운전 의무 불이행,기타,이륜차,화물차,127.3895874,36.2952731,1.7,2,0,0,0
2021,10,8,19,야,금,전남,차대사람,안전운전 의무 불이행,단일로,승용차,보행자,127.3467177,34.69481744,1.0,0,0,0,0
2021,10,8,19,야,금,대전,차대차,안전거리 미확보,단일로,승용차,이륜차,127.35462,36.35966906,1.0,20,0,0,2
2021,10,8,20,야,금,전남,차대사람,안전운전 의무 불이행,단일로,승용차,보행자,126.3867476,34.82319265,1.0,0,0,0,1
2021,10,8,22,야,금,경기,차대차,안전운전 의무 불이행,교차로,승용차,이륜차,127.2620428,37.01628171,1.0,7,3,0,1
2021,10,8,22,야,금,제주,차대사람,기타,단일로,승용차,보행자,126.6449847,33.2688838,1.0,1,0,0,0
2021,10,9,2,야,토,부산,차대사람,안전운전 의무 불이행,단일로,승용차,보행자,128.9910266,35.13976739,1.0,5,2,0,0
2021,10,9,15,주,토,충북,차대차,안전운전 의무 불이행,교차로,화물차,자전거,127.4678517,36.74384194,1.0,0,0,1,2
2021,10,9,17,주,토,전남,차량단독,기타,단일로,이륜차,없음,126.8582155,34.56156421,1.0,0,0,0,0
2021,10,9,18,야,토,충북,차량단독,안전운전 의무 불이행,단일로,사륜오토바이(ATV),없음,127.9638325,37.06676993,1.0,0,0,0,0
2021,10,9,19,야,토,전남,차대사람,안전운전 의무 불이행,교차로,승용차,보행자,126.8143443,35.2484664,1.0,1,0,1,1
2021,10,9,19,야,토,경남,차대차,신호위반,단일로,승용차,농기계,127.8971958,34.98383089,1.0,2,0,0,0
2021,10,9,22,야,토,경기,차량단독,안전운전 의무 불이행,기타,이륜차,없음,127.0504845,37.26500908,1.0,4,5,0,1
2021,10,10,8,주,일,강원,차량단독,안전운전 의무 불이행,단일로,이륜차,없음,129.0623913,37.61511243,1.0,0,0,0,0
2021,10,10,9,주,일,경기,차대사람,보행자 보호의무 위반,단일로,건설기계,보행자,127.2645742,37.40735387,1.0,3,0,0,3
2021,10,10,9,주,일,충남,차량단독,안전운전 의무 불이행,단일로,승용차,없음,126.6359105,36.88792548,1.0,1,1,0,1
2021,10,10,13,주,일,전북,차대차,교차로 통행방법 위반,교차로,이륜차,승합차,126.7090834,35.72144857,1.0,0,0,0,0
2021,10,10,16,주,일,강원,차량단독,안전운전 의무 불이행,단일로,화물차,없음,127.9482535,37.61806272,1.6,0,0,0,0
2021,10,10,17,주,일,강원,차대차,중앙선 침범,단일로,화물차,승용차,128.0357107,37.52341913,3.0,0,0,1,1
2021,10,10,18,야,일,대구,차대차,신호위반,교차로,승용차,이륜차,128.5549504,35.87056376,1.6,5,0,0,1
2021,10,10,20,야,일,대구,차대차,기타,단일로,승용차,원동기장치자전거,128.4018423,35.87895132,1.7,0,0,0,0
2021,10,10,20,야,일,인천,차대사람,안전운전 의무 불이행,단일로,승용차,보행자,126.6690433,37.42540836,1.0,3,0,2,2
2021,10,10,22,야,일,전북,차량단독,안전운전 의무 불이행,교차로,화물차,없음,126.5400559,35.9692707,1.0,0,0,0,0
2021,10,10,22,야,일,경북,차량단독,안전운전 의무 불이행,단일로,이륜차,없음,128.118968,36.14803229,1.0,1,0,0,0
2021,10,10,22,야,일,인천,차대사람,안전운전 의무 불이행,단일로,승용차,보행자,126.7164183,37.4928645,1.0,2,2,0,2
2021,10,11,5,야,월,충북,차대사람,안전운전 의무 불이행,교차로,이륜차,보행자,127.9401887,36.97438027,1.0,2,2,0,3
2021,10,11,5,야,월,전북,차대차,기타,교차로,승용차,승용차,127.061843,35.86996833,1.7,0,0,1,1
2021,10,11,6,주,월,경북,차대차,안전운전 의무 불이행,단일로,화물차,농기계,128.2578719,36.16064882,1.0,2,0,0,0
2021,10,11,7,주,월,전남,차량단독,안전운전 의무 불이행,단일로,이륜차,없음,126.5070157,35.0371909,1.0,0,0,0,1
2021,10,11,16,주,월,경기,차대차,신호위반,교차로,승용차,승용차,126.6554364,37.66415652,2.6999999999999997,0,0,0,2
2021,10,11,16,주,월,경북,차량단독,안전운전 의무 불이행,단일로,화물차,없음,128.3297503,36.49295816,1.0,0,0,0,0
2021,10,11,17,주,월,강원,차량단독,안전운전 의무 불이행,교차로,화물차,없음,128.1755198,37.34879743,1.0,0,0,0,0
2021,10,11,20,야,월,대구,차대사람,기타,단일로,승용차,보행자,128.5796318,35.88625704,1.0,3,2,0,3
2021,10,11,23,야,월,경북,차량단독,안전운전 의무 불이행,단일로,건설기계,없음,129.2922476,35.99618891,1.0,0,0,0,0
2021,10,12,7,주,화,전북,차대차,중앙선 침범,단일로,승용차,화물차,126.9607228,35.62231477,1.3,0,0,0,0
2021,10,12,15,주,화,서울,차대사람,안전운전 의무 불이행,교차로,이륜차,보행자,126.9015746,37.45477454,1.0,12,1,0,4
2021,10,12,22,야,화,전북,차대사람,기타,단일로,승용차,보행자,127.1226659,35.8315119,1.0,10,2,0,4
2021,10,13,0,야,수,충북,차량단독,안전운전 의무 불이행,단일로,승용차,없음,128.1822029,37.16212964,1.0,0,0,0,0
2021,10,13,0,야,수,경남,차량단독,안전운전 의무 불이행,기타,승용차,없음,128.6060183,34.82631633,1.0,0,0,0,2
2021,10,13,6,주,수,전남,차대사람,안전운전 의무 불이행,단일로,승용차,보행자,126.3927521,34.80167306,1.0,3,3,0,6
2021,10,13,10,주,수,충남,차대차,기타,단일로,화물차,이륜차,126.856474,36.76430938,1.0,0,0,0,0
2021,10,13,10,주,수,경북,차량단독,안전운전 의무 불이행,단일로,이륜차,없음,129.3690826,36.24239515,1.0,0,0,0,1
2021,10,13,13,주,수,충남,차대차,교차로 통행방법 위반,교차로,승용차,이륜차,127.0964821,36.2371515,1.0,0,0,0,0
2021,10,13,14,주,수,경남,차량단독,안전운전 의무 불이행,단일로,이륜차,없음,128.4177971,34.93983967,1.0,0,0,0,0
2021,10,13,17,주,수,인천,차대사람,안전운전 의무 불이행,단일로,화물차,보행자,126.6689256,37.45210105,1.0,9,1,1,7
2021,10,13,17,주,수,대전,차대차,안전운전 의무 불이행,교차로,승용차,이륜차,127.3927788,36.33141901,1.0,10,3,0,1
2021,10,13,18,야,수,경북,차대차,중앙선 침범,단일로,이륜차,승용차,128.1041516,36.20323789,1.3,0,1,0,0
2021,10,13,19,야,수,충남,차대사람,안전운전 의무 불이행,교차로,승용차,보행자,127.0902768,36.18933897,1.0,7,1,0,2
2021,10,13,20,야,수,전북,차대사람,안전운전 의무 불이행,단일로,승용차,보행자,127.1305529,35.83591735,1.0,7,1,0,2
2021,10,14,0,야,목,울산,차대차,안전운전 의무 불이행,교차로,이륜차,이륜차,129.3828717,35.55029289,1.3,1,0,0,0
2021,10,14,6,주,목,경기,차대사람,안전운전 의무 불이행,교차로,승용차,보행자,127.1421297,37.43650356,1.0,14,8,1,2
2021,10,14,6,주,목,충북,차대사람,안전운전 의무 불이행,불명,화물차,보행자,127.6403818,37.11368916,1.0,4,1,1,1
2021,10,14,7,주,목,충북,차대차,기타,단일로,원동기장치자전거,승용차,127.5002694,36.9100682,1.0,0,0,0,1
2021,10,14,9,주,목,충북,차대차,신호위반,단일로,화물차,화물차,127.4750215,36.91370746,1.3,0,0,0,2
2021,10,14,9,주,목,경북,차대사람,보행자 보호의무 위반,교차로,승용차,보행자,128.4162195,36.13862621,1.0,7,2,0,2
2021,10,14,12,주,목,경기,차대차,안전운전 의무 불이행,단일로,원동기장치자전거,화물차,126.9172666,37.3309235,1.0,7,1,1,1
2021,10,14,12,주,목,경남,차대차,안전운전 의무 불이행,단일로,화물차,사륜오토바이(ATV),128.1452256,35.46264648,1.0,0,0,0,0
2021,10,14,13,주,목,전남,차량단독,안전운전 의무 불이행,단일로,원동기장치자전거,없음,127.1411854,35.16158164,1.0,0,0,0,0
2021,10,14,17,주,목,경남,차량단독,안전운전 의무 불이행,단일로,이륜차,없음,128.7014057,35.12799716,1.0,2,0,0,1
2021,10,14,18,야,목,충남,차대사람,안전운전 의무 불이행,단일로,승용차,보행자,126.6230381,36.52321694,1.0,2,0,0,3
2021,10,14,18,야,목,충남,차대차,기타,단일로,화물차,농기계,126.7895709,36.79250488,1.7,1,2,0,0
2021,10,14,18,야,목,전남,차대사람,안전운전 의무 불이행,단일로,화물차,보행자,126.3654106,34.95035244,1.0,0,0,0,0
2021,10,14,18,야,목,경북,차대사람,안전운전 의무 불이행,단일로,승용차,보행자,129.3718978,36.39838368,1.0,0,0,0,1
2021,10,14,18,야,목,세종,차량단독,안전운전 의무 불이행,단일로,이륜차,없음,127.2214581,36.48728744,1.0,1,0,0,0
2021,10,14,21,야,목,인천,차량단독,안전운전 의무 불이행,단일로,이륜차,없음,126.620411,37.40319871,1.0,0,0,0,0
2021,10,15,0,야,금,경북,차대차,기타,단일로,승용차,자전거,128.3472612,36.1227258,1.0,7,0,0,3
2021,10,15,5,야,금,서울,차대차,안전운전 의무 불이행,교차로,화물차,화물차,127.1332864,37.52151754,1.9,3,5,0,1
2021,10,15,11,주,금,충남,차대차,안전운전 의무 불이행,기타,화물차,농기계,126.7794915,36.45155873,1.0,0,0,0,0
2021,10,15,13,주,금,전남,차대차,기타,교차로,승용차,이륜차,126.5220828,34.41367099,1.0,2,0,0,1
2021,10,15,23,야,금,서울,차량단독,안전운전 의무 불이행,단일로,승용차,없음,127.0562408,37.63896376,1.0,3,0,0,2
2021,10,15,23,야,금,경기,차대사람,안전운전 의무 불이행,교차로,승용차,보행자,126.7841344,37.4867775,1.0,7,1,1,2
2021,10,16,2,야,토,울산,차대사람,안전운전 의무 불이행,단일로,승용차,보행자,129.329727,35.53345969,1.0,3,3,0,3
2021,10,16,13,주,토,경북,차대차,안전운전 의무 불이행,단일로,승용차,농기계,128.3426588,36.28857735,1.0,0,0,0,0
2021,10,16,18,야,토,충남,차대사람,안전운전 의무 불이행,단일로,승용차,보행자,126.5767857,36.81180373,1.0,2,0,1,1
2021,10,17,0,야,일,경북,차량단독,안전운전 의무 불이행,단일로,원동기장치자전거,없음,128.3065725,36.15356008,1.0,3,1,0,0
2021,10,17,2,야,일,충남,차량단독,안전운전 의무 불이행,단일로,이륜차,없음,126.6774028,36.64716096,1.0,6,1,0,1
2021,10,17,5,야,일,경북,차대차,안전운전 의무 불이행,단일로,화물차,승용차,128.0292986,36.15352894,1.0,2,0,0,0
2021,10,17,7,주,일,경남,차대차,안전운전 의무 불이행,단일로,이륜차,화물차,128.6199592,34.88433977,1.7,9,0,0,0
2021,10,17,10,주,일,부산,차대사람,기타,기타,승용차,보행자,129.0639655,35.09347597,1.0,4,1,0,2
2021,10,17,12,주,일,충북,차대차,중앙선 침범,단일로,승용차,이륜차,127.8840679,36.21728216,1.0,0,0,0,1
2021,10,17,12,주,일,경남,차대차,중앙선 침범,단일로,자전거,화물차,127.9414291,35.46512371,1.0,0,0,0,0
2021,10,17,13,주,일,경기,차대차,안전운전 의무 불이행,단일로,승용차,이륜차,127.4628818,37.54289616,1.0,0,0,1,0
2021,10,17,17,주,일,충북,차대차,안전운전 의무 불이행,단일로,승용차,자전거,127.8774418,36.84135459,1.7,0,0,0,0
2021,10,17,20,야,일,경기,차대차,안전운전 의무 불이행,교차로,승용차,승용차,126.787792,37.66826574,2.5,5,1,0,1
2021,10,17,21,야,일,충남,차대차,중앙선 침범,단일로,승용차,승용차,126.4181027,36.76743163,2.0,2,0,0,0
2021,10,18,10,주,월,제주,차대사람,신호위반,교차로,승용차,보행자,126.5043512,33.5041827,1.0,1,0,0,2
2021,10,18,11,주,월,충북,차대차,안전운전 의무 불이행,단일로,화물차,화물차,127.6808719,37.11694524,1.3,0,0,1,0
2021,10,18,11,주,월,충남,차대사람,안전운전 의무 불이행,단일로,화물차,보행자,127.1159671,36.96379575,1.0,0,0,0,1
2021,10,18,12,주,월,경남,차량단독,안전운전 의무 불이행,교차로,승용차,없음,127.9842849,35.31122369,1.0,0,0,0,0
2021,10,18,14,주,월,충남,차대차,안전운전 의무 불이행,단일로,승합차,승용차,127.0630296,36.14300153,2.3,0,0,0,1
2021,10,18,14,주,월,경기,차대차,기타,교차로,승용차,화물차,126.8416494,37.78127034,1.3,3,0,0,2
2021,10,18,18,야,월,서울,차량단독,안전운전 의무 불이행,단일로,이륜차,없음,127.0465181,37.60539601,1.0,5,1,0,2
2021,10,18,18,야,월,전북,차대사람,안전운전 의무 불이행,단일로,승용차,보행자,126.9957647,36.02475944,1.0,0,0,0,0
2021,10,19,11,주,화,충남,차대차,안전거리 미확보,단일로,이륜차,승용차,126.7644177,36.88402008,1.0,0,2,0,0
2021,10,19,12,주,화,인천,차대차,안전운전 의무 불이행,교차로,자전거,화물차,126.7219735,37.52111329,1.0,2,0,3,0
2021,10,19,13,주,화,부산,차대차,안전운전 의무 불이행,교차로,화물차,화물차,128.8522571,35.0888372,1.0,4,0,1,0
2021,10,19,13,주,화,전북,차량단독,안전운전 의무 불이행,단일로,자전거,없음,126.6129015,35.48773475,1.0,0,0,0,0
2021,10,19,16,주,화,전남,차대사람,안전운전 의무 불이행,교차로,승합차,보행자,126.7767132,35.01584318,1.0,4,1,1,1
2021,10,19,18,야,화,충남,차대사람,안전운전 의무 불이행,단일로,승용차,보행자,126.6490741,36.90693068,1.0,1,0,0,0
2021,10,19,18,야,화,경남,차대사람,안전운전 의무 불이행,단일로,승용차,보행자,128.1688252,35.1463626,1.0,0,0,0,0
2021,10,19,20,야,화,경기,차대차,중앙선 침범,단일로,승용차,이륜차,126.7700809,37.51982503,1.0,4,2,2,2
2021,10,19,23,야,화,강원,차대차,중앙선 침범,단일로,승용차,승용차,128.5560562,38.25671535,1.0,6,1,0,0
2021,10,20,6,주,수,경기,차대차,안전운전 의무 불이행,교차로,화물차,승합차,126.9453242,37.35298893,1.0,14,0,0,4
2021,10,20,6,주,수,충북,차대사람,안전운전 의무 불이행,교차로,승용차,보행자,127.4317214,36.93916555,1.0,0,0,0,0
2021,10,20,6,주,수,경북,차대사람,안전운전 의무 불이행,교차로,승용차,보행자,128.3631719,35.75038023,1.0,2,2,0,1
2021,10,20,10,주,수,경기,차대차,신호위반,단일로,승용차,원동기장치자전거,127.1382897,37.44286457,1.0,12,1,0,5
2021,10,20,12,주,수,세종,차대차,안전운전 의무 불이행,단일로,이륜차,화물차,127.2926122,36.57814248,1.0,0,0,0,1
2021,10,20,17,주,수,대구,차대차,안전거리 미확보,단일로,이륜차,이륜차,128.5804326,35.88567283,1.0,4,3,0,2
2021,10,20,19,야,수,충북,차대사람,기타,단일로,승용차,보행자,127.5661374,36.78727015,1.0,1,0,0,2
2021,10,21,2,야,목,경기,차대차,신호위반,교차로,이륜차,승용차,126.7477432,37.5062368,1.0,5,0,1,1
2021,10,21,3,야,목,부산,차량단독,안전운전 의무 불이행,단일로,원동기장치자전거,없음,129.0043832,35.19876345,1.0,3,2,0,2
2021,10,21,6,주,목,충북,차량단독,안전운전 의무 불이행,교차로,이륜차,없음,127.5055231,36.5970921,1.0,3,0,0,2
2021,10,21,6,주,목,대전,차대사람,안전운전 의무 불이행,교차로,승용차,보행자,127.4119037,36.31710007,1.0,14,3,0,3
2021,10,21,14,주,목,서울,차대차,안전운전 의무 불이행,단일로,화물차,승용차,126.8960787,37.50689005,4.0,7,0,0,3
2021,10,21,21,야,목,경남,차대사람,안전운전 의무 불이행,교차로,승용차,보행자,128.5102326,35.24799543,1.0,4,2,0,1
2021,10,21,23,야,목,경남,차량단독,안전운전 의무 불이행,단일로,승용차,없음,128.949314,35.4253043,1.0,0,0,0,0
2021,10,22,3,야,금,서울,차량단독,기타,단일로,이륜차,없음,127.0501933,37.62345494,1.0,6,3,0,0
2021,10,22,3,야,금,인천,차대차,신호위반,교차로,건설기계,승용차,126.6553055,37.59160818,1.0,1,0,0,1
2021,10,22,6,주,금,경기,차대차,안전운전 의무 불이행,단일로,화물차,건설기계,127.1570991,37.6434633,1.3,1,0,1,3
2021,10,22,8,주,금,경기,차대사람,안전운전 의무 불이행,단일로,승용차,보행자,126.5940038,37.68587289,1.0,2,3,0,0
2021,10,22,14,주,금,경기,차대사람,보행자 보호의무 위반,단일로,자전거,보행자,126.7513972,37.3348667,1.0,1,1,2,1
2021,10,22,14,주,금,충남,차대차,안전운전 의무 불이행,단일로,승용차,화물차,126.8732953,36.31814925,1.3,0,0,0,0
2021,10,22,15,주,금,전남,차량단독,안전운전 의무 불이행,교차로,승용차,없음,127.1562618,34.77596783,2.3,1,0,0,2
2021,10,22,15,주,금,경기,차대차,안전운전 의무 불이행,단일로,건설기계,화물차,126.8514039,37.82807515,1.0,1,0,0,0
2021,10,22,18,야,금,서울,차대사람,안전운전 의무 불이행,교차로,승용차,보행자,126.8351862,37.51567567,1.0,5,5,0,3
2021,10,22,18,야,금,전북,차대사람,안전운전 의무 불이행,단일로,승합차,보행자,126.7207516,35.98023697,1.0,13,2,0,4
2021,10,22,20,야,금,경기,차대사람,안전운전 의무 불이행,교차로,승용차,보행자,127.0433176,37.73583363,1.0,26,0,1,4
2021,10,23,2,야,토,서울,차대사람,기타,단일로,승용차,보행자,126.9455474,37.58758698,1.0,17,2,0,6
2021,10,23,6,주,토,서울,차대사람,안전운전 의무 불이행,교차로,승용차,보행자,126.9029247,37.50110211,1.0,9,4,0,3
2021,10,23,6,주,토,서울,차대차,신호위반,교차로,화물차,승용차,127.1338818,37.52123997,1.3,3,5,0,1
2021,10,23,6,주,토,경남,차대사람,안전운전 의무 불이행,단일로,승용차,보행자,127.6395719,35.59046923,1.0,0,0,0,0
2021,10,23,9,주,토,대구,차대사람,안전운전 의무 불이행,교차로,승용차,보행자,128.4699215,35.69374643,1.0,3,2,1,1
2021,10,23,13,주,토,전북,차대차,안전운전 의무 불이행,단일로,이륜차,화물차,127.0771325,35.8929356,1.0,1,0,0,0
2021,10,23,18,야,토,충북,차대차,안전운전 의무 불이행,단일로,승용차,이륜차,127.5253733,36.81751222,1.0,0,0,0,1
2021,10,23,18,야,토,경남,차대사람,보행자 보호의무 위반,단일로,승용차,보행자,128.3203802,34.97356656,1.0,5,2,0,0
2021,10,23,22,야,토,경북,차대차,안전운전 의무 불이행,단일로,승합차,승용차,128.7553373,35.83827259,1.0,7,0,0,0
2021,10,23,22,야,토,경남,차량단독,안전운전 의무 불이행,교차로,승용차,없음,128.7472268,35.31402025,1.0,0,0,0,1
2021,10,24,0,야,일,경북,차량단독,안전운전 의무 불이행,교차로,화물차,없음,128.1246904,36.28209847,1.0,0,0,0,0
2021,10,24,8,주,일,경기,차대차,신호위반,단일로,승용차,이륜차,126.7514168,37.75176363,1.7,3,1,0,3
2021,10,24,9,주,일,전남,차량단독,안전운전 의무 불이행,교차로,농기계,없음,126.8023022,34.39722957,1.0,3,3,0,0
2021,10,24,11,주,일,경북,차대사람,안전운전 의무 불이행,단일로,화물차,보행자,127.9512968,36.34604035,1.0,0,0,0,1
2021,10,24,12,주,일,전북,차대사람,안전운전 의무 불이행,교차로,농기계,보행자,127.2549084,35.52953813,1.0,0,0,0,0
2021,10,24,13,주,일,부산,차량단독,안전운전 의무 불이행,단일로,승용차,없음,129.0285231,35.20974017,1.0,5,2,0,3
2021,10,24,14,주,일,광주,차대차,안전운전 의무 불이행,단일로,이륜차,승용차,126.7375267,35.15404197,1.0,0,1,0,0
2021,10,24,15,주,일,경기,차대차,기타,단일로,이륜차,승용차,127.5417443,37.21004901,1.0,9,0,1,3
2021,10,24,15,주,일,경기,차량단독,안전운전 의무 불이행,단일로,승용차,없음,126.7675056,37.34999339,3.3000000000000003,0,0,2,0
2021,10,24,18,야,일,전남,차대사람,안전운전 의무 불이행,기타,화물차,보행자,126.5155336,34.86594534,1.0,0,0,0,0
2021,10,24,18,야,일,경남,차대사람,기타,교차로,승용차,보행자,128.7423013,35.49073317,1.0,3,0,0,0
2021,10,24,22,야,일,경북,차대사람,기타,교차로,승용차,보행자,129.344163,35.99951242,1.0,3,2,0,1
2021,10,25,6,주,월,경기,차량단독,안전운전 의무 불이행,단일로,화물차,없음,126.8958865,37.42396406,1.0,0,0,0,2
2021,10,25,8,주,월,충남,차대차,안전운전 의무 불이행,교차로,이륜차,건설기계,127.008285,36.15034437,1.7,3,2,1,0
2021,10,25,10,주,월,충북,차량단독,안전운전 의무 불이행,단일로,개인형이동수단(PM),없음,127.7941061,36.80533298,1.0,10,1,0,0
2021,10,25,11,주,월,전남,차량단독,안전운전 의무 불이행,단일로,사륜오토바이(ATV),없음,126.7348222,34.60067565,1.0,0,0,0,0
2021,10,25,12,주,월,전북,차대차,안전운전 의무 불이행,단일로,승용차,승용차,127.0709749,35.91865717,4.199999999999999,2,0,0,0
2021,10,25,14,주,월,경기,차대차,안전운전 의무 불이행,단일로,화물차,승용차,127.0481016,37.38052168,3.3,0,0,0,0
2021,10,25,14,주,월,경북,차대차,중앙선 침범,단일로,화물차,사륜오토바이(ATV),128.8838358,35.87321123,1.0,0,0,0,0
2021,10,25,18,야,월,인천,차대차,안전운전 의무 불이행,교차로,화물차,승용차,126.6487605,37.5128027,1.3,0,0,0,3
2021,10,25,18,야,월,대전,차대사람,안전운전 의무 불이행,단일로,승용차,보행자,127.4492176,36.34287887,1.0,11,1,0,3
2021,10,25,19,야,월,경기,차대차,안전운전 의무 불이행,단일로,승용차,이륜차,127.7119904,37.55542085,1.7,2,3,0,0
2021,10,25,19,야,월,충남,차대사람,기타,교차로,승용차,보행자,126.6631268,36.59968014,1.0,3,1,0,1
2021,10,25,20,야,월,경기,차대사람,안전운전 의무 불이행,단일로,승용차,보행자,127.7514323,37.58472758,1.0,0,0,1,0
2021,10,25,22,야,월,강원,차량단독,안전운전 의무 불이행,교차로,승용차,없음,127.9622962,37.41644633,1.0,1,0,1,3
2021,10,25,23,야,월,충남,차대사람,신호위반,교차로,승용차,보행자,126.6328264,36.90044911,1.0,7,1,0,2
2021,10,26,5,야,화,경북,차대사람,중앙선 침범,단일로,승용차,보행자,128.6060183,36.4698298,1.3,0,0,0,0
2021,10,26,7,주,화,충남,차대차,안전운전 의무 불이행,단일로,승용차,자전거,127.1466528,36.35268989,1.0,0,0,1,1
2021,10,26,13,주,화,경기,차대차,신호위반,교차로,승합차,이륜차,126.9977555,37.29781508,1.0,11,4,0,0
2021,10,26,13,주,화,경북,차대차,안전운전 의무 불이행,단일로,농기계,이륜차,128.6547482,36.60651623,1.0,0,0,0,0
2021,10,26,15,주,화,강원,차대사람,보행자 보호의무 위반,교차로,화물차,보행자,127.9482013,37.3362509,1.0,2,2,0,2
2021,10,26,15,주,화,전남,차량단독,안전운전 의무 불이행,단일로,승용차,없음,126.6950391,34.73939015,1.7,0,0,0,0
2021,10,26,18,야,화,경북,차대사람,보행자 보호의무 위반,단일로,화물차,보행자,128.1015057,36.13068513,1.0,5,0,1,3
2021,10,26,20,야,화,인천,차량단독,안전운전 의무 불이행,단일로,이륜차,없음,126.6479814,37.45289381,1.0,3,1,0,3
2021,10,26,21,야,화,강원,차대차,신호위반,교차로,승용차,이륜차,127.7590763,37.83856217,1.0,3,0,1,3
2021,10,26,21,야,화,전남,차대차,중앙선 침범,단일로,이륜차,승용차,127.1452599,35.29773292,2.0,0,0,0,0
2021,10,26,22,야,화,충북,차량단독,안전운전 의무 불이행,단일로,사륜오토바이(ATV),없음,127.8401028,36.25430678,1.0,0,0,0,0
2021,10,26,23,야,화,경기,차대차,기타,단일로,승용차,특수차,127.225872,37.50995458,1.3,2,0,0,0
2021,10,27,1,야,수,충남,차량단독,안전운전 의무 불이행,단일로,승용차,없음,126.551669,36.26604138,1.6,0,0,0,0
2021,10,27,2,야,수,부산,차대차,안전운전 의무 불이행,교차로,승용차,특수차,129.1275363,35.2197283,1.0,2,0,0,4
2021,10,27,4,야,수,전북,차대차,중앙선 침범,단일로,승합차,승용차,126.9716006,35.88407329,4.3999999999999995,2,1,0,0
2021,10,27,5,야,수,경기,차대사람,안전운전 의무 불이행,단일로,승용차,보행자,126.7847685,37.49264011,1.0,9,2,0,4
2021,10,27,6,주,수,세종,차대사람,기타,교차로,승용차,보행자,127.2904783,36.59844062,1.0,4,1,1,1