발생년,발생월,발생일,발생시,주야,요일,발생지시도,사고유형_대분류,가해자법규위반,도로형태_대분류,가해자_당사자종별,피해자_당사자종별,경도,위도,사상자수,반경500m카메라수,반경500m학교수,반경500m전광판수,반경500m사고건수
2022,1,5,6,주,수,서울,차대사람,보행자 보호의무 위반,단일로,건설기계,보행자,126.97997878,37.47695852,1.0,8,1,0,1
2022,1,5,21,야,수,인천,차대차,안전운전 의무 불이행,단일로,승용차,승합차,126.50431732,37.74011097,1.6,2,1,0,1
2022,1,5,22,야,수,부산,차대차,안전거리 미확보,기타,승용차,승용차,129.04510851,35.12486862,1.6,6,1,2,2
2022,1,5,22,야,수,강원,차대사람,기타,단일로,승용차,보행자,128.15192614,37.40898176,1.0,1,2,0,0
2022,1,6,1,야,목,경기,차량단독,안전운전 의무 불이행,단일로,승용차,없음,127.14029506,37.82285835,1.0,5,2,0,0
2022,1,6,8,주,목,경북,차대사람,기타,단일로,승용차,보행자,129.35145311,36.71923938,2.4,0,0,0,0
2022,1,6,15,주,목,경남,차대차,신호위반,교차로,이륜차,승용차,128.46999787,35.58930643,1.0,1,0,0,0
2022,1,6,18,야,목,경북,차량단독,안전운전 의무 불이행,단일로,화물차,없음,128.7071966,36.43246593,1.0,0,0,0,0
2022,1,6,20,야,목,경기,차대사람,안전운전 의무 불이행,단일로,이륜차,보행자,126.78500317,37.49412877,1.0,9,3,0,5
2022,1,6,21,야,목,서울,차대사람,신호위반,단일로,이륜차,보행자,127.01417244,37.54619303,1.0,4,4,0,0
2022,1,6,22,야,목,전남,차량단독,안전운전 의무 불이행,교차로,승용차,없음,126.15262541,34.65434586,1.7,0,0,0,0
2022,1,7,1,야,금,경남,차대차,중앙선 침범,단일로,승용차,승용차,128.72973374,35.11131189,2.0,0,0,0,0
2022,1,7,6,주,금,광주,차대차,중앙선 침범,단일로,자전거,승용차,126.88528363,35.16122973,1.0,5,1,0,3
2022,1,7,14,주,금,경북,차대차,안전운전 의무 불이행,단일로,화물차,화물차,128.95363307,36.45017311,2.0,0,0,0,0
2022,1,7,14,주,금,경남,차량단독,안전운전 의무 불이행,단일로,화물차,없음,128.51590868,34.90771548,1.0,0,0,0,1
2022,1,7,21,야,금,대구,차대사람,신호위반,교차로,승용차,보행자,128.55719381,35.83764583,1.0,17,0,0,2
2022,1,8,5,야,토,경기,차대사람,안전운전 의무 불이행,단일로,화물차,보행자,127.1250427,37.29036355,1.0,6,1,1,1
2022,1,8,6,주,토,경북,차대차,안전운전 의무 불이행,단일로,화물차,화물차,128.67707182,36.76702378,1.3,1,0,0,0
2022,1,8,6,주,토,경북,차대차,중앙선 침범,단일로,승용차,승용차,128.73286491,35.73965827,2.6,1,0,0,0
2022,1,8,10,주,토,충남,차대차,기타,교차로,원동기장치자전거,승합차,126.59073355,36.44706978,1.0,1,0,0,1
2022,1,8,18,야,토,경북,차대사람,안전운전 의무 불이행,단일로,화물차,보행자,129.08975106,36.62973834,1.0,0,0,0,1
2022,1,8,20,야,토,강원,차량단독,안전운전 의무 불이행,단일로,승용차,없음,127.65185154,38.11674394,3.7,0,0,0,0
2022,1,8,21,야,토,강원,차대차,기타,단일로,승용차,승합차,127.93975344,37.32204071,2.4,2,1,0,0
2022,1,9,1,야,일,경남,차량단독,기타,단일로,승용차,없음,128.77377648,35.13798769,1.0,2,0,1,0
2022,1,9,5,야,일,서울,차대차,안전운전 의무 불이행,단일로,승용차,승용차,126.91135998,37.5708097,2.5,7,3,0,3
2022,1,9,13,주,일,경북,차량단독,안전운전 의무 불이행,단일로,이륜차,없음,128.07528878,36.74590839,1.0,0,0,0,0
2022,1,9,18,야,일,경기,차대사람,안전운전 의무 불이행,단일로,승용차,보행자,127.05403198,36.96456186,1.0,7,2,0,4
2022,1,9,18,야,일,경기,차대차,교차로 통행방법 위반,교차로,승용차,이륜차,127.08365533,37.73130513,1.3,8,2,0,1
2022,1,9,21,야,일,경기,차대차,안전운전 의무 불이행,단일로,승용차,화물차,126.90152242,37.69337769,2.8,0,0,1,1
2022,1,10,2,야,월,경남,차대차,중앙선 침범,단일로,화물차,승용차,128.62160689,34.81387428,1.3,0,0,0,0
2022,1,10,3,야,월,전남,차대차,안전운전 의무 불이행,단일로,이륜차,승용차,126.59808824,34.5693791,1.0,12,2,0,1
2022,1,10,5,야,월,충남,차대차,중앙선 침범,단일로,승용차,승용차,126.99426665,36.85437287,4.1,0,0,0,0
2022,1,10,6,주,월,충남,차대차,안전운전 의무 불이행,단일로,건설기계,승용차,127.26120563,36.41012199,1.7,1,0,0,0
2022,1,10,6,주,월,인천,차대차,기타,교차로,화물차,건설기계,126.71983184,37.40495115,1.6,16,4,0,3
2022,1,10,9,주,월,대전,차량단독,안전운전 의무 불이행,단일로,화물차,없음,127.37748687,36.2846681,1.0,4,0,1,0
2022,1,10,10,주,월,인천,차대차,중앙선 침범,교차로,화물차,화물차,126.64753909,37.58133129,1.7,1,0,0,1
2022,1,10,13,주,월,경기,차대차,신호위반,교차로,자전거,승용차,126.92704062,36.98038704,1.0,15,2,0,2
2022,1,10,17,주,월,인천,차대사람,신호위반,단일로,특수차,보행자,126.69600744,37.46999541,1.0,10,4,0,3
2022,1,10,18,야,월,충남,차대사람,기타,교차로,승용차,보행자,127.10182461,36.15793147,1.0,0,0,0,0
2022,1,10,18,야,월,전북,차대사람,보행자 보호의무 위반,교차로,승용차,보행자,127.36960682,35.38908244,1.0,0,1,0,0
2022,1,10,20,야,월,경북,차대차,중앙선 침범,단일로,승용차,이륜차,128.35891048,36.10673957,1.0,2,1,0,0
2022,1,11,0,야,화,경기,차량단독,안전운전 의무 불이행,단일로,화물차,없음,127.35227087,37.25116756,1.0,8,1,0,1
2022,1,11,0,야,화,충북,차대사람,안전운전 의무 불이행,기타,승용차,보행자,127.44516828,36.63391496,1.0,4,1,0,1
2022,1,11,1,야,화,전북,차대차,중앙선 침범,교차로,자전거,화물차,126.92800709,35.6646687,1.0,2,0,0,0
2022,1,11,8,주,화,경북,차대사람,안전운전 의무 불이행,교차로,승용차,보행자,128.33291727,36.10924007,1.0,2,1,0,1
2022,1,12,7,주,수,경남,차대사람,보행자 보호의무 위반,교차로,승용차,보행자,127.90591909,35.68403396,1.0,25,1,0,0
2022,1,12,9,주,수,서울,차대사람,안전운전 의무 불이행,교차로,승용차,보행자,126.85551095,37.56411848,1.0,4,4,0,3
2022,1,12,10,주,수,전남,차량단독,안전운전 의무 불이행,단일로,화물차,없음,127.44846641,35.16615075,1.0,0,0,2,0
2022,1,12,13,주,수,서울,차대사람,신호위반,교차로,건설기계,보행자,126.83708122,37.51635332,1.0,4,3,0,4
2022,1,12,15,주,수,경기,차량단독,안전운전 의무 불이행,단일로,승용차,없음,127.01007969,37.30255396,1.7,6,1,0,2
2022,1,12,16,주,수,경북,차대차,신호위반,교차로,승용차,이륜차,129.37100988,36.01221256,1.0,1,0,0,3
2022,1,13,0,야,목,경기,차대사람,안전운전 의무 불이행,단일로,화물차,보행자,126.94463569,37.36827305,1.0,16,1,1,3
2022,1,13,7,주,목,충북,차대사람,보행자 보호의무 위반,단일로,승용차,보행자,127.37252084,36.66610587,1.0,2,1,0,2
2022,1,13,12,주,목,경북,차대사람,안전운전 의무 불이행,단일로,화물차,보행자,128.25883736,35.71276525,1.0,0,0,0,0
2022,1,13,15,주,목,경기,차대사람,안전운전 의무 불이행,단일로,이륜차,보행자,127.00219002,37.78638429,1.3,0,0,0,0
2022,1,13,22,야,목,서울,차대차,중앙선 침범,단일로,화물차,이륜차,126.89774403,37.5122616,2.6,5,2,0,2
2022,1,13,22,야,목,강원,차대사람,안전운전 의무 불이행,교차로,승용차,보행자,127.72821399,37.89914888,1.0,3,0,0,1
2022,1,13,23,야,목,충남,차대차,중앙선 침범,단일로,승용차,승용차,127.1283601,36.78266038,2.4,1,0,1,1
2022,1,14,4,야,금,전북,차량단독,안전운전 의무 불이행,교차로,승용차,없음,126.59462411,35.94894983,1.0,2,0,0,0
2022,1,14,10,주,금,경기,차대차,중앙선 침범,단일로,화물차,화물차,127.33495492,37.28539794,1.7,0,0,0,0
2022,1,14,20,야,금,경기,차대차,안전운전 의무 불이행,단일로,화물차,이륜차,126.85976554,37.44654235,1.0,2,0,1,1
2022,1,14,21,야,금,부산,차대차,안전운전 의무 불이행,단일로,이륜차,화물차,129.1828359,35.32142683,1.0,9,3,0,0
2022,1,15,13,주,토,경기,차대차,안전운전 의무 불이행,교차로,승용차,이륜차,127.17032774,37.43509831,1.0,4,1,0,0
2022,1,15,13,주,토,경남,차대차,안전거리 미확보,단일로,승용차,이륜차,128.70722551,35.14381748,1.0,3,3,0,1
2022,1,15,14,주,토,인천,차대차,중앙선 침범,교차로,이륜차,승용차,126.64566817,37.39082803,1.9,0,0,0,1
2022,1,15,16,주,토,전남,차량단독,안전운전 의무 불이행,기타,승용차,없음,126.51382583,34.40425321,1.0,0,0,0,0
2022,1,15,18,야,토,경기,차대차,안전운전 의무 불이행,단일로,승용차,기타,126.97598844,37.39560157,1.0,9,2,0,0
2022,1,15,18,야,토,경기,차대사람,보행자 보호의무 위반,교차로,승용차,보행자,127.11967719,37.70878549,1.0,5,2,0,2
2022,1,15,20,야,토,대전,차대차,기타,단일로,승용차,자전거,127.32052025,36.34179926,1.0,10,0,0,0
2022,1,15,21,야,토,경기,차대사람,보행자 보호의무 위반,교차로,승합차,보행자,126.86742828,37.4736514,1.0,10,2,2,2
2022,1,15,22,야,토,경남,차량단독,안전운전 의무 불이행,교차로,화물차,없음,128.41747451,35.11204887,2.4,2,1,0,0
2022,1,16,20,야,일,경기,차대차,안전운전 의무 불이행,단일로,원동기장치자전거,화물차,127.28130229,37.65766663,1.0,2,2,0,1
2022,1,16,21,야,일,충남,차대사람,안전운전 의무 불이행,단일로,승용차,보행자,127.13145272,36.9206385,1.0,6,2,0,0
2022,1,16,22,야,일,경남,차대차,신호위반,교차로,이륜차,승용차,128.90066347,35.23541447,1.3,10,2,0,3
2022,1,17,6,주,월,경기,차대사람,신호위반,교차로,승용차,보행자,127.10441775,37.34234261,1.0,1,0,0,2
2022,1,17,6,주,월,광주,차대사람,안전운전 의무 불이행,교차로,화물차,보행자,126.87109574,35.21276108,1.0,4,1,0,3
2022,1,17,14,주,월,제주,차량단독,안전운전 의무 불이행,단일로,이륜차,없음,126.56419685,33.50395023,1.0,1,0,2,0
2022,1,17,15,주,월,강원,차대사람,안전운전 의무 불이행,단일로,건설기계,보행자,128.20208145,37.35529759,1.3,0,0,0,0
2022,1,17,23,야,월,서울,차대차,신호위반,단일로,승용차,승용차,126.85861742,37.52798246,1.7,0,1,0,5
2022,1,17,23,야,월,인천,차대사람,안전운전 의무 불이행,교차로,화물차,보행자,126.63487013,37.46630973,1.0,10,3,0,6
2022,1,18,5,야,화,전남,차량단독,안전운전 의무 불이행,기타,승용차,없음,126.99585394,35.22869179,2.0,0,0,1,1
2022,1,18,6,주,화,전남,차대사람,안전운전 의무 불이행,단일로,승용차,보행자,126.75919995,35.07395205,1.0,1,0,0,0
2022,1,18,15,주,화,경기,차대사람,안전운전 의무 불이행,교차로,화물차,보행자,127.21425872,37.63553055,1.0,4,3,1,0
2022,1,18,16,주,화,대전,차대차,안전운전 의무 불이행,교차로,화물차,이륜차,127.43332155,36.36181244,1.0,12,1,0,2
2022,1,18,17,주,화,경기,차대사람,신호위반,교차로,이륜차,보행자,126.78904702,37.443416,1.7,4,2,1,2
2022,1,18,17,주,화,경기,차량단독,안전운전 의무 불이행,단일로,승용차,없음,126.83418801,37.24509716,1.7,0,0,0,0
2022,1,18,17,주,화,강원,차대사람,보행자 보호의무 위반,교차로,화물차,보행자,127.74946876,37.88454968,1.7,6,0,0,3
2022,1,18,18,야,화,전남,차대사람,교차로 통행방법 위반,교차로,승용차,보행자,126.59010656,34.35783384,1.0,0,0,0,0
2022,1,18,18,야,화,제주,차대차,안전운전 의무 불이행,단일로,승용차,농기계,126.63682389,33.50285407,1.0,0,0,0,0
2022,1,19,5,야,수,대구,차대사람,기타,교차로,승용차,보행자,128.56122004,35.85313536,1.0,3,0,0,2
2022,1,19,7,주,수,인천,차대사람,신호위반,단일로,승용차,보행자,126.70514567,37.48486637,1.0,5,4,0,1
2022,1,19,11,주,수,강원,차대차,안전운전 의무 불이행,단일로,승용차,화물차,128.29882099,37.91792978,2.6999999999999997,0,0,0,0
2022,1,19,12,주,수,전북,차대차,기타,교차로,화물차,승용차,126.76170718,35.90723275,1.0,0,0,0,0
2022,1,19,18,야,수,강원,차대차,안전거리 미확보,단일로,화물차,화물차,128.7984918,37.8871607,2.0,0,0,1,0
2022,1,19,19,야,수,전남,차대차,기타,교차로,승용차,승용차,126.74287755,34.32373946,1.3,4,3,0,0
2022,1,19,20,야,수,경기,차대차,안전운전 의무 불이행,단일로,화물차,화물차,127.42636896,37.23712983,1.0,1,0,0,0
2022,1,20,6,주,목,대구,차대사람,기타,단일로,승용차,보행자,128.49528404,35.85140065,1.7,6,1,0,4
2022,1,20,13,주,목,부산,차대사람,보행자 보호의무 위반,단일로,화물차,보행자,129.08108434,35.11991455,1.0,8,2,0,2
2022,1,20,17,주,목,경남,차대차,신호위반,교차로,이륜차,승용차,128.69660131,35.21361147,1.0,3,2,0,0
2022,1,21,4,야,금,충남,차량단독,안전운전 의무 불이행,단일로,승용차,없음,126.94523938,36.78230792,2.0,0,0,0,0
2022,1,21,5,야,금,전남,차대사람,안전운전 의무 불이행,단일로,건설기계,보행자,126.51294966,35.07521851,1.0,0,0,0,1
2022,1,21,7,주,금,경기,차대사람,안전운전 의무 불이행,단일로,승용차,보행자,126.80438118,37.48194102,1.0,0,0,1,4
2022,1,21,12,주,금,충북,차대차,안전운전 의무 불이행,단일로,화물차,화물차,127.49369925,36.81100614,2.9,0,0,0,1
2022,1,21,18,야,금,충남,차대차,안전운전 의무 불이행,단일로,이륜차,승용차,126.65539171,36.90304554,2.2,1,0,0,0
2022,1,22,12,주,토,부산,차량단독,안전운전 의무 불이행,교차로,자전거,없음,129.01540986,35.14781112,1.0,4,5,0,4
2022,1,22,13,주,토,서울,차대차,안전거리 미확보,단일로,원동기장치자전거,승용차,126.89475426,37.49295736,1.0,5,5,0,2
2022,1,22,20,야,토,충남,차량단독,안전운전 의무 불이행,교차로,승용차,없음,126.6844999,36.66477038,1.0,2,3,0,0
2022,1,22,20,야,토,전남,차량단독,안전운전 의무 불이행,단일로,농기계,없음,126.88309484,34.39678887,1.0,1,0,0,1
2022,1,22,23,야,토,충북,차량단독,안전운전 의무 불이행,기타,승용차,없음,127.54989978,36.75656473,1.0,1,0,0,0
2022,1,23,5,야,일,전남,차대사람,안전운전 의무 불이행,단일로,화물차,보행자,127.32890658,34.78125657,1.0,0,1,0,0
2022,1,23,6,주,일,인천,차대사람,안전운전 의무 불이행,단일로,승용차,보행자,126.61691505,37.45651449,1.3,1,0,0,1
2022,1,24,6,주,월,충남,차대사람,안전운전 의무 불이행,교차로,승용차,보행자,126.5124824,36.15187101,1.0,0,0,0,0
2022,1,24,6,주,월,충남,차대차,안전운전 의무 불이행,단일로,승용차,농기계,126.19794064,36.75939349,1.0,3,0,0,2
2022,1,24,8,주,월,부산,차대사람,보행자 보호의무 위반,단일로,승용차,보행자,129.09389107,35.13516425,1.0,5,1,1,2
2022,1,24,11,주,월,경남,차대차,중앙선 침범,단일로,특수차,승용차,128.4830645,35.02178059,1.0,0,0,0,0
2022,1,24,13,주,월,경기,차대사람,기타,교차로,화물차,보행자,126.89759813,37.65547492,1.0,10,0,1,3
2022,1,24,18,야,월,전남,차대사람,보행자 보호의무 위반,교차로,승용차,보행자,127.48419425,34.96014135,1.0,2,4,0,1
2022,1,24,18,야,월,경남,차량단독,안전운전 의무 불이행,단일로,화물차,없음,128.13579386,35.6110894,1.0,0,0,0,0
2022,1,24,19,야,월,경기,차대차,신호위반,교차로,이륜차,승용차,127.11278675,37.40322251,1.0,13,3,3,2
2022,1,24,19,야,월,경북,차대차,안전운전 의무 불이행,단일로,화물차,특수차,128.36106947,36.0907847,1.3,4,2,1,1
2022,1,25,1,야,화,서울,차량단독,안전운전 의무 불이행,단일로,이륜차,없음,126.84357509,37.53717466,1.0,2,1,0,2
2022,1,25,4,야,화,서울,차대차,안전운전 의무 불이행,단일로,승용차,화물차,127.05800471,37.45794189,1.0,4,0,0,0
2022,1,25,6,주,화,충북,차대사람,안전운전 의무 불이행,단일로,승용차,보행자,127.49430731,36.62349709,1.0,4,4,0,6
2022,1,25,11,주,화,경남,차대사람,보행자 보호의무 위반,단일로,화물차,보행자,128.32673818,34.97725655,1.0,3,2,0,1
2022,1,25,12,주,화,경남,차량단독,안전운전 의무 불이행,단일로,사륜오토바이(ATV),없음,127.94242745,35.02315244,1.3,0,0,0,0
2022,1,25,16,주,화,제주,차대사람,안전운전 의무 불이행,단일로,승합차,보행자,126.49524695,33.48858281,1.0,0,0,0,2
2022,1,25,19,야,화,강원,차대차,신호위반,교차로,이륜차,이륜차,128.89147144,37.75793134,1.0,9,1,2,2
2022,1,25,23,야,화,경기,차대차,안전운전 의무 불이행,단일로,승용차,화물차,126.87870392,37.11281509,1.0,1,0,1,0
2022,1,26,5,야,수,전북,차대차,기타,교차로,승용차,승용차,127.14868015,35.81367927,1.0,15,3,0,3
2022,1,26,14,주,수,충남,차대차,중앙선 침범,교차로,자전거,화물차,127.107266,36.199277,1.0,2,1,0,0
2022,1,26,16,주,수,전남,차량단독,안전운전 의무 불이행,기타,이륜차,없음,127.32233998,34.83630029,1.0,0,0,0,0
2022,1,26,21,야,수,충남,차대사람,안전운전 의무 불이행,기타,승용차,보행자,127.19241014,36.90551433,1.0,0,0,1,1
2022,1,27,2,야,목,경기,차량단독,안전운전 의무 불이행,단일로,이륜차,없음,127.22300355,37.27819406,1.0,1,1,1,1
2022,1,27,4,야,목,경기,차대사람,기타,단일로,화물차,보행자,127.1517647,37.44294109,1.0,14,1,0,1
2022,1,27,5,야,목,전남,차대차,안전운전 의무 불이행,단일로,특수차,화물차,126.78381213,35.29060542,1.7,5,0,0,0
2022,1,27,7,주,목,경남,차대사람,신호위반,단일로,화물차,보행자,128.60204422,35.43362577,1.0,3,1,0,0
2022,1,27,8,주,목,전남,차량단독,안전운전 의무 불이행,단일로,이륜차,없음,127.61593881,34.84907165,1.0,0,0,0,0
2022,1,27,10,주,목,경북,차량단독,안전운전 의무 불이행,단일로,이륜차,없음,129.29690872,36.42139478,1.0,0,0,0,1
2022,1,27,13,주,목,강원,차대사람,안전운전 의무 불이행,단일로,승용차,보행자,127.9880667,37.48850606,1.0,3,1,0,0
2022,1,27,21,야,목,서울,차대사람,안전운전 의무 불이행,단일로,승용차,보행자,127.13230595,37.54280725,1.0,6,2,0,5
2022,1,28,7,주,금,경북,차대사람,기타,단일로,승용차,보행자,129.22968249,35.85273613,1.0,1,0,0,1
2022,1,28,7,주,금,경기,차대차,안전운전 의무 불이행,단일로,화물차,승용차,127.03989922,37.70869045,1.0,12,0,2,0
2022,1,28,9,주,금,광주,차대차,안전운전 의무 불이행,교차로,승용차,자전거,126.90027144,35.20308965,1.0,3,1,0,1
2022,1,28,15,주,금,전북,차량단독,안전운전 의무 불이행,단일로,승용차,없음,127.17291444,35.38412049,1.0,0,0,0,0
2022,1,28,17,주,금,충북,차대차,안전운전 의무 불이행,교차로,화물차,이륜차,127.56563302,36.78722536,1.0,1,0,0,2
2022,1,28,22,야,금,경기,차대사람,안전운전 의무 불이행,기타,화물차,보행자,126.94650548,37.36433379,1.0,8,0,1,3
2022,1,28,22,야,금,경북,차량단독,안전운전 의무 불이행,단일로,승용차,없음,128.82416242,35.90362559,1.7,3,0,0,4
2022,1,29,10,주,토,부산,차대차,안전운전 의무 불이행,교차로,승용차,이륜차,128.84071588,35.08949645,1.0,2,0,0,0
2022,1,29,11,주,토,인천,차대차,교차로 통행방법 위반,교차로,승용차,이륜차,126.43577849,37.77572579,1.0,0,0,0,1
2022,1,29,15,주,토,충남,차량단독,안전운전 의무 불이행,교차로,이륜차,없음,126.9433751,36.8618078,1.0,0,0,0,0
2022,1,29,16,주,토,충북,차량단독,안전운전 의무 불이행,단일로,농기계,없음,127.43665797,36.91760552,1.0,0,0,0,0
2022,1,29,21,야,토,서울,차대사람,기타,교차로,원동기장치자전거,보행자,126.92521732,37.60364175,1.0,8,1,0,3
2022,1,30,20,야,일,충남,차량단독,안전운전 의무 불이행,기타,이륜차,없음,127.05166773,36.77921388,1.0,8,0,0,0
2022,1,30,20,야,일,경북,차대사람,기타,교차로,승용차,보행자,128.75172327,36.55894137,1.0,2,1,0,1
2022,1,30,21,야,일,서울,차대사람,안전운전 의무 불이행,단일로,승용차,보행자,126.88007881,37.49200695,1.0,4,0,0,1
2022,1,30,23,야,일,부산,차대사람,안전운전 의무 불이행,교차로,승용차,보행자,129.09640504,35.13013626,1.0,9,1,0,1
2022,1,31,6,주,월,광주,차대사람,기타,교차로,승용차,보행자,126.86962819,35.15383648,1.0,1,1,0,1
2022,1,31,16,주,월,전남,차대사람,보행자 보호의무 위반,단일로,승용차,보행자,126.42757699,34.80413736,1.0,7,2,0,4
2022,1,31,19,야,월,서울,차량단독,안전운전 의무 불이행,단일로,이륜차,없음,127.05836977,37.59369644,1.0,11,6,0,4
2022,1,31,20,야,월,강원,차대차,중앙선 침범,단일로,승용차,승용차,128.62446225,37.37609318,3.2,0,0,0,0
2022,1,31,23,야,월,인천,차대사람,안전운전 의무 불이행,단일로,승합차,보행자,126.72211398,37.49995067,1.0,6,3,0,5
2022,2,1,0,야,화,세종,차대차,안전운전 의무 불이행,단일로,승용차,이륜차,127.27455901,36.5479002,1.0,2,0,0,2
2022,2,2,0,야,수,충남,차량단독,안전운전 의무 불이행,단일로,원동기장치자전거,없음,126.85477084,36.3071512,1.0,0,0,0,0
2022,2,2,4,야,수,부산,차량단독,안전운전 의무 불이행,교차로,화물차,없음,129.17602998,35.31625623,1.0,4,0,0,0
2022,2,2,6,주,수,전남,차대사람,안전운전 의무 불이행,단일로,승용차,보행자,126.76829006,35.28623857,1.0,0,0,0,0
2022,2,2,15,주,수,제주,차량단독,기타,교차로,이륜차,없음,126.57148811,33.46031604,1.0,0,0,0,1
2022,2,2,20,야,수,인천,차대사람,안전운전 의무 불이행,단일로,승용차,보행자,126.7253113,37.44887421,1.0,6,1,1,3
2022,2,2,21,야,수,부산,차대사람,기타,단일로,승용차,보행자,128.98281305,35.17049347,1.0,12,4,0,4
2022,2,3,3,야,목,경북,철길건널목,기타,철길건널목,화물차,기타,128.88353692,36.00360169,2.0,0,0,0,0
2022,2,3,4,야,목,경기,차대차,안전운전 의무 불이행,단일로,승용차,승용차,126.8089513,37.37243451,1.0,6,2,0,2
2022,2,3,10,주,목,경기,차대사람,안전운전 의무 불이행,교차로,화물차,보행자,127.04714237,37.71345947,1.0,9,2,0,2
2022,2,3,12,주,목,경북,차대차,중앙선 침범,단일로,승용차,승합차,129.37211106,37.087575,2.8,0,0,0,0
2022,2,3,20,야,목,경북,차대차,신호위반,교차로,승합차,이륜차,129.35584031,36.02015567,1.3,8,3,0,0
2022,2,3,22,야,목,울산,차대사람,안전운전 의무 불이행,단일로,승용차,보행자,129.30916535,35.5372228,1.0,3,1,0,2
2022,2,4,0,야,금,경기,차대차,중앙선 침범,단일로,승용차,화물차,127.37367942,37.24734334,2.0,0,0,0,1
2022,2,4,6,주,금,서울,차대사람,안전운전 의무 불이행,교차로,승용차,보행자,126.86369361,37.52994781,1.0,0,0,0,5
2022,2,4,13,주,금,인천,차대사람,보행자 보호의무 위반,교차로,화물차,보행자,126.73864262,37.52779271,1.0,14,1,0,0
2022,2,4,16,주,금,경북,차대차,중앙선 침범,단일로,승용차,승용차,128.73346258,36.58759939,1.7,0,0,0,1
2022,2,5,6,주,토,경남,차대사람,안전운전 의무 불이행,교차로,승용차,보행자,129.15566312,35.37686073,1.0,5,1,0,3
2022,2,5,15,주,토,경기,차량단독,안전운전 의무 불이행,단일로,승용차,없음,127.64992903,37.3199325,1.0,0,0,0,0
2022,2,6,18,야,일,경북,차대차,안전운전 의무 불이행,단일로,승용차,자전거,128.26854492,35.93222409,1.0,0,0,0,0
2022,2,6,18,야,일,경남,차량단독,안전운전 의무 불이행,단일로,화물차,없음,127.87390204,35.20008415,1.0,0,0,0,0
2022,2,6,21,야,일,서울,차대차,신호위반,교차로,승합차,이륜차,126.90052426,37.45463401,1.0,11,1,0,3
2022,2,7,9,주,월,충남,차대사람,보행자 보호의무 위반,교차로,승합차,보행자,127.00674302,36.78584216,1.0,11,5,0,3
2022,2,7,12,주,월,경남,차대차,안전운전 의무 불이행,단일로,화물차,농기계,127.84135528,34.97703026,1.0,0,0,0,0
2022,2,7,14,주,월,충남,차대사람,보행자 보호의무 위반,교차로,승용차,보행자,126.63053431,36.89373474,1.0,4,1,0,1
2022,2,7,17,주,월,경북,차대차,중앙선 침범,단일로,승용차,화물차,128.22391782,36.1569462,3.6,3,0,1,1
2022,2,7,22,야,월,서울,차대사람,안전운전 의무 불이행,단일로,이륜차,보행자,126.93964324,37.50784387,1.0,4,1,0,3
2022,2,8,0,야,화,경기,차량단독,안전운전 의무 불이행,단일로,원동기장치자전거,없음,127.04671671,37.73304364,1.0,15,2,2,3
2022,2,8,1,야,화,경기,차량단독,안전운전 의무 불이행,단일로,이륜차,없음,126.88927137,37.67966882,1.0,1,0,0,2
2022,2,8,3,야,화,서울,차량단독,안전운전 의무 불이행,단일로,이륜차,승용차,127.00596273,37.53112441,1.0,0,0,0,5
2022,2,8,5,야,화,경기,차대차,안전운전 의무 불이행,단일로,화물차,승용차,127.0795856,37.02431219,1.6,7,0,0,1
2022,2,8,13,주,화,경북,차대차,안전운전 의무 불이행,교차로,화물차,건설기계,129.24194552,35.81904164,1.0,0,0,0,2
2022,2,8,19,야,화,경기,차대차,안전운전 의무 불이행,교차로,화물차,승용차,127.05451355,37.07649452,1.0,20,3,0,2
2022,2,9,0,야,수,대전,차량단독,안전운전 의무 불이행,단일로,이륜차,없음,127.42840075,36.4404053,1.0,0,1,1,3
2022,2,9,5,야,수,경북,차량단독,안전운전 의무 불이행,단일로,승용차,없음,128.89542485,36.08441008,1.0,0,0,0,0
2022,2,9,5,야,수,인천,차대차,신호위반,교차로,건설기계,자전거,126.61265719,37.59464818,1.0,0,0,0,0
2022,2,9,6,주,수,충북,차대차,안전운전 의무 불이행,단일로,화물차,승용차,127.77308308,37.10008426,1.0,0,0,0,0
2022,2,9,8,주,수,경기,차대사람,보행자 보호의무 위반,교차로,승합차,보행자,127.26052752,36.97969818,1.0,4,0,1,0
2022,2,9,12,주,수,인천,차대사람,보행자 보호의무 위반,교차로,승합차,보행자,126.7174199,37.53020477,1.0,18,6,0,1
2022,2,9,18,야,수,경기,차대사람,안전운전 의무 불이행,단일로,승용차,보행자,127.00638237,37.28298746,1.0,2,1,0,1
2022,2,9,19,야,수,충남,차대차,안전운전 의무 불이행,단일로,승용차,승용차,126.56763083,36.35041318,3.3999999999999995,0,0,0,0
2022,2,9,19,야,수,제주,차대차,안전운전 의무 불이행,교차로,승용차,승용차,126.56842595,33.25713147,1.0,1,2,0,2
2022,2,10,2,야,목,부산,차대차,신호위반,교차로,이륜차,승용차,129.08684962,35.13484194,1.0,10,2,0,5
2022,2,10,5,야,목,경기,차대사람,안전운전 의무 불이행,단일로,특수차,보행자,126.8227183,37.00665516,1.0,2,0,0,0