발생년,발생월,발생일,발생시,주야,요일,발생지시도,사고유형_대분류,가해자법규위반,도로형태_대분류,가해자_당사자종별,피해자_당사자종별,경도,위도,사상자수,반경500m카메라수,반경500m학교수,반경500m전광판수,반경500m사고건수
2022,2,10,5,야,목,전북,차대차,안전운전 의무 불이행,단일로,승용차,승합차,127.14058435,35.38992563,1.0,2,0,1,0
2022,2,10,6,주,목,전북,차대차,안전운전 의무 불이행,교차로,승용차,기타,126.72018216,35.98738183,1.0,4,0,1,1
2022,2,10,6,주,목,경남,차량단독,안전운전 의무 불이행,단일로,화물차,없음,128.74944738,35.36823889,1.0,0,0,0,0
2022,2,10,7,주,목,충남,차대사람,안전운전 의무 불이행,단일로,승용차,보행자,126.44536694,36.78349662,1.0,13,3,0,0
2022,2,10,13,주,목,전남,차대차,안전운전 의무 불이행,교차로,화물차,화물차,126.69229457,34.81927564,1.3,2,0,0,0
2022,2,10,15,주,목,경남,차량단독,안전운전 의무 불이행,단일로,농기계,없음,128.16509671,35.38632124,1.0,0,0,0,0
2022,2,10,19,야,목,경북,차대차,안전운전 의무 불이행,단일로,특수차,승용차,128.36913676,35.76900035,2.6999999999999997,0,0,0,1
2022,2,10,21,야,목,경북,차대사람,안전운전 의무 불이행,교차로,승용차,보행자,128.72876428,35.83394935,1.0,9,1,0,1
2022,2,11,1,야,금,서울,차대사람,안전운전 의무 불이행,단일로,승용차,보행자,127.07262264,37.49207623,1.0,10,3,0,1
2022,2,11,10,주,금,전남,차대차,안전운전 의무 불이행,단일로,화물차,이륜차,126.21707511,34.48594029,1.0,0,0,0,0
2022,2,11,12,주,금,충북,차대차,안전운전 의무 불이행,교차로,승용차,승용차,127.82557995,36.97328233,1.9,1,0,1,2
2022,2,11,15,주,금,강원,차량단독,안전운전 의무 불이행,단일로,화물차,없음,128.17340342,37.37957599,1.0,0,0,0,0
2022,2,11,18,야,금,광주,차대사람,안전운전 의무 불이행,교차로,화물차,보행자,126.8807667,35.16901547,1.0,1,1,0,1
2022,2,11,21,야,금,서울,차대사람,안전운전 의무 불이행,단일로,승용차,보행자,126.9055118,37.48159181,1.0,18,1,0,6
2022,2,11,21,야,금,전남,차대사람,안전운전 의무 불이행,기타,승용차,보행자,126.43040637,34.80175467,1.0,6,1,0,4
2022,2,11,22,야,금,서울,차량단독,안전운전 의무 불이행,단일로,승용차,없음,127.12355018,37.46954411,1.0,8,0,0,2
2022,2,12,5,야,토,경북,차대사람,안전운전 의무 불이행,단일로,화물차,보행자,128.81003441,36.52682745,1.0,0,0,0,0
2022,2,12,14,주,토,충남,차대차,안전운전 의무 불이행,교차로,이륜차,건설기계,127.15878312,36.78109283,1.7,14,1,0,0
2022,2,12,15,주,토,충남,차대차,안전운전 의무 불이행,교차로,자전거,승용차,127.12168454,36.83428436,1.0,7,0,0,0
2022,2,12,15,주,토,충남,차대차,기타,단일로,승용차,자전거,126.54283267,36.60016295,1.0,0,0,0,1
2022,2,12,17,주,토,경기,차대차,중앙선 침범,기타,화물차,화물차,127.2621003,37.04830083,2.4,2,1,0,0
2022,2,12,18,야,토,경기,차량단독,안전운전 의무 불이행,교차로,이륜차,없음,127.17327285,37.59461125,1.0,2,0,0,1
2022,2,12,21,야,토,경남,차대차,기타,단일로,건설기계,이륜차,128.64299155,35.25467665,1.0,2,5,0,0
2022,2,12,23,야,토,경남,차대차,기타,단일로,승용차,승용차,128.56668758,35.10114366,2.7,0,0,0,0
2022,2,13,4,야,일,대구,차대사람,안전운전 의무 불이행,단일로,승용차,보행자,128.6246753,35.86723551,1.0,3,3,0,5
2022,2,13,12,주,일,전남,차대차,안전운전 의무 불이행,단일로,원동기장치자전거,화물차,126.41814737,34.83053725,1.0,2,0,0,0
2022,2,13,19,야,일,충남,차대사람,안전운전 의무 불이행,교차로,화물차,보행자,126.5678669,36.99959086,1.0,2,0,0,0
2022,2,13,21,야,일,경기,차대차,안전운전 의무 불이행,단일로,승용차,승합차,127.04203001,37.15990016,1.0,2,0,1,1
2022,2,14,14,주,월,충북,차대차,안전운전 의무 불이행,단일로,화물차,건설기계,127.34124975,36.61431337,1.7,1,0,0,0
2022,2,14,14,주,월,전남,차량단독,안전운전 의무 불이행,단일로,승용차,없음,127.20899848,34.96720612,1.7,0,0,0,0
2022,2,14,16,주,월,충남,차대차,안전운전 의무 불이행,단일로,승용차,자전거,127.46862474,36.18942298,1.0,3,2,0,0
2022,2,14,18,야,월,충남,차대사람,안전운전 의무 불이행,단일로,승용차,보행자,127.1399999,36.47579152,1.0,8,1,0,1
2022,2,15,7,주,화,경기,차대차,신호위반,교차로,이륜차,화물차,126.9893722,37.81383747,1.0,2,0,0,1
2022,2,15,19,야,화,경기,차대사람,보행자 보호의무 위반,단일로,화물차,보행자,126.80567459,37.48150696,1.0,0,2,1,4
2022,2,15,22,야,화,경기,차대사람,신호위반,교차로,승용차,보행자,126.88084207,37.44611383,1.0,8,0,1,0
2022,2,16,6,주,수,서울,차대사람,안전운전 의무 불이행,단일로,승합차,보행자,126.86801211,37.54930488,1.0,3,3,0,6
2022,2,16,10,주,수,경남,차대차,중앙선 침범,단일로,화물차,화물차,127.89633489,35.26799212,1.3,0,0,0,0
2022,2,16,14,주,수,대전,차대사람,안전운전 의무 불이행,교차로,승용차,보행자,127.3478518,36.33230787,1.0,1,1,0,4
2022,2,16,18,야,수,인천,차대차,안전운전 의무 불이행,단일로,승용차,농기계,126.52216345,37.70264014,1.0,0,0,0,0
2022,2,17,2,야,목,전북,차대차,안전운전 의무 불이행,단일로,화물차,화물차,127.03396599,35.82743557,1.7,0,0,0,1
2022,2,17,19,야,목,경북,차량단독,안전운전 의무 불이행,단일로,이륜차,없음,129.34372596,36.09735269,1.0,1,0,0,2
2022,2,18,13,주,금,경북,차량단독,안전운전 의무 불이행,단일로,이륜차,없음,128.81148626,35.81155509,1.0,1,0,0,1
2022,2,18,19,야,금,충남,차대차,신호위반,교차로,승용차,이륜차,126.78921454,36.49030052,1.0,2,0,0,0
2022,2,18,20,야,금,경남,차대차,신호위반,교차로,원동기장치자전거,승합차,128.67401107,35.2447501,1.0,2,4,0,2
2022,2,19,0,야,토,전남,차량단독,안전운전 의무 불이행,단일로,이륜차,없음,126.77199535,34.64113127,1.0,4,1,0,1
2022,2,19,8,주,토,충북,차대차,안전운전 의무 불이행,교차로,승용차,건설기계,127.371517,36.67086467,1.3,1,1,0,0
2022,2,19,8,주,토,경북,차대차,중앙선 침범,단일로,승용차,승합차,129.20500269,35.86215795,1.0,0,0,0,0
2022,2,19,10,주,토,경북,차량단독,안전운전 의무 불이행,단일로,화물차,없음,128.92158884,36.041092,1.0,0,1,0,0
2022,2,19,11,주,토,전북,차대차,안전거리 미확보,단일로,자전거,승용차,127.37958629,35.40158113,1.0,1,1,1,1
2022,2,19,15,주,토,경기,차량단독,안전운전 의무 불이행,단일로,자전거,없음,127.06493898,37.8305717,1.0,2,1,0,1
2022,2,19,21,야,토,경북,차량단독,안전운전 의무 불이행,교차로,승용차,없음,128.03289345,36.01423851,1.0,1,0,0,0
2022,2,20,5,야,일,충남,차대사람,안전운전 의무 불이행,단일로,승용차,보행자,126.67357237,36.60357529,1.0,0,0,0,1
2022,2,20,7,주,일,경북,차량단독,안전운전 의무 불이행,단일로,승용차,없음,128.31806489,36.31251225,1.0,0,0,1,1
2022,2,20,11,주,일,경북,차량단독,안전운전 의무 불이행,교차로,사륜오토바이(ATV),없음,128.33187057,36.20793908,1.0,3,0,0,0
2022,2,20,14,주,일,경기,차량단독,안전운전 의무 불이행,단일로,농기계,없음,127.47294833,37.40894625,1.0,0,0,0,1
2022,2,20,16,주,일,경기,차대차,기타,단일로,승합차,승용차,127.05071952,37.01780625,6.199999999999999,1,0,0,1
2022,2,20,18,야,일,경기,차대사람,안전운전 의무 불이행,단일로,승용차,보행자,127.19435688,37.64645,1.0,0,0,0,0
2022,2,20,20,야,일,서울,차량단독,안전운전 의무 불이행,단일로,이륜차,없음,127.10899369,37.49597891,1.0,4,1,0,1
2022,2,20,21,야,일,충남,차량단독,안전운전 의무 불이행,단일로,승용차,없음,126.68634446,36.39513903,1.0,1,0,0,0
2022,2,21,20,야,월,충남,차대사람,안전운전 의무 불이행,단일로,승용차,보행자,126.68294263,36.93403104,1.0,1,2,0,0
2022,2,22,0,야,화,서울,차대사람,안전운전 의무 불이행,단일로,승용차,보행자,127.10197513,37.61605167,1.3,2,0,2,0
2022,2,22,5,야,화,경기,차대차,안전운전 의무 불이행,단일로,화물차,승용차,126.8104528,37.50432109,1.0,3,0,0,1
2022,2,22,6,주,화,부산,차대사람,안전운전 의무 불이행,교차로,건설기계,보행자,129.07469321,35.12480334,1.0,6,1,0,1
2022,2,22,7,주,화,경기,차량단독,안전운전 의무 불이행,교차로,화물차,없음,126.55467617,37.68287828,1.0,0,0,0,1
2022,2,22,10,주,화,경북,차대차,안전거리 미확보,교차로,이륜차,승용차,128.82132308,35.99334979,1.0,3,2,0,1
2022,2,22,10,주,화,경북,차대차,안전운전 의무 불이행,교차로,화물차,이륜차,128.28358738,35.76331302,1.7,2,0,0,2
2022,2,22,10,주,화,경기,차대차,안전운전 의무 불이행,단일로,화물차,승용차,126.74579171,37.26885038,1.0,0,0,0,0
2022,2,22,11,주,화,경남,차대사람,안전운전 의무 불이행,단일로,화물차,보행자,128.08460287,34.94804088,1.0,0,1,0,0
2022,2,22,22,야,화,전북,차량단독,기타,교차로,승용차,없음,126.90403426,35.9266143,2.6,1,0,0,2
2022,2,23,2,야,수,서울,차량단독,안전운전 의무 불이행,단일로,이륜차,없음,127.15385445,37.54134909,2.0,4,2,1,1
2022,2,23,4,야,수,서울,차대사람,안전운전 의무 불이행,교차로,승용차,보행자,126.90783625,37.56819621,1.0,18,4,0,5
2022,2,23,6,주,수,전북,차대사람,기타,교차로,화물차,보행자,126.85315318,35.56177409,1.0,2,1,0,3
2022,2,23,9,주,수,경기,차대차,안전운전 의무 불이행,단일로,화물차,화물차,127.4572901,37.08348922,3.8,2,0,1,0
2022,2,23,10,주,수,경기,차대사람,기타,기타,승용차,보행자,127.11999638,37.37841293,1.0,8,2,3,2
2022,2,23,12,주,수,경북,철길건널목,기타,철길건널목,승용차,기타,128.21041299,36.60340385,1.7,0,1,0,2
2022,2,23,22,야,수,경북,차대사람,보행자 보호의무 위반,교차로,승용차,보행자,128.34430896,36.06803159,1.0,3,2,0,1
2022,2,23,22,야,수,경남,차량단독,안전운전 의무 불이행,단일로,승용차,없음,128.92487607,35.39613121,1.0,0,0,0,0
2022,2,24,12,주,목,울산,차대차,안전운전 의무 불이행,교차로,화물차,화물차,129.35863516,35.64950954,2.2,5,0,0,0
2022,2,24,13,주,목,경기,차대사람,신호위반,교차로,승합차,보행자,126.75537676,37.51570423,1.7,3,1,0,1
2022,2,24,14,주,목,충북,차대사람,안전운전 의무 불이행,단일로,화물차,보행자,127.50569792,36.84586598,1.0,0,0,0,1
2022,2,24,20,야,목,부산,차대차,신호위반,교차로,화물차,자전거,128.826962,35.09436338,1.0,1,0,0,2
2022,2,25,0,야,금,경남,차량단독,안전운전 의무 불이행,교차로,승용차,없음,128.35856473,35.02984876,1.0,0,0,0,0
2022,2,25,5,야,금,서울,차대사람,안전운전 의무 불이행,단일로,승용차,보행자,126.88763057,37.49674239,1.0,7,5,0,3
2022,2,25,8,주,금,전북,차량단독,안전운전 의무 불이행,단일로,이륜차,없음,126.91179198,35.80093347,1.0,4,0,0,3
2022,2,25,9,주,금,서울,차대사람,보행자 보호의무 위반,교차로,승합차,보행자,126.93537162,37.50564225,1.0,2,4,0,4
2022,2,25,9,주,금,경기,차대차,안전운전 의무 불이행,단일로,화물차,건설기계,127.47674964,37.50369041,1.3,1,0,0,0
2022,2,25,12,주,금,경남,차대차,안전운전 의무 불이행,단일로,건설기계,자전거,128.65055178,35.2420631,1.0,4,0,1,3
2022,2,25,13,주,금,충남,차대차,신호위반,교차로,이륜차,승합차,126.4730836,36.78583948,1.0,6,0,0,1
2022,2,25,14,주,금,전남,차량단독,안전운전 의무 불이행,교차로,원동기장치자전거,없음,127.37471586,34.6779499,1.0,0,0,0,0
2022,2,25,16,주,금,전남,차대차,안전운전 의무 불이행,단일로,이륜차,승용차,126.98975681,35.30379525,1.0,0,0,0,0
2022,2,25,16,주,금,경기,차대사람,보행자 보호의무 위반,교차로,화물차,보행자,126.84498764,37.73754827,1.0,0,0,0,0
2022,2,25,18,야,금,서울,차대사람,안전운전 의무 불이행,단일로,승용차,보행자,126.97424335,37.55456678,1.0,2,0,0,3
2022,2,25,19,야,금,대구,차량단독,안전운전 의무 불이행,단일로,자전거,없음,128.6708243,35.91353101,1.0,0,0,0,0
2022,2,26,2,야,토,광주,차대차,안전운전 의무 불이행,교차로,승용차,이륜차,126.88391725,35.15313452,1.0,2,2,0,3
2022,2,26,3,야,토,충남,차대사람,신호위반,교차로,승용차,보행자,127.13262344,36.80750909,1.0,10,4,0,3
2022,2,26,10,주,토,경기,차대차,안전운전 의무 불이행,교차로,자전거,화물차,127.017049,37.27141252,1.0,5,2,0,3
2022,2,26,11,주,토,강원,차량단독,안전운전 의무 불이행,단일로,승용차,없음,128.87058572,37.26495904,1.0,0,0,0,0
2022,2,26,19,야,토,충북,차대사람,신호위반,교차로,이륜차,보행자,127.48646831,36.61755557,1.0,3,2,0,4
2022,2,26,19,야,토,경남,차량단독,안전운전 의무 불이행,단일로,사륜오토바이(ATV),없음,128.26937883,35.35526205,1.3,0,0,0,1
2022,2,26,19,야,토,경남,차대차,안전운전 의무 불이행,단일로,화물차,원동기장치자전거,128.7970804,35.29413789,1.0,0,0,0,0
2022,2,26,22,야,토,경남,차대사람,안전운전 의무 불이행,교차로,승용차,보행자,128.5871885,35.21793457,1.0,6,2,0,2
2022,2,27,11,주,일,경남,차대차,교차로 통행방법 위반,교차로,승용차,이륜차,128.70276844,35.33061888,1.0,0,0,0,1
2022,2,27,13,주,일,부산,차대사람,안전운전 의무 불이행,단일로,승용차,보행자,129.03557865,35.16494922,1.0,6,4,0,3
2022,2,27,14,주,일,충북,차대차,교차로 통행방법 위반,교차로,승용차,사륜오토바이(ATV),127.77133203,36.91794356,1.0,0,0,0,0
2022,2,28,7,주,월,전남,차대사람,신호위반,단일로,화물차,보행자,127.49949625,34.9430632,1.0,5,1,0,4
2022,2,28,17,주,월,경남,차대차,중앙선 침범,단일로,승용차,승용차,128.68123763,34.98743575,1.6,2,1,0,0
2022,2,28,19,야,월,전남,차대차,기타,교차로,승용차,이륜차,126.44737244,34.78885471,1.0,0,0,0,1
2022,2,28,19,야,월,경남,차대사람,안전운전 의무 불이행,단일로,승용차,보행자,128.66064976,35.3027914,1.0,0,0,0,1
2022,2,28,23,야,월,부산,차대차,신호위반,교차로,승용차,이륜차,129.04141993,35.15565156,1.0,2,1,1,1
2022,3,1,9,주,화,광주,차대차,안전거리 미확보,단일로,자전거,승용차,126.92354715,35.13350101,1.0,4,1,0,0
2022,3,1,15,주,화,전북,차량단독,기타,단일로,승용차,없음,127.07302176,35.34573076,2.0,0,0,0,0
2022,3,2,5,야,수,대전,차대사람,안전운전 의무 불이행,교차로,건설기계,보행자,127.40115697,36.33199421,1.0,12,2,0,2
2022,3,2,13,주,수,대전,차대차,신호위반,교차로,이륜차,승용차,127.43205215,36.34748624,1.3,11,1,0,4
2022,3,2,14,주,수,부산,차대차,안전운전 의무 불이행,교차로,화물차,화물차,128.95529058,35.15476042,2.5999999999999996,2,0,1,0
2022,3,2,16,주,수,경기,차대사람,안전운전 의무 불이행,교차로,승용차,보행자,126.81626694,37.20944418,1.0,6,1,0,0
2022,3,2,19,야,수,경북,차대차,안전운전 의무 불이행,단일로,특수차,화물차,128.82959226,36.04315733,1.7,1,0,0,1
2022,3,2,23,야,수,경기,차대사람,기타,단일로,승용차,보행자,127.20859253,37.23297223,1.0,1,2,0,3
2022,3,2,23,야,수,제주,차대사람,기타,단일로,승용차,보행자,126.42696672,33.46281109,1.0,0,0,1,0
2022,3,2,23,야,수,대구,차대차,기타,단일로,승용차,승합차,128.52834595,35.86642186,1.0,1,1,0,0
2022,3,3,3,야,목,서울,차대차,신호위반,교차로,승용차,이륜차,126.91714432,37.58998291,1.0,11,1,0,1
2022,3,3,9,주,목,경기,차대사람,안전운전 의무 불이행,단일로,특수차,보행자,126.9450023,37.35069792,1.0,13,1,0,3
2022,3,3,12,주,목,경기,차대사람,안전운전 의무 불이행,교차로,승용차,보행자,126.97288452,37.38388795,1.0,6,2,0,2
2022,3,3,16,주,목,경기,차대차,안전운전 의무 불이행,단일로,화물차,승용차,126.85095882,37.03499146,1.9,2,0,0,0
2022,3,3,17,주,목,경남,차량단독,안전운전 의무 불이행,단일로,화물차,없음,128.98557684,35.24569,1.0,0,0,0,0
2022,3,3,21,야,목,전남,차대사람,안전운전 의무 불이행,기타,승용차,보행자,126.40437515,34.84077465,1.0,0,0,0,0
2022,3,4,9,주,금,제주,차대차,기타,교차로,이륜차,사륜오토바이(ATV),126.76150036,33.5513902,1.3,0,0,0,1
2022,3,4,15,주,금,경북,차량단독,안전운전 의무 불이행,단일로,화물차,없음,128.04493628,36.74647494,1.0,0,0,0,0
2022,3,4,20,야,금,경북,차대차,기타,단일로,승용차,승용차,129.36499014,36.09943935,1.0,1,0,0,0
2022,3,4,20,야,금,대전,차대차,신호위반,교차로,승용차,이륜차,127.42660606,36.37931638,1.0,4,0,0,0
2022,3,4,21,야,금,전북,차량단독,안전운전 의무 불이행,단일로,화물차,없음,127.49601354,35.62132342,1.0,0,0,1,0
2022,3,5,0,야,토,서울,차대사람,안전운전 의무 불이행,단일로,승용차,보행자,127.09841652,37.59931968,1.0,7,1,6,3
2022,3,5,1,야,토,경기,차량단독,안전운전 의무 불이행,단일로,이륜차,없음,127.36098141,37.66364616,1.0,0,0,0,1
2022,3,5,6,주,토,전북,차대차,안전운전 의무 불이행,단일로,자전거,승용차,127.14532759,35.83326153,1.0,7,1,0,3
2022,3,5,7,주,토,경북,차대사람,안전운전 의무 불이행,단일로,화물차,보행자,128.19165737,36.57902081,1.0,5,0,0,1
2022,3,5,14,주,토,부산,차대차,신호위반,교차로,이륜차,승용차,128.90475749,35.0889246,1.6,2,0,0,2
2022,3,5,17,주,토,경기,차대차,안전운전 의무 불이행,단일로,승용차,개인형이동장치(PM),126.78925092,37.85847775,1.0,10,0,2,1
2022,3,5,22,야,토,경기,차대사람,기타,교차로,승용차,보행자,126.74153721,37.35334507,1.0,2,1,1,4
2022,3,5,22,야,토,충북,차량단독,안전운전 의무 불이행,단일로,승용차,없음,127.57350744,36.64127014,1.7,0,0,0,0
2022,3,6,10,주,일,전남,차량단독,안전운전 의무 불이행,단일로,화물차,없음,126.66726578,34.69958945,1.0,0,0,0,0
2022,3,6,14,주,일,충남,차대차,기타,단일로,이륜차,승용차,127.19263671,36.2081005,1.0,1,1,0,0
2022,3,6,19,야,일,충북,차량단독,안전운전 의무 불이행,교차로,승용차,없음,127.63740725,37.06839948,1.0,0,0,0,0
2022,3,6,19,야,일,경남,차대차,안전운전 의무 불이행,교차로,이륜차,이륜차,128.58322032,35.22110791,1.0,11,1,0,1
2022,3,6,20,야,일,경남,차대사람,보행자 보호의무 위반,단일로,화물차,보행자,127.80262815,35.24440376,1.0,0,0,0,1
2022,3,7,6,주,월,강원,차량단독,기타,단일로,승용차,없음,128.88118545,37.77129186,2.0,5,2,0,1
2022,3,7,7,주,월,경남,차량단독,안전운전 의무 불이행,단일로,승용차,없음,128.10146531,35.23599289,2.7,0,0,0,0
2022,3,8,8,주,화,경남,차량단독,안전운전 의무 불이행,단일로,화물차,없음,127.85426705,35.01658863,1.0,0,0,0,1
2022,3,8,11,주,화,경기,차량단독,안전운전 의무 불이행,단일로,승용차,없음,127.37157438,37.69478139,1.0,1,0,0,0
2022,3,8,15,주,화,충남,차대사람,안전운전 의무 불이행,단일로,화물차,보행자,126.4779246,36.55998653,1.0,0,0,1,0
2022,3,8,17,주,화,강원,차대차,교차로 통행방법 위반,교차로,화물차,승용차,128.55792979,37.63679359,2.4,1,3,0,0
2022,3,9,11,주,수,충남,차대차,안전운전 의무 불이행,기타,화물차,이륜차,127.12201816,36.83941474,1.0,7,1,0,0
2022,3,9,19,야,수,서울,차대차,신호위반,교차로,승합차,이륜차,127.02448973,37.50448428,1.0,12,1,0,1
2022,3,9,19,야,수,충남,차대사람,기타,교차로,승용차,보행자,127.06550249,36.93671374,1.0,0,0,0,1
2022,3,9,21,야,수,전남,차대사람,안전운전 의무 불이행,단일로,승용차,보행자,126.40531319,34.79881736,1.0,5,5,0,5
2022,3,10,7,주,목,경기,차대사람,안전운전 의무 불이행,교차로,화물차,보행자,126.80054193,37.47519426,1.0,8,3,0,3
2022,3,10,9,주,목,전남,차대차,안전운전 의무 불이행,교차로,건설기계,이륜차,126.77506392,34.63958047,1.0,4,1,0,1
2022,3,10,11,주,목,경기,차대사람,안전운전 의무 불이행,단일로,승용차,보행자,126.8400078,37.3146445,1.0,13,1,1,1
2022,3,10,19,야,목,충남,차대사람,안전운전 의무 불이행,교차로,화물차,보행자,126.79543549,36.86436728,1.0,0,0,0,0
2022,3,10,19,야,목,제주,차대차,신호위반,교차로,승용차,이륜차,126.44475557,33.46090744,1.0,1,0,2,1
2022,3,10,19,야,목,대전,차량단독,안전운전 의무 불이행,교차로,개인형이동장치(PM),없음,127.36894268,36.35314946,1.0,12,4,0,5
2022,3,11,7,주,금,강원,차대차,중앙선 침범,단일로,승용차,승용차,128.45170423,37.48414861,1.7,1,0,1,1
2022,3,11,11,주,금,경남,차대사람,안전운전 의무 불이행,단일로,화물차,보행자,127.81546532,35.53826496,1.0,2,0,0,0
2022,3,11,13,주,금,경기,차대차,신호위반,교차로,승용차,이륜차,127.63533754,37.28319115,1.0,2,2,1,1
2022,3,12,15,주,토,경북,차량단독,안전운전 의무 불이행,단일로,화물차,없음,128.81846961,36.04648956,1.0,0,0,0,0
2022,3,12,16,주,토,전북,차량단독,안전운전 의무 불이행,단일로,이륜차,없음,127.78574502,36.01400006,1.0,0,2,0,0
2022,3,12,16,주,토,경북,차량단독,안전운전 의무 불이행,기타,농기계,없음,128.64277721,36.94718123,1.0,0,0,0,0
2022,3,12,18,야,토,경북,차량단독,안전운전 의무 불이행,단일로,화물차,없음,128.2962463,36.38504226,1.0,0,0,0,0
2022,3,12,18,야,토,광주,차대차,안전운전 의무 불이행,단일로,이륜차,자전거,126.92384454,35.17073386,1.0,1,4,0,4
2022,3,12,20,야,토,서울,차대사람,안전운전 의무 불이행,단일로,화물차,보행자,127.14174416,37.54097947,1.0,11,2,0,1
2022,3,12,23,야,토,경기,차량단독,안전운전 의무 불이행,교차로,이륜차,없음,126.7621993,37.5892783,1.0,0,0,0,1
2022,3,13,3,야,일,경남,차대사람,안전운전 의무 불이행,단일로,승용차,보행자,128.68250799,34.91343111,1.0,1,0,0,0
2022,3,14,5,야,월,경북,차대사람,안전거리 미확보,단일로,승용차,보행자,129.38023201,36.32496034,1.0,0,0,0,1
2022,3,14,8,주,월,경남,차대차,안전운전 의무 불이행,교차로,승합차,승용차,128.62939289,34.88202529,1.0,6,2,0,1
2022,3,14,14,주,월,울산,차대차,중앙선 침범,교차로,이륜차,승용차,129.30479329,35.43401869,1.0,6,1,0,1
2022,3,14,15,주,월,경남,차대차,교차로 통행방법 위반,교차로,사륜오토바이(ATV),화물차,127.66206405,35.3961043,1.0,0,0,0,0
2022,3,14,19,야,월,충남,차대차,중앙선 침범,단일로,승용차,승용차,126.69000199,36.10721547,1.6,0,0,1,0
2022,3,14,20,야,월,경기,차량단독,안전운전 의무 불이행,단일로,사륜오토바이(ATV),없음,127.34617558,37.6626994,1.0,3,1,0,0
2022,3,15,5,야,화,경남,차량단독,안전운전 의무 불이행,교차로,이륜차,없음,128.01706434,34.85549436,1.0,0,2,0,1
2022,3,15,6,주,화,대전,차대차,안전운전 의무 불이행,단일로,승합차,화물차,127.31115633,36.39850052,1.0,3,1,1,0
2022,3,15,7,주,화,경기,차대사람,안전운전 의무 불이행,교차로,승합차,보행자,127.14530998,36.99752881,1.0,15,1,0,1
2022,3,15,7,주,화,대구,차대차,신호위반,교차로,원동기장치자전거,승용차,128.51634706,35.82797274,1.0,1,1,1,1
2022,3,15,8,주,화,전남,차량단독,안전운전 의무 불이행,기타,특수차,없음,127.74929586,34.98078899,1.0,1,1,0,0
2022,3,15,14,주,화,강원,차량단독,기타,단일로,화물차,없음,128.01923007,37.97279771,1.0,0,0,0,0
2022,3,15,14,주,화,경남,차대차,신호위반,교차로,승용차,이륜차,128.06196618,35.17532707,1.0,13,3,0,1
2022,3,15,15,주,화,경남,차대차,안전운전 의무 불이행,단일로,이륜차,농기계,128.96093273,35.58770876,1.7,0,0,0,0
2022,3,15,16,주,화,전북,차대사람,보행자 보호의무 위반,교차로,승용차,보행자,126.94278381,35.93341808,1.0,6,3,0,2
2022,3,15,17,주,화,경북,차량단독,안전운전 의무 불이행,단일로,원동기장치자전거,없음,128.24199573,35.6788523,1.0,2,1,0,0
2022,3,15,17,주,화,인천,차대차,안전운전 의무 불이행,단일로,화물차,자전거,126.6325548,37.46312904,1.0,14,1,0,7
2022,3,15,19,야,화,경기,차량단독,안전운전 의무 불이행,기타,승용차,없음,126.72489226,37.15651058,1.0,0,0,0,0
2022,3,15,20,야,화,전남,차대사람,안전운전 의무 불이행,단일로,승합차,보행자,127.72608354,35.04187322,1.0,0,0,0,0
2022,3,16,7,주,수,충남,차량단독,안전운전 의무 불이행,단일로,승용차,없음,126.53479511,37.00468088,1.0,0,0,0,0
2022,3,16,8,주,수,대구,차대차,안전운전 의무 불이행,교차로,화물차,원동기장치자전거,128.53741558,35.86373835,1.0,1,0,0,1
2022,3,16,11,주,수,경기,차대차,안전운전 의무 불이행,기타,승용차,이륜차,127.19169019,37.41892221,1.3,0,0,0,1
2022,3,16,11,주,수,광주,차량단독,안전운전 의무 불이행,단일로,이륜차,없음,126.93918875,35.18465603,1.0,2,2,1,2
2022,3,16,12,주,수,경기,차대차,안전거리 미확보,단일로,이륜차,특수차,126.70797453,37.35062832,1.0,0,0,0,1
2022,3,16,14,주,수,강원,차대차,중앙선 침범,기타,화물차,이륜차,128.51431399,37.86601481,1.3,0,0,1,0
2022,3,16,16,주,수,경북,차량단독,안전운전 의무 불이행,단일로,개인형이동장치(PM),없음,128.34877881,36.14808449,1.0,0,0,1,1
2022,3,16,21,야,수,경남,차대사람,기타,단일로,승용차,보행자,128.48883271,35.26432094,1.0,1,0,0,0
2022,3,17,2,야,목,대전,차량단독,안전운전 의무 불이행,교차로,이륜차,없음,127.35912341,36.35330958,1.0,11,1,0,2
2022,3,17,3,야,목,충남,차대사람,안전운전 의무 불이행,단일로,승용차,보행자,127.1344132,36.93077993,1.0,1,0,0,0
2022,3,17,8,주,목,경북,차량단독,안전운전 의무 불이행,단일로,승용차,없음,128.53436337,36.8770264,1.0,0,0,0,1
2022,3,17,9,주,목,충남,차대사람,안전운전 의무 불이행,교차로,화물차,보행자,126.51953022,36.30694523,1.0,2,0,0,0
2022,3,17,20,야,목,경기,차대차,안전운전 의무 불이행,단일로,승용차,농기계,126.91855511,37.00136716,1.7,0,0,0,1
2022,3,17,20,야,목,인천,차대사람,신호위반,교차로,승합차,보행자,126.73895397,37.40787,1.0,7,1,0,5