발생년,발생월,발생일,발생시,주야,요일,발생지시도,사고유형_대분류,가해자법규위반,도로형태_대분류,가해자_당사자종별,피해자_당사자종별,경도,위도,사상자수,반경500m카메라수,반경500m학교수,반경500m전광판수,반경500m사고건수
2022,6,13,1,야,월,강원,차량단독,안전운전 의무 불이행,단일로,승용차,없음,127.89470132,37.37462407,1.0,0,0,0,0
2022,6,13,5,야,월,경기,차량단독,안전운전 의무 불이행,단일로,이륜차,없음,127.04798657,37.27346367,1.0,4,3,0,1
2022,6,13,7,주,월,충남,차대차,안전거리 미확보,단일로,자전거,화물차,126.68008775,36.00913977,1.0,0,0,0,0
2022,6,13,10,주,월,강원,차대차,안전운전 의무 불이행,단일로,화물차,원동기장치자전거,128.54613256,37.61666442,1.0,0,0,0,0
2022,6,13,10,주,월,충남,차량단독,중앙선 침범,단일로,승용차,없음,127.46306982,36.03400747,1.7,0,0,0,0
2022,6,13,10,주,월,경북,차대차,기타,교차로,이륜차,화물차,128.20861053,36.36902443,1.0,0,0,1,0
2022,6,13,11,주,월,경북,차량단독,안전운전 의무 불이행,단일로,원동기장치자전거,없음,128.96252748,36.78998813,1.0,0,0,0,0
2022,6,13,17,주,월,경남,차대차,안전운전 의무 불이행,교차로,화물차,이륜차,128.63809291,35.23607675,1.0,11,0,0,2
2022,6,13,17,주,월,제주,차량단독,안전운전 의무 불이행,단일로,이륜차,없음,126.85214341,33.5229816,1.0,1,1,0,1
2022,6,14,3,야,화,경기,차대차,안전운전 의무 불이행,단일로,화물차,화물차,126.88430956,37.17805209,1.3,0,0,1,0
2022,6,14,6,주,화,충북,차대차,신호위반,교차로,이륜차,승용차,127.48413836,36.63627943,1.0,1,2,0,2
2022,6,14,6,주,화,경북,차량단독,안전운전 의무 불이행,단일로,승용차,없음,128.25434599,36.256685,1.3,0,0,0,0
2022,6,14,8,주,화,충남,차대차,안전운전 의무 불이행,단일로,승합차,사륜오토바이(ATV),126.93280768,36.34248128,1.0,0,0,0,0
2022,6,14,10,주,화,충북,차대사람,안전운전 의무 불이행,단일로,승용차,보행자,127.49613168,36.59611854,1.0,2,1,0,1
2022,6,14,11,주,화,경기,차대차,안전운전 의무 불이행,단일로,화물차,화물차,127.41824919,37.3228206,2.0,0,0,0,0
2022,6,14,12,주,화,충남,차량단독,안전운전 의무 불이행,기타,승용차,없음,126.36096015,36.78941584,1.0,0,0,0,0
2022,6,14,19,야,화,서울,차대사람,보행자 보호의무 위반,단일로,승용차,보행자,127.03995751,37.60370314,1.0,9,0,0,2
2022,6,14,21,야,화,강원,차대사람,안전운전 의무 불이행,단일로,승용차,보행자,127.93420991,37.34330683,1.0,1,1,0,1
2022,6,14,21,야,화,울산,차대차,안전운전 의무 불이행,교차로,승용차,이륜차,129.34541533,35.56304252,1.0,8,2,0,0
2022,6,15,3,야,수,충북,차대차,안전운전 의무 불이행,단일로,화물차,화물차,127.83546762,37.02464583,1.3,0,0,0,1
2022,6,15,4,야,수,경기,차대사람,기타,교차로,화물차,보행자,127.1025441,37.81736519,1.0,5,1,0,0
2022,6,15,11,주,수,부산,차대사람,안전운전 의무 불이행,교차로,승용차,보행자,129.01586634,35.14815704,1.3,5,5,0,5
2022,6,15,11,주,수,전북,차대사람,안전운전 의무 불이행,단일로,승합차,보행자,127.44770594,35.46103249,1.0,2,0,0,0
2022,6,15,12,주,수,경북,차대차,안전운전 의무 불이행,교차로,화물차,이륜차,128.29930071,36.23985898,1.0,6,1,0,1
2022,6,15,13,주,수,서울,차대차,안전운전 의무 불이행,단일로,화물차,이륜차,126.94957494,37.48660053,1.0,21,2,0,0
2022,6,15,16,주,수,경기,차대차,안전운전 의무 불이행,단일로,이륜차,승용차,127.26025337,37.40519991,1.0,3,1,0,2
2022,6,15,22,야,수,충북,차대차,중앙선 침범,단일로,이륜차,화물차,127.41578158,36.84098639,1.0,0,0,0,0
2022,6,15,22,야,수,경남,차대차,기타,단일로,승용차,화물차,127.86536217,35.58975283,3.0,0,0,0,0
2022,6,16,8,주,목,경기,차대차,안전운전 의무 불이행,단일로,화물차,승용차,127.08833766,37.21042274,1.6,4,2,1,0
2022,6,16,9,주,목,경기,차대차,중앙선 침범,단일로,이륜차,이륜차,127.1949477,37.10786675,1.3,0,0,0,0
2022,6,16,9,주,목,인천,차대사람,안전운전 의무 불이행,단일로,화물차,보행자,126.67715996,37.51602346,1.0,4,2,0,2
2022,6,16,11,주,목,충북,차대차,안전운전 의무 불이행,단일로,승용차,화물차,128.24161751,37.04247154,1.0,0,0,0,0
2022,6,16,11,주,목,대구,차대사람,안전운전 의무 불이행,교차로,화물차,보행자,128.53692256,35.84969615,1.7,14,0,2,4
2022,6,16,13,주,목,전북,차량단독,안전운전 의무 불이행,단일로,이륜차,없음,127.51062941,35.751484,1.0,1,0,1,0
2022,6,16,17,주,목,전북,차대차,안전운전 의무 불이행,단일로,화물차,자전거,127.39849815,35.52207127,1.0,1,0,0,0
2022,6,16,17,주,목,전남,차량단독,안전운전 의무 불이행,기타,농기계,없음,126.66852889,34.68028246,1.0,0,0,0,0
2022,6,16,22,야,목,전북,차량단독,안전운전 의무 불이행,단일로,화물차,없음,126.70803839,35.52717802,1.0,1,0,0,0
2022,6,16,23,야,목,경기,차대차,기타,교차로,이륜차,승용차,127.1935554,37.70353858,1.0,2,0,0,0
2022,6,17,8,주,금,충북,차대차,신호위반,교차로,승용차,이륜차,127.91754805,36.98740853,1.0,6,2,0,0
2022,6,17,12,주,금,경북,차량단독,안전운전 의무 불이행,단일로,이륜차,없음,128.38452307,36.02080664,1.0,2,1,0,0
2022,6,17,16,주,금,부산,차대차,안전운전 의무 불이행,단일로,화물차,건설기계,128.89545329,35.12162624,1.7,1,0,0,0
2022,6,17,23,야,금,인천,차대사람,안전운전 의무 불이행,교차로,이륜차,보행자,126.65828104,37.45089452,1.3,5,2,0,0
2022,6,18,0,야,토,경기,차대사람,안전운전 의무 불이행,교차로,승용차,보행자,126.84732411,37.61733355,1.0,13,6,0,2
2022,6,18,2,야,토,인천,차대사람,안전운전 의무 불이행,단일로,승용차,보행자,126.73556864,37.53401915,1.3,20,5,0,2
2022,6,18,3,야,토,부산,차대사람,안전운전 의무 불이행,교차로,화물차,보행자,129.08743314,35.27263434,1.0,2,1,0,0
2022,6,18,4,야,토,부산,차대차,신호위반,교차로,승합차,화물차,128.9981307,35.08782477,1.3,10,0,0,4
2022,6,18,7,주,토,전북,차대사람,기타,단일로,승용차,보행자,126.97925754,35.95860099,1.0,23,4,1,3
2022,6,18,8,주,토,부산,차대차,교차로 통행방법 위반,교차로,승합차,이륜차,129.0014665,35.20440767,1.0,6,2,1,4
2022,6,18,14,주,토,강원,차량단독,안전운전 의무 불이행,단일로,이륜차,없음,128.65236256,38.05165508,1.0,0,0,0,0
2022,6,18,16,주,토,경남,차량단독,안전운전 의무 불이행,단일로,화물차,없음,127.87719073,35.83045206,1.0,0,0,0,0
2022,6,18,20,야,토,충남,차대차,안전운전 의무 불이행,단일로,승용차,이륜차,127.48797377,36.21102797,1.0,0,0,0,0
2022,6,18,22,야,토,부산,차대사람,기타,단일로,승용차,보행자,128.99050513,35.20629225,1.0,0,0,0,1
2022,6,18,23,야,토,제주,차량단독,안전운전 의무 불이행,단일로,승용차,없음,126.6184119,33.53069299,1.0,0,2,0,2
2022,6,19,3,야,일,경기,차량단독,안전운전 의무 불이행,단일로,이륜차,없음,126.87054955,37.62443605,1.0,5,2,0,1
2022,6,19,7,주,일,강원,차량단독,안전운전 의무 불이행,단일로,자전거,없음,127.75626692,37.6799532,1.0,0,0,0,0
2022,6,19,20,야,일,인천,차대차,기타,단일로,승용차,이륜차,126.67007288,37.45192434,1.0,6,1,1,8
2022,6,20,7,주,월,전북,차대차,중앙선 침범,단일로,승용차,화물차,127.08959068,35.8741434,1.6,0,0,0,2
2022,6,20,11,주,월,전북,차대차,안전운전 의무 불이행,교차로,이륜차,승용차,126.67646589,35.58816023,1.0,3,2,0,0
2022,6,20,13,주,월,경기,차대차,안전운전 의무 불이행,단일로,자전거,자전거,127.22714529,37.54869796,1.7,0,0,0,0
2022,6,20,15,주,월,충남,차대차,안전운전 의무 불이행,기타,화물차,화물차,127.10546107,36.504666,2.0,0,0,0,0
2022,6,20,16,주,월,전북,차대사람,안전운전 의무 불이행,단일로,승용차,보행자,126.71953615,35.98426721,1.0,8,1,0,3
2022,6,20,22,야,월,전북,차대차,안전운전 의무 불이행,단일로,화물차,화물차,126.83559404,35.96129059,2.6999999999999997,0,0,1,0
2022,6,21,6,주,화,경기,차대차,신호위반,교차로,승합차,이륜차,126.92691378,37.33293563,1.0,5,0,2,0
2022,6,21,9,주,화,충남,차대차,안전운전 의무 불이행,단일로,자전거,승용차,126.59992424,36.34875862,1.0,8,0,0,7
2022,6,21,10,주,화,경기,차대사람,안전운전 의무 불이행,교차로,승용차,보행자,127.05249407,37.74421508,1.0,17,1,0,5
2022,6,21,13,주,화,서울,차대사람,안전운전 의무 불이행,단일로,승합차,보행자,126.82782025,37.55974579,1.0,2,0,0,4
2022,6,21,14,주,화,강원,차량단독,안전운전 의무 불이행,기타,화물차,없음,128.05862772,38.21151566,1.0,0,0,0,0
2022,6,21,15,주,화,강원,차대차,안전운전 의무 불이행,단일로,화물차,화물차,127.78407112,37.83348423,2.0,0,0,0,0
2022,6,21,16,주,화,경남,차대차,신호위반,교차로,이륜차,화물차,129.1512514,35.37427953,1.0,3,1,0,2
2022,6,21,19,야,화,경기,차대사람,신호위반,교차로,승합차,보행자,126.79279245,37.44063525,1.0,3,2,1,1
2022,6,21,19,야,화,전남,차량단독,안전운전 의무 불이행,교차로,이륜차,없음,126.49663525,35.28202706,1.0,3,0,0,1
2022,6,21,22,야,화,서울,차량단독,안전운전 의무 불이행,단일로,이륜차,없음,126.99323087,37.54268889,1.0,5,2,0,1
2022,6,22,0,야,수,경북,차대차,안전운전 의무 불이행,단일로,화물차,화물차,128.81654933,35.87750166,1.3,7,3,0,3
2022,6,22,6,주,수,전북,차대차,안전운전 의무 불이행,교차로,승용차,승용차,127.12546398,35.80269961,2.5999999999999996,17,2,0,2
2022,6,22,12,주,수,서울,차대차,안전운전 의무 불이행,교차로,이륜차,화물차,126.93522068,37.60965691,1.0,4,1,0,5
2022,6,22,15,주,수,충남,차량단독,안전운전 의무 불이행,단일로,농기계,없음,126.83324534,36.55698603,2.0,0,0,0,0
2022,6,22,17,주,수,전남,차대차,안전운전 의무 불이행,교차로,농기계,이륜차,127.13153736,34.46569648,1.0,1,1,0,0
2022,6,23,0,야,목,경기,차대차,신호위반,교차로,이륜차,승합차,126.7676635,37.65810175,2.4,26,0,1,0
2022,6,23,4,야,목,경남,차대사람,안전운전 의무 불이행,교차로,승용차,보행자,128.55011318,35.154433,1.0,2,0,0,2
2022,6,23,9,주,목,충북,차량단독,안전운전 의무 불이행,단일로,농기계,없음,127.94077589,36.81387645,1.0,0,0,0,0
2022,6,23,12,주,목,서울,차대사람,중앙선 침범,단일로,화물차,보행자,126.97817543,37.51833188,1.0,6,3,0,1
2022,6,23,14,주,목,부산,차대사람,신호위반,교차로,승용차,보행자,128.99531228,35.09146607,2.3,6,6,0,4
2022,6,23,14,주,목,인천,차대차,중앙선 침범,기타,화물차,승용차,126.68809797,37.57068409,2.0,1,0,0,2
2022,6,23,17,주,목,강원,차대차,신호위반,교차로,승합차,화물차,128.63050685,38.10081344,2.0,1,0,0,1
2022,6,23,19,야,목,경기,차량단독,안전운전 의무 불이행,단일로,승용차,없음,127.12816836,37.79851225,1.0,1,0,0,0
2022,6,23,23,야,목,서울,차대사람,기타,단일로,승용차,보행자,126.90779231,37.51937,1.0,3,0,0,5
2022,6,24,0,야,금,경기,차대사람,기타,기타,승용차,보행자,126.94169236,37.38445689,1.3,0,0,0,4
2022,6,24,6,주,금,경북,차량단독,안전운전 의무 불이행,단일로,화물차,없음,128.4026292,36.78968715,1.0,0,0,0,0
2022,6,24,7,주,금,전남,차대차,중앙선 침범,기타,승용차,승용차,127.65916579,34.91586124,1.7,0,0,0,0
2022,6,24,10,주,금,서울,차대사람,안전운전 의무 불이행,단일로,화물차,보행자,126.91029471,37.58957934,1.0,9,4,0,0
2022,6,24,10,주,금,서울,차대사람,안전운전 의무 불이행,단일로,개인형이동장치(PM),보행자,127.10352062,37.49981849,1.3,3,4,0,1
2022,6,24,12,주,금,경남,차대차,안전운전 의무 불이행,교차로,화물차,이륜차,128.62656756,35.26249468,1.0,8,2,0,5
2022,6,24,13,주,금,인천,차대사람,안전운전 의무 불이행,교차로,승용차,보행자,126.65998516,37.60254764,1.0,4,2,0,0
2022,6,24,15,주,금,강원,차대차,신호위반,교차로,건설기계,승용차,129.12380459,37.51630686,1.0,2,0,0,0
2022,6,24,18,야,금,전북,차대사람,보행자 보호의무 위반,교차로,이륜차,보행자,126.8527175,35.57067095,1.0,3,3,0,5
2022,6,25,1,야,토,부산,차대차,신호위반,교차로,이륜차,승용차,129.06747562,35.17476481,1.3,7,3,2,1
2022,6,25,4,야,토,충남,차량단독,안전운전 의무 불이행,교차로,화물차,없음,126.62343064,36.37729481,1.3,0,0,0,0
2022,6,25,8,주,토,부산,차량단독,안전운전 의무 불이행,단일로,이륜차,없음,129.06963824,35.20499454,1.0,4,1,0,0
2022,6,25,8,주,토,경기,차대차,안전운전 의무 불이행,단일로,승용차,승합차,126.87283685,37.67452613,1.6,1,0,0,1
2022,6,25,11,주,토,충남,차대차,안전운전 의무 불이행,단일로,승용차,승용차,126.66520034,36.63239113,1.6,0,0,0,0
2022,6,25,12,주,토,경기,차대사람,보행자 보호의무 위반,교차로,이륜차,보행자,127.15822741,37.43628981,1.0,4,0,0,4
2022,6,25,14,주,토,강원,차대차,기타,교차로,승용차,이륜차,127.75113633,37.89673178,1.0,3,1,0,0
2022,6,25,17,주,토,경남,차대차,신호위반,교차로,승용차,이륜차,129.16307926,35.39922574,1.0,2,1,0,4
2022,6,25,22,야,토,대전,차대차,중앙선 침범,기타,이륜차,승용차,127.31782802,36.37811818,1.3,22,4,0,0
2022,6,26,0,야,일,경기,차량단독,안전운전 의무 불이행,단일로,이륜차,없음,127.24434498,37.46476545,1.0,2,0,0,2
2022,6,26,7,주,일,경기,차대차,안전거리 미확보,단일로,화물차,이륜차,127.14532169,37.44038908,1.0,20,3,0,1
2022,6,26,7,주,일,경기,차량단독,안전운전 의무 불이행,단일로,자전거,없음,126.68108305,37.33163369,1.0,0,0,0,0
2022,6,26,10,주,일,경남,차량단독,안전운전 의무 불이행,단일로,자전거,없음,128.47400706,35.03256576,1.0,0,0,0,0
2022,6,27,0,야,월,경기,차대차,기타,교차로,개인형이동장치(PM),승용차,126.77775672,37.68468989,1.0,13,1,1,1
2022,6,27,6,주,월,전북,차량단독,안전운전 의무 불이행,단일로,화물차,없음,127.37899332,35.44462676,1.0,0,0,0,0
2022,6,27,15,주,월,경기,차량단독,안전운전 의무 불이행,단일로,자전거,없음,127.23093173,37.73892589,1.0,0,0,0,0
2022,6,27,16,주,월,경북,차량단독,안전운전 의무 불이행,단일로,화물차,없음,129.11675872,35.98839718,1.7,0,0,0,0
2022,6,27,19,야,월,경기,차대차,신호위반,교차로,이륜차,승합차,127.10741526,37.00813663,1.0,8,1,0,2
2022,6,27,19,야,월,대구,차대차,신호위반,교차로,이륜차,승합차,128.52344192,35.81405531,1.0,9,1,0,1
2022,6,27,21,야,월,부산,차대사람,안전운전 의무 불이행,단일로,승합차,보행자,129.03947602,35.11480615,1.0,4,1,1,4
2022,6,27,21,야,월,전남,차대차,기타,단일로,승용차,승용차,126.79805338,35.04019761,1.0,0,0,0,1
2022,6,27,23,야,월,광주,차대차,안전운전 의무 불이행,단일로,화물차,이륜차,126.86701889,35.21143238,1.0,3,2,0,2
2022,6,28,2,야,화,충북,차대차,안전거리 미확보,단일로,승용차,승용차,128.21594871,37.10984751,1.0,0,0,1,1
2022,6,28,11,주,화,전남,차대차,안전운전 의무 불이행,교차로,화물차,이륜차,126.43771786,35.03721711,1.0,0,0,0,0
2022,6,29,7,주,수,충남,차대차,기타,교차로,승용차,화물차,126.64376332,36.55203471,1.6,0,0,0,0
2022,6,29,9,주,수,경기,차대차,안전거리 미확보,교차로,화물차,승용차,126.8303342,37.30850584,1.0,22,1,1,3
2022,6,29,9,주,수,전북,차량단독,안전운전 의무 불이행,단일로,승용차,없음,127.12626277,35.94145951,1.0,1,0,0,1
2022,6,29,9,주,수,경북,차대차,안전운전 의무 불이행,단일로,원동기장치자전거,승용차,128.63355568,36.82490314,1.0,2,1,0,3
2022,6,29,9,주,수,광주,차대사람,기타,단일로,승용차,보행자,126.9035905,35.18637051,1.0,4,2,1,0
2022,6,29,12,주,수,경북,차량단독,안전운전 의무 불이행,단일로,농기계,없음,129.28936615,37.0311327,1.0,0,0,0,0
2022,6,29,14,주,수,충남,차대차,중앙선 침범,단일로,사륜오토바이(ATV),승용차,126.93950265,36.56459161,1.0,1,0,0,0
2022,6,29,15,주,수,강원,차량단독,안전운전 의무 불이행,단일로,화물차,없음,128.76100967,37.68932542,1.0,0,0,0,0
2022,6,29,18,야,수,경기,차량단독,안전운전 의무 불이행,단일로,사륜오토바이(ATV),없음,127.02640471,38.08230633,1.0,0,0,0,0
2022,6,30,0,야,목,충북,차량단독,안전운전 의무 불이행,단일로,특수차,없음,128.12677923,37.19624729,1.0,0,0,0,0
2022,6,30,0,야,목,인천,차대차,안전운전 의무 불이행,단일로,승용차,승용차,126.75096443,37.53600161,1.6,5,0,1,0
2022,6,30,1,야,목,강원,차량단독,기타,단일로,승용차,없음,128.25759211,37.25986904,1.7,0,0,0,0
2022,6,30,12,주,목,경북,차대차,안전운전 의무 불이행,단일로,화물차,개인형이동장치(PM),129.35656472,36.22266885,1.0,0,0,0,0
2022,6,30,19,야,목,경남,차량단독,안전운전 의무 불이행,단일로,승용차,없음,128.71826191,35.02017929,1.0,0,0,0,0
2022,7,1,0,야,금,충북,차대사람,안전운전 의무 불이행,단일로,승용차,보행자,127.93383641,36.96865428,1.0,4,0,3,4
2022,7,1,3,야,금,서울,차대사람,안전운전 의무 불이행,단일로,승용차,보행자,127.02022659,37.54830892,1.0,4,3,0,2
2022,7,1,4,야,금,충북,차대차,안전운전 의무 불이행,단일로,승용차,승용차,127.93209052,36.21585623,3.0,0,0,0,0
2022,7,1,8,주,금,경북,차대사람,기타,교차로,승용차,보행자,128.3664152,36.11027368,1.0,1,1,0,1
2022,7,1,10,주,금,경기,차대차,안전운전 의무 불이행,단일로,이륜차,화물차,127.04563571,37.19911627,1.0,6,0,1,1
2022,7,1,15,주,금,충남,차대사람,안전운전 의무 불이행,교차로,화물차,보행자,127.48607947,36.10243356,1.0,8,4,0,0
2022,7,1,18,야,금,경남,차대차,안전운전 의무 불이행,단일로,승용차,건설기계,128.41139279,34.87757917,1.0,7,0,0,1
2022,7,1,21,야,금,경기,차대차,신호위반,교차로,승용차,이륜차,126.75157228,37.72956535,1.0,12,3,0,0
2022,7,2,3,야,토,대구,차량단독,안전운전 의무 불이행,단일로,이륜차,없음,128.59760071,35.85968743,1.0,5,4,1,2
2022,7,2,11,주,토,서울,차대사람,안전운전 의무 불이행,기타,승용차,보행자,127.04322676,37.57855028,1.7,14,0,0,5
2022,7,2,14,주,토,경남,차대사람,안전운전 의무 불이행,단일로,화물차,보행자,127.91930667,35.20258645,1.0,0,0,0,0
2022,7,2,16,주,토,경기,차대차,안전운전 의무 불이행,단일로,화물차,승용차,127.61037407,37.23767818,3.3999999999999995,0,0,0,0
2022,7,2,17,주,토,부산,차대사람,보행자 보호의무 위반,교차로,화물차,보행자,129.21443952,35.24319555,1.0,2,2,0,1
2022,7,2,17,주,토,경남,차대사람,보행자 보호의무 위반,교차로,승용차,보행자,129.17467158,35.36716838,1.0,1,0,0,0
2022,7,2,19,야,토,충북,차량단독,안전운전 의무 불이행,단일로,화물차,없음,127.48158661,37.01637461,3.8,0,0,0,0
2022,7,2,20,야,토,경남,차대사람,안전운전 의무 불이행,단일로,승용차,보행자,128.73822156,35.50432617,1.0,4,0,0,0
2022,7,2,20,야,토,경남,차대사람,안전운전 의무 불이행,단일로,이륜차,보행자,129.17089222,35.41072994,1.3,2,4,0,1
2022,7,2,23,야,토,서울,차량단독,안전운전 의무 불이행,단일로,자전거,없음,126.91628822,37.50226856,1.0,8,2,0,1
2022,7,3,1,야,일,전남,차량단독,안전운전 의무 불이행,단일로,이륜차,없음,126.16953501,34.69076212,1.0,0,0,0,0
2022,7,3,2,야,일,인천,차대차,중앙선 침범,단일로,승용차,승용차,126.70953753,37.42225193,3.3000000000000003,1,0,0,0
2022,7,3,5,야,일,경북,차량단독,안전운전 의무 불이행,단일로,승용차,없음,128.41101524,35.90992331,1.0,0,0,0,0
2022,7,3,9,주,일,경북,차량단독,안전운전 의무 불이행,단일로,농기계,없음,129.38204371,36.50823782,1.0,0,0,0,0
2022,7,3,10,주,일,부산,차대차,신호위반,교차로,승용차,자전거,129.01166498,35.25677214,1.0,3,0,0,2
2022,7,3,11,주,일,전북,차대사람,안전운전 의무 불이행,단일로,화물차,보행자,127.03112105,35.82361069,1.0,1,0,0,3
2022,7,3,15,주,일,광주,차량단독,안전운전 의무 불이행,단일로,자전거,없음,126.82702856,35.21922372,1.0,5,1,0,1
2022,7,3,16,주,일,전남,차대차,기타,교차로,승용차,자전거,126.39895546,34.79602781,1.0,3,3,0,6
2022,7,3,23,야,일,경기,차대사람,안전운전 의무 불이행,단일로,승용차,보행자,127.06404564,37.06610946,1.0,18,3,0,2
2022,7,4,7,주,월,전남,차대차,기타,교차로,이륜차,화물차,127.16777133,35.25532689,1.0,2,0,0,0
2022,7,4,9,주,월,경남,차대차,중앙선 침범,교차로,이륜차,화물차,128.40763726,35.36901778,1.0,0,0,0,0
2022,7,4,13,주,월,경기,차대차,안전운전 의무 불이행,단일로,화물차,특수차,126.79169845,37.79630284,1.3,2,0,0,1
2022,7,4,17,주,월,경북,차량단독,안전운전 의무 불이행,단일로,화물차,없음,128.63382309,36.8285874,1.0,4,1,0,5
2022,7,5,1,야,화,경기,차대사람,안전운전 의무 불이행,단일로,특수차,보행자,126.89262916,37.14352616,1.0,0,0,2,0
2022,7,5,3,야,화,경북,차대차,기타,단일로,화물차,승용차,128.14877145,36.62464277,1.3,0,0,0,1
2022,7,5,5,야,화,경남,차대사람,안전운전 의무 불이행,단일로,승용차,보행자,128.12893547,35.18403288,1.0,0,0,0,0
2022,7,5,13,주,화,경북,차대차,신호위반,교차로,화물차,승용차,129.39665352,36.08633119,1.0,9,1,0,0
2022,7,5,15,주,화,서울,차대차,안전운전 의무 불이행,교차로,이륜차,승합차,126.81645428,37.56080721,1.0,1,2,0,1
2022,7,5,15,주,화,충남,차대사람,안전운전 의무 불이행,교차로,승용차,보행자,126.44189842,36.83522582,1.0,1,0,0,0
2022,7,5,15,주,화,광주,차대사람,안전운전 의무 불이행,교차로,승용차,보행자,126.92972035,35.18005822,1.0,2,1,1,1
2022,7,5,18,야,화,경기,차량단독,안전운전 의무 불이행,단일로,이륜차,없음,127.02573667,37.29074644,1.0,11,1,0,4
2022,7,5,23,야,화,경기,차대차,안전운전 의무 불이행,단일로,화물차,화물차,126.90289924,37.32209045,2.0,0,0,0,1
2022,7,6,5,야,수,경기,차대사람,안전운전 의무 불이행,기타,승용차,보행자,126.98249526,37.00781093,1.0,1,2,0,0
2022,7,6,6,주,수,부산,차량단독,기타,단일로,이륜차,없음,129.12108228,35.12325397,1.0,0,0,0,0
2022,7,6,7,주,수,충북,차대차,안전운전 의무 불이행,단일로,농기계,이륜차,127.68564379,36.12121464,1.0,0,0,0,0
2022,7,6,11,주,수,부산,차량단독,안전운전 의무 불이행,단일로,승용차,없음,128.94611865,35.15074984,1.0,0,1,0,0
2022,7,6,13,주,수,전북,차량단독,안전운전 의무 불이행,교차로,화물차,없음,127.1410118,35.3804322,1.0,5,3,1,2
2022,7,6,15,주,수,충북,차량단독,안전운전 의무 불이행,교차로,화물차,없음,128.10929742,37.16050777,1.0,0,0,0,0
2022,7,6,15,주,수,충북,차대차,안전운전 의무 불이행,교차로,화물차,이륜차,127.48556021,36.62966261,1.0,0,3,0,5
2022,7,6,18,야,수,부산,차대차,안전운전 의무 불이행,기타,승용차,승용차,129.04254314,35.08890877,1.0,6,6,1,4
2022,7,7,4,야,목,서울,차대사람,기타,교차로,승용차,보행자,126.85484084,37.55516449,1.0,2,4,0,2
2022,7,7,9,주,목,경남,차대사람,보행자 보호의무 위반,교차로,화물차,보행자,128.43254631,34.84584042,1.0,8,1,0,1
2022,7,7,9,주,목,경남,차대사람,보행자 보호의무 위반,교차로,화물차,보행자,129.03850774,35.35032535,1.0,8,2,0,4
2022,7,7,13,주,목,충남,차대차,신호위반,교차로,자전거,건설기계,126.67693998,36.66856763,1.0,2,1,0,1
2022,7,7,16,주,목,경기,차대사람,신호위반,교차로,건설기계,보행자,126.91619207,37.02378309,1.7,8,2,0,0
2022,7,7,16,주,목,전남,차량단독,안전운전 의무 불이행,기타,승용차,없음,125.97659651,34.77103279,1.0,0,0,0,0
2022,7,7,17,주,목,제주,차대사람,보행자 보호의무 위반,교차로,화물차,보행자,126.41831628,33.47225102,1.0,0,0,0,0
2022,7,8,2,야,금,서울,차대차,안전운전 의무 불이행,단일로,개인형이동장치(PM),화물차,126.88517284,37.54673652,1.0,2,1,0,4
2022,7,8,2,야,금,서울,차량단독,안전운전 의무 불이행,단일로,승용차,없음,127.01795656,37.51933018,1.0,10,0,0,0
2022,7,8,4,야,금,서울,차대사람,안전운전 의무 불이행,교차로,승용차,보행자,126.85465901,37.55524462,1.0,3,3,0,2
2022,7,8,5,야,금,대구,차량단독,안전운전 의무 불이행,단일로,화물차,없음,128.68791912,35.85307638,1.3,1,0,0,2
2022,7,8,8,주,금,전북,차대차,기타,교차로,승용차,승합차,126.7847426,35.59374732,1.0,0,0,0,0
2022,7,8,8,주,금,광주,차대사람,기타,단일로,승용차,보행자,126.84558327,35.22379783,1.0,5,0,0,0
2022,7,8,9,주,금,경기,차량단독,안전운전 의무 불이행,단일로,이륜차,없음,127.60086397,37.13151807,1.0,0,0,0,0
2022,7,8,9,주,금,전북,차량단독,안전운전 의무 불이행,단일로,승용차,없음,127.78057888,35.97787647,1.0,0,0,0,0
2022,7,8,14,주,금,경기,차대사람,안전운전 의무 불이행,기타,화물차,보행자,126.9803184,37.27555661,1.0,4,1,1,1
2022,7,8,16,주,금,전남,차량단독,안전운전 의무 불이행,단일로,이륜차,없음,127.02841926,35.07192525,1.0,0,0,0,0
2022,7,8,17,주,금,경북,차량단독,안전운전 의무 불이행,단일로,이륜차,없음,128.64387617,36.55017201,1.0,0,0,0,0
2022,7,8,23,야,금,전북,차대사람,안전운전 의무 불이행,단일로,승용차,보행자,126.68181516,35.97726315,1.0,5,2,0,3
2022,7,9,3,야,토,경기,차대차,안전운전 의무 불이행,단일로,승용차,화물차,127.49574673,37.28951513,1.0,1,1,0,0
2022,7,9,4,야,토,강원,차대사람,안전운전 의무 불이행,단일로,승용차,보행자,127.952319,37.33957035,1.0,0,2,0,1
2022,7,9,5,야,토,경기,차대차,교차로 통행방법 위반,교차로,원동기장치자전거,승용차,126.59690586,37.6635246,1.0,0,0,0,0
2022,7,9,5,야,토,경기,차대사람,안전운전 의무 불이행,단일로,승용차,보행자,127.07416562,37.2054059,1.0,2,1,2,1