발생년,발생월,발생일,발생시,주야,요일,발생지시도,사고유형_대분류,가해자법규위반,도로형태_대분류,가해자_당사자종별,피해자_당사자종별,경도,위도,사상자수,반경500m카메라수,반경500m학교수,반경500m전광판수,반경500m사고건수
2022,7,9,8,주,토,충북,차대차,중앙선 침범,단일로,승용차,화물차,127.87012812,37.0547047,1.3,0,0,0,0
2022,7,9,9,주,토,전남,차대사람,안전운전 의무 불이행,단일로,화물차,보행자,126.78880892,34.60663839,1.3,0,0,0,0
2022,7,9,10,주,토,서울,차대차,기타,단일로,이륜차,승용차,127.02972346,37.58632094,1.0,10,1,0,0
2022,7,9,13,주,토,경북,차대차,안전운전 의무 불이행,단일로,이륜차,화물차,128.28212195,35.76051857,1.0,2,0,0,2
2022,7,9,14,주,토,경북,차량단독,안전운전 의무 불이행,단일로,화물차,없음,129.28738742,35.71303528,1.7,0,0,2,0
2022,7,9,16,주,토,전남,차대차,안전운전 의무 불이행,단일로,화물차,농기계,127.63027786,34.76473243,1.0,1,0,0,0
2022,7,9,17,주,토,충남,차대사람,안전운전 의무 불이행,교차로,승용차,보행자,126.78917779,36.10153403,1.0,0,0,0,0
2022,7,9,21,야,토,전남,차량단독,안전운전 의무 불이행,단일로,개인형이동장치(PM),없음,126.37628784,34.80949057,1.0,7,2,0,1
2022,7,10,9,주,일,충북,차대차,중앙선 침범,단일로,화물차,이륜차,127.87808087,37.12515294,1.7,0,0,0,0
2022,7,10,10,주,일,경남,차대차,안전운전 의무 불이행,단일로,이륜차,승용차,128.48705137,35.37110912,1.0,0,0,0,0
2022,7,10,20,야,일,충북,차대차,기타,단일로,승합차,승용차,128.13016578,37.18750379,9.2,0,0,0,0
2022,7,11,0,야,월,경기,차량단독,안전운전 의무 불이행,단일로,이륜차,없음,126.70162107,37.16869618,1.0,2,1,0,0
2022,7,11,2,야,월,경기,차대사람,기타,단일로,승용차,보행자,126.84472723,37.47272548,1.3,3,2,0,2
2022,7,11,5,야,월,경기,차량단독,안전운전 의무 불이행,단일로,이륜차,없음,127.05582142,36.96592974,1.0,9,2,0,4
2022,7,11,6,주,월,경기,차대차,안전운전 의무 불이행,단일로,화물차,특수차,127.24059734,37.54785396,1.6,0,0,1,1
2022,7,11,7,주,월,전북,차대차,중앙선 침범,단일로,화물차,승용차,127.49606626,35.44632839,1.3,0,0,0,0
2022,7,11,11,주,월,경남,차대사람,안전운전 의무 불이행,교차로,화물차,보행자,128.52261652,34.92079709,1.0,1,0,0,1
2022,7,11,15,주,월,경북,차량단독,안전운전 의무 불이행,단일로,자전거,없음,128.70329358,36.66606282,1.0,0,0,0,1
2022,7,12,4,야,화,경기,차대사람,기타,교차로,승용차,보행자,127.07895945,36.99108308,1.0,13,1,0,1
2022,7,12,7,주,화,경기,차대사람,보행자 보호의무 위반,교차로,승합차,보행자,127.05658633,37.06636126,1.0,11,2,0,0
2022,7,12,7,주,화,경북,차량단독,안전운전 의무 불이행,단일로,화물차,없음,128.13590477,36.36865824,1.0,0,0,0,1
2022,7,12,8,주,화,전북,차대사람,안전운전 의무 불이행,단일로,특수차,보행자,127.39647955,35.4190714,1.0,4,2,1,1
2022,7,12,11,주,화,제주,차대차,기타,교차로,승용차,승합차,126.49040401,33.49222324,4.3,2,0,1,2
2022,7,12,13,주,화,경남,차대차,신호위반,교차로,승용차,승용차,127.69462038,35.48507878,3.0999999999999996,4,0,0,1
2022,7,12,14,주,화,충남,차대사람,기타,단일로,승합차,보행자,126.54233784,36.31178191,1.0,0,0,0,0
2022,7,12,15,주,화,세종,차대차,기타,단일로,이륜차,승합차,127.25904234,36.51457703,1.0,7,5,1,1
2022,7,12,16,주,화,경북,차대사람,안전운전 의무 불이행,단일로,화물차,보행자,127.95841022,36.31809272,1.0,2,1,0,0
2022,7,12,17,주,화,제주,차량단독,안전운전 의무 불이행,단일로,농기계,없음,126.29227806,33.41617964,1.0,0,0,0,0
2022,7,12,19,야,화,전북,차대차,기타,교차로,승용차,승용차,126.90883201,35.9655866,1.7,0,0,0,1
2022,7,12,20,야,화,경남,차량단독,안전운전 의무 불이행,단일로,승합차,없음,128.66023061,35.14601682,1.0,2,1,0,0
2022,7,13,8,주,수,경남,차대차,안전운전 의무 불이행,교차로,자전거,승용차,128.0697573,35.17445209,1.0,8,3,1,1
2022,7,13,9,주,수,서울,차대차,중앙선 침범,단일로,화물차,승용차,126.8983754,37.46741339,1.0,12,2,0,11
2022,7,13,13,주,수,강원,차량단독,안전운전 의무 불이행,단일로,화물차,없음,127.22873551,38.19843574,1.3,0,0,0,0
2022,7,13,14,주,수,전남,차대차,신호위반,교차로,건설기계,사륜오토바이(ATV),127.74642514,34.97340055,1.0,2,0,0,0
2022,7,13,15,주,수,제주,차량단독,안전운전 의무 불이행,단일로,승용차,없음,126.73672109,33.50524151,1.0,0,0,0,0
2022,7,13,23,야,수,울산,차대차,안전운전 의무 불이행,교차로,화물차,특수차,129.28908877,35.45507787,1.0,5,0,0,0
2022,7,14,0,야,목,서울,차대사람,기타,교차로,승용차,보행자,126.94703019,37.54023722,1.0,22,2,0,4
2022,7,14,4,야,목,광주,차대차,안전운전 의무 불이행,단일로,승용차,승용차,126.83334945,35.1785382,4.0,5,1,0,1
2022,7,14,10,주,목,부산,차대사람,안전운전 의무 불이행,단일로,화물차,보행자,129.12403833,35.18752537,1.0,12,2,1,3
2022,7,14,15,주,목,전남,차량단독,안전운전 의무 불이행,단일로,이륜차,없음,126.38304845,35.19938706,1.0,1,0,0,0
2022,7,14,16,주,목,경기,차대차,기타,단일로,승용차,개인형이동장치(PM),127.05424449,37.03210723,1.0,6,0,0,1
2022,7,14,20,야,목,서울,차대사람,안전운전 의무 불이행,단일로,이륜차,보행자,126.94339834,37.48210987,1.0,23,1,0,6
2022,7,14,22,야,목,경북,차량단독,안전운전 의무 불이행,교차로,승용차,없음,128.1841155,36.41814656,1.0,2,0,0,1
2022,7,15,9,주,금,경기,차대차,기타,교차로,승용차,이륜차,126.82344646,37.52504611,1.7,4,2,1,3
2022,7,15,12,주,금,경기,차대차,안전운전 의무 불이행,단일로,승용차,이륜차,126.91280661,36.94649564,2.0,1,0,0,1
2022,7,15,13,주,금,강원,차대차,중앙선 침범,단일로,승용차,승용차,128.39795332,37.56042569,1.7,0,0,0,0
2022,7,15,18,야,금,충남,차량단독,안전운전 의무 불이행,기타,농기계,없음,126.50996315,36.65521704,1.0,0,0,0,0
2022,7,15,18,야,금,대구,차량단독,안전운전 의무 불이행,단일로,개인형이동장치(PM),없음,128.62710286,35.89864104,1.0,2,0,0,0
2022,7,15,20,야,금,전남,차대차,신호위반,교차로,승용차,이륜차,126.7337422,35.01529094,1.0,1,0,0,0
2022,7,15,21,야,금,경남,차대사람,안전운전 의무 불이행,단일로,화물차,보행자,127.69619327,35.48361553,1.0,4,0,0,1
2022,7,16,6,주,토,울산,차대사람,안전운전 의무 불이행,단일로,승용차,보행자,129.35533619,35.54399462,1.0,3,0,0,0
2022,7,16,13,주,토,충남,차대차,신호위반,교차로,이륜차,승용차,127.11641463,36.81612101,1.3,3,0,0,0
2022,7,16,16,주,토,경기,차량단독,안전운전 의무 불이행,단일로,자전거,없음,127.62575462,37.48287629,1.0,0,0,0,0
2022,7,16,16,주,토,강원,차대차,안전운전 의무 불이행,단일로,승용차,자전거,128.22470101,37.70066421,1.0,2,1,0,0
2022,7,16,21,야,토,서울,차량단독,안전운전 의무 불이행,단일로,이륜차,없음,126.89139894,37.58432775,1.0,5,1,0,0
2022,7,16,22,야,토,전북,차대사람,안전운전 의무 불이행,단일로,화물차,보행자,127.14360228,35.4222507,1.0,1,0,0,0
2022,7,16,22,야,토,광주,차대차,신호위반,교차로,승용차,이륜차,126.92060907,35.13764387,1.0,8,2,0,1
2022,7,16,23,야,토,경기,차대차,신호위반,교차로,이륜차,승용차,126.77761172,37.69379233,1.0,7,1,0,3
2022,7,17,2,야,일,충북,차대차,기타,단일로,승용차,승용차,127.64332952,36.95747025,1.7,0,0,0,0
2022,7,17,4,야,일,부산,차량단독,안전운전 의무 불이행,기타,이륜차,없음,129.04403762,35.16229914,1.0,4,1,0,2
2022,7,17,13,주,일,충남,차량단독,안전운전 의무 불이행,기타,승용차,없음,127.1367039,36.12338611,1.7,0,0,0,0
2022,7,17,15,주,일,경기,차량단독,안전운전 의무 불이행,단일로,이륜차,없음,127.01859179,37.86996768,1.0,0,0,0,1
2022,7,17,19,야,일,경기,차량단독,안전운전 의무 불이행,단일로,농기계,없음,127.37557512,37.09534854,1.7,0,0,0,0
2022,7,17,21,야,일,경북,차대차,중앙선 침범,단일로,승용차,승용차,128.89641633,35.93991365,1.7,1,0,0,0
2022,7,18,1,야,월,서울,차대사람,안전운전 의무 불이행,단일로,승용차,보행자,127.0819247,37.55635822,1.0,4,1,4,2
2022,7,18,5,야,월,경기,차대차,기타,단일로,건설기계,승용차,126.8571061,37.69583885,1.0,1,0,0,1
2022,7,18,23,야,월,충북,차대차,안전운전 의무 불이행,단일로,화물차,승용차,127.59854867,36.49606417,1.7,0,1,0,0
2022,7,19,1,야,화,경기,차대차,안전운전 의무 불이행,단일로,이륜차,승용차,126.75454371,37.3477311,1.0,2,2,0,1
2022,7,19,10,주,화,서울,차대사람,안전운전 의무 불이행,교차로,승용차,보행자,127.05448214,37.5655688,1.0,14,1,0,5
2022,7,19,12,주,화,전남,차대차,안전운전 의무 불이행,단일로,승용차,자전거,127.13506885,35.27218462,1.0,4,0,0,0
2022,7,19,16,주,화,전북,차량단독,안전운전 의무 불이행,단일로,농기계,없음,127.30588072,35.43711956,1.0,0,0,0,0
2022,7,19,18,야,화,서울,차대사람,안전운전 의무 불이행,교차로,승용차,보행자,127.04098538,37.47310105,1.0,8,3,0,1
2022,7,20,0,야,수,서울,차대사람,안전운전 의무 불이행,단일로,승용차,보행자,126.92746763,37.51836736,1.0,8,2,0,0
2022,7,20,0,야,수,경기,차대차,중앙선 침범,단일로,이륜차,화물차,126.88107962,37.42688,1.0,1,2,2,2
2022,7,20,3,야,수,제주,차량단독,안전운전 의무 불이행,교차로,승용차,없음,126.32812833,33.46621815,5.8,0,1,0,1
2022,7,20,7,주,수,강원,차대차,교차로 통행방법 위반,교차로,사륜오토바이(ATV),화물차,128.98370164,37.2059645,1.0,0,0,0,0
2022,7,20,8,주,수,부산,차대사람,안전운전 의무 불이행,교차로,화물차,보행자,129.11183343,35.14673787,1.0,2,1,0,3
2022,7,20,11,주,수,경북,차대차,안전운전 의무 불이행,교차로,원동기장치자전거,화물차,128.88510869,35.94880746,1.0,0,0,0,0
2022,7,20,19,야,수,부산,차대차,안전운전 의무 불이행,단일로,개인형이동장치(PM),승용차,129.15282628,35.22400169,1.0,4,2,0,1
2022,7,20,20,야,수,서울,차대사람,기타,단일로,승용차,보행자,126.82729836,37.53719122,1.0,3,6,0,1
2022,7,20,20,야,수,충남,차대사람,안전운전 의무 불이행,기타,승합차,보행자,127.01622204,36.78802658,1.0,24,2,0,2
2022,7,20,20,야,수,경북,차대사람,중앙선 침범,단일로,승용차,보행자,128.14561693,36.19866693,1.0,0,0,0,0
2022,7,20,20,야,수,경남,차대사람,안전운전 의무 불이행,교차로,승용차,보행자,127.79187788,35.46751659,1.0,0,0,0,0
2022,7,20,22,야,수,경기,차대사람,안전운전 의무 불이행,단일로,승용차,보행자,126.92841111,36.97892431,1.0,13,0,0,3
2022,7,20,22,야,수,경기,차대사람,신호위반,교차로,승용차,보행자,126.72731268,37.35421747,1.0,5,5,0,1
2022,7,21,0,야,목,전북,차량단독,안전운전 의무 불이행,단일로,자전거,없음,126.71584136,35.9798705,1.0,10,4,0,4
2022,7,21,2,야,목,경기,차량단독,안전운전 의무 불이행,단일로,승용차,없음,126.89559163,36.98744254,1.0,1,0,0,0
2022,7,21,2,야,목,대구,차대사람,안전운전 의무 불이행,단일로,승용차,보행자,128.53551045,35.83732976,1.0,15,2,1,1
2022,7,21,5,야,목,경남,차대사람,기타,단일로,화물차,보행자,127.7971792,35.51838469,1.0,0,0,0,2
2022,7,21,14,주,목,전남,차대차,안전운전 의무 불이행,교차로,이륜차,화물차,127.57860449,34.88283649,1.0,1,2,0,0
2022,7,21,15,주,목,경남,차대차,안전운전 의무 불이행,교차로,자전거,승용차,128.07423894,35.19957937,1.0,2,2,0,1
2022,7,21,16,주,목,경기,차대사람,안전운전 의무 불이행,단일로,승용차,보행자,127.76632933,37.5187607,1.0,0,0,0,0
2022,7,21,18,야,목,경남,차대차,안전운전 의무 불이행,단일로,자전거,승용차,128.20785483,35.1479533,1.0,0,0,0,0
2022,7,21,22,야,목,서울,차대차,신호위반,교차로,이륜차,이륜차,126.93536985,37.57642518,1.7,8,1,0,2
2022,7,22,2,야,금,경기,차대차,안전운전 의무 불이행,기타,특수차,승용차,126.88304848,37.24718263,1.0,0,0,0,2
2022,7,22,9,주,금,전북,차대사람,안전운전 의무 불이행,교차로,건설기계,보행자,126.96644956,35.93546402,1.0,4,2,0,2
2022,7,22,10,주,금,경기,차대차,안전운전 의무 불이행,교차로,승용차,사륜오토바이(ATV),127.05375515,37.90441872,1.0,11,2,0,2
2022,7,22,12,주,금,인천,차대차,안전운전 의무 불이행,단일로,화물차,화물차,126.72353117,37.43515294,1.0,0,0,0,1
2022,7,22,20,야,금,경북,차대사람,안전운전 의무 불이행,교차로,승용차,보행자,128.60810942,36.82224947,1.0,2,0,1,2
2022,7,22,20,야,금,광주,차대사람,안전운전 의무 불이행,단일로,승용차,보행자,126.77756665,35.15161831,1.0,6,3,0,0
2022,7,23,9,주,토,충남,차대차,기타,교차로,승용차,화물차,127.20661681,36.88316711,1.9,0,0,0,2
2022,7,23,10,주,토,광주,차대차,안전운전 의무 불이행,교차로,화물차,자전거,126.92239186,35.17117779,1.0,1,4,0,2
2022,7,23,15,주,토,경북,차대사람,안전운전 의무 불이행,단일로,화물차,보행자,129.39810645,36.50804634,1.0,0,0,0,0
2022,7,23,17,주,토,충남,차대차,교차로 통행방법 위반,교차로,화물차,이륜차,127.04575626,36.15456743,1.0,0,0,0,0
2022,7,23,22,야,토,경남,차대사람,기타,단일로,승용차,보행자,128.11709549,35.18546437,1.0,6,0,0,3
2022,7,23,23,야,토,인천,차대사람,안전운전 의무 불이행,단일로,승용차,보행자,126.64999877,37.53430851,1.0,4,0,0,1
2022,7,24,1,야,일,경북,차대차,안전운전 의무 불이행,단일로,승용차,승용차,128.44443499,35.97010601,1.6,0,0,1,0
2022,7,24,1,야,일,광주,차량단독,안전운전 의무 불이행,교차로,승용차,없음,126.81006085,35.18574757,1.0,7,4,0,2
2022,7,24,6,주,일,경남,차대차,안전운전 의무 불이행,단일로,승용차,승용차,129.06532823,35.31508968,1.7,0,0,1,0
2022,7,24,19,야,일,경남,차대차,신호위반,교차로,승용차,이륜차,128.80667174,35.10841507,1.0,3,1,0,0
2022,7,24,21,야,일,전남,차대사람,안전운전 의무 불이행,단일로,승용차,보행자,126.05108168,34.30030324,1.0,0,0,0,1
2022,7,25,1,야,월,서울,차대차,기타,교차로,승용차,이륜차,127.04400223,37.55166602,1.0,1,1,0,7
2022,7,25,4,야,월,경기,차대차,안전거리 미확보,단일로,승용차,농기계,127.08083954,38.09843853,1.0,0,1,0,0
2022,7,25,6,주,월,충북,차대차,안전운전 의무 불이행,단일로,건설기계,개인형이동장치(PM),127.43562778,36.65984624,1.0,3,0,0,0
2022,7,25,8,주,월,경북,차대사람,안전운전 의무 불이행,단일로,화물차,보행자,129.5489736,35.9860198,1.0,0,0,0,0
2022,7,25,17,주,월,경북,차대사람,안전운전 의무 불이행,단일로,승용차,보행자,128.23360663,36.15756339,1.0,0,0,0,0
2022,7,26,4,야,화,대구,차량단독,안전운전 의무 불이행,단일로,승합차,없음,128.54563431,35.89664634,1.0,3,2,1,3
2022,7,26,5,야,화,부산,차량단독,안전운전 의무 불이행,단일로,이륜차,없음,128.95793167,35.0528536,1.7,3,0,0,0
2022,7,26,5,야,화,경기,차대차,안전거리 미확보,교차로,승용차,이륜차,127.05747673,37.0273147,1.0,11,0,0,0
2022,7,26,7,주,화,충북,차대차,중앙선 침범,단일로,승용차,이륜차,127.43290246,36.68000212,1.0,0,0,0,0
2022,7,26,7,주,화,인천,차대차,신호위반,교차로,승용차,이륜차,126.68978168,37.40449666,1.0,1,0,0,0
2022,7,26,21,야,화,충남,차량단독,안전운전 의무 불이행,단일로,승용차,없음,126.42447131,36.74704485,1.0,2,1,0,0
2022,7,26,23,야,화,대구,차량단독,안전운전 의무 불이행,단일로,자전거,승용차,128.66031588,35.8792208,1.0,1,3,0,2
2022,7,27,0,야,수,서울,차대사람,기타,교차로,승용차,보행자,127.06002085,37.47664372,1.0,4,2,0,1
2022,7,27,0,야,수,경기,차대차,안전운전 의무 불이행,교차로,승용차,승용차,126.79587291,37.48223313,1.0,4,0,1,4
2022,7,27,1,야,수,경기,차대사람,안전운전 의무 불이행,교차로,승용차,보행자,126.78628336,37.50343842,1.0,2,1,0,1
2022,7,27,4,야,수,경기,차량단독,안전운전 의무 불이행,단일로,이륜차,없음,127.16260704,37.60606441,1.3,9,3,2,0
2022,7,27,11,주,수,경기,차대차,안전운전 의무 불이행,단일로,화물차,화물차,126.97991078,37.03244472,2.3,0,0,0,0
2022,7,27,21,야,수,서울,차대차,신호위반,단일로,승용차,원동기장치자전거,126.8977868,37.49989526,1.3,10,3,0,1
2022,7,28,4,야,목,충남,차량단독,안전운전 의무 불이행,교차로,승용차,없음,127.152863,36.78173378,1.0,19,1,0,0
2022,7,28,5,야,목,경남,차대차,기타,단일로,승용차,특수차,128.72099045,35.19226945,1.7,2,0,0,1
2022,7,28,7,주,목,경기,차대차,기타,단일로,승용차,승용차,127.11336774,37.3847011,1.9,7,2,3,1
2022,7,28,8,주,목,경기,차대차,기타,교차로,화물차,화물차,127.30755455,37.65083514,1.0,9,2,0,3
2022,7,28,10,주,목,경기,차량단독,안전운전 의무 불이행,단일로,승용차,없음,127.18531587,37.8704322,1.0,0,0,0,2
2022,7,28,11,주,목,경기,차대사람,안전운전 의무 불이행,단일로,이륜차,보행자,126.94483311,37.36293783,1.0,13,0,0,2
2022,7,28,14,주,목,경기,차대차,안전운전 의무 불이행,단일로,화물차,승용차,127.14905048,37.51088703,1.0,0,1,0,0
2022,7,28,14,주,목,충남,차대차,중앙선 침범,기타,승용차,이륜차,127.00126355,36.75281656,1.0,1,0,0,0
2022,7,28,15,주,목,서울,차대차,안전운전 의무 불이행,교차로,승용차,자전거,127.03633743,37.58277777,1.0,11,3,0,4
2022,7,28,15,주,목,경북,차량단독,안전운전 의무 불이행,단일로,승용차,없음,128.21323681,35.9443401,2.0,2,0,0,0
2022,7,28,19,야,목,경북,차대사람,안전운전 의무 불이행,단일로,승용차,보행자,128.11523891,36.12885735,1.3,4,1,2,3
2022,7,28,21,야,목,경남,차대사람,안전운전 의무 불이행,교차로,승용차,보행자,128.65553432,34.91408736,1.0,3,2,0,1
2022,7,29,0,야,금,대구,차대차,안전운전 의무 불이행,단일로,승용차,승용차,128.42823916,35.8635767,2.0,0,0,0,1
2022,7,29,1,야,금,대구,차대사람,안전운전 의무 불이행,단일로,승용차,보행자,128.41752161,35.65390325,1.0,0,0,0,0
2022,7,29,4,야,금,인천,차대사람,안전운전 의무 불이행,단일로,화물차,보행자,126.74014389,37.45113376,1.0,7,4,1,0
2022,7,29,6,주,금,전북,차대사람,안전운전 의무 불이행,단일로,승용차,보행자,126.84614959,35.52331727,1.0,0,1,0,0
2022,7,29,11,주,금,경기,차대차,신호위반,교차로,화물차,승합차,127.06853356,38.04408329,3.1,0,0,2,1
2022,7,29,12,주,금,경남,차대차,안전운전 의무 불이행,단일로,이륜차,승합차,128.66040509,35.2378485,1.0,2,2,0,2
2022,7,29,13,주,금,충남,차대차,중앙선 침범,교차로,화물차,화물차,126.78886233,36.63240017,2.3,2,1,0,0
2022,7,29,16,주,금,충남,차량단독,안전운전 의무 불이행,단일로,승용차,없음,126.85224399,36.29618393,1.3,0,0,0,0
2022,7,29,19,야,금,전남,차대차,기타,교차로,원동기장치자전거,승용차,126.49684736,35.27552788,1.0,5,0,0,1
2022,7,29,22,야,금,경기,차대차,신호위반,교차로,승합차,승용차,127.12875379,37.42118404,3.0,10,1,1,6
2022,7,29,23,야,금,경남,차대사람,기타,교차로,승용차,보행자,128.68163092,35.1532126,1.0,0,0,0,3
2022,7,30,1,야,토,경기,차대사람,기타,교차로,승용차,보행자,127.03560193,37.27160393,1.0,2,2,2,1
2022,7,30,5,야,토,대구,차량단독,안전운전 의무 불이행,단일로,승용차,승합차,128.65449328,35.85432182,1.0,3,3,0,2
2022,7,30,6,주,토,부산,차량단독,안전운전 의무 불이행,단일로,이륜차,없음,129.06877162,35.16963594,1.0,4,3,0,3
2022,7,30,13,주,토,경남,차량단독,안전운전 의무 불이행,단일로,건설기계,없음,128.19156839,34.94824546,1.0,0,1,0,0
2022,7,30,19,야,토,경남,차량단독,안전운전 의무 불이행,단일로,이륜차,없음,127.81501251,35.78566737,1.0,0,0,0,0
2022,7,30,20,야,토,부산,차대차,안전거리 미확보,교차로,승용차,이륜차,128.99164126,35.19032876,1.0,5,2,0,6
2022,7,30,21,야,토,광주,차대사람,안전운전 의무 불이행,교차로,승용차,보행자,126.91213503,35.1513631,1.0,1,1,0,6
2022,7,31,1,야,일,경기,차량단독,안전운전 의무 불이행,단일로,이륜차,없음,127.04744407,37.21141835,1.0,6,3,0,0
2022,7,31,5,야,일,부산,차대차,신호위반,교차로,이륜차,자전거,128.97692326,35.16964579,1.0,10,1,0,3
2022,7,31,7,주,일,경기,차량단독,안전운전 의무 불이행,단일로,승용차,없음,127.15817383,37.64639578,2.4,0,0,0,3
2022,7,31,19,야,일,경기,차대사람,안전운전 의무 불이행,단일로,화물차,보행자,127.54297188,37.48593696,1.0,0,0,1,0
2022,8,1,0,야,월,경기,차대사람,안전운전 의무 불이행,단일로,승용차,보행자,127.00866062,37.25528812,1.0,0,1,0,3
2022,8,1,0,야,월,충남,차량단독,안전운전 의무 불이행,단일로,화물차,없음,126.58427374,36.84574662,1.0,0,0,0,0
2022,8,1,15,주,월,부산,차대차,교차로 통행방법 위반,교차로,승용차,이륜차,129.09545294,35.2213005,1.0,3,6,0,0
2022,8,1,16,주,월,경북,차량단독,안전운전 의무 불이행,단일로,화물차,없음,128.23783832,35.87736596,1.0,0,0,0,0
2022,8,1,19,야,월,세종,차대사람,안전운전 의무 불이행,단일로,개인형이동장치(PM),보행자,127.30669854,36.48280414,1.0,7,3,0,0
2022,8,1,20,야,월,전남,차대사람,기타,단일로,화물차,보행자,126.53258669,35.06837964,1.0,2,1,0,1
2022,8,1,21,야,월,전북,차대차,중앙선 침범,단일로,이륜차,승용차,127.56970973,35.69341695,1.0,0,0,0,0
2022,8,2,3,야,화,전북,차대사람,보행자 보호의무 위반,교차로,승용차,보행자,126.73770961,35.97238413,1.0,5,0,0,2
2022,8,2,5,야,화,부산,차대사람,기타,단일로,승용차,보행자,129.07311308,35.1362202,1.0,8,1,0,2
2022,8,2,7,주,화,인천,차대차,중앙선 침범,기타,화물차,승합차,126.66306882,37.57807146,2.2,2,0,1,1
2022,8,2,8,주,화,경북,차대차,안전운전 의무 불이행,단일로,승합차,화물차,127.92252573,36.44551189,1.3,0,0,0,0
2022,8,2,13,주,화,충북,차량단독,안전운전 의무 불이행,교차로,농기계,없음,128.12699245,37.1716109,1.0,0,0,0,0
2022,8,2,16,주,화,경기,차대차,신호위반,교차로,화물차,이륜차,127.04089826,37.03211944,1.0,6,0,0,1
2022,8,2,17,주,화,강원,차대차,안전거리 미확보,단일로,승용차,승용차,127.94592399,37.37875963,1.3,1,0,0,2
2022,8,2,17,주,화,경남,차대차,신호위반,교차로,이륜차,승용차,128.73062632,35.48636284,1.3,0,0,0,0
2022,8,2,18,야,화,전북,차대차,교차로 통행방법 위반,교차로,승용차,승용차,126.8700165,35.55860846,1.3,5,3,0,1
2022,8,2,20,야,화,강원,차대사람,안전운전 의무 불이행,교차로,승용차,보행자,129.12502695,37.47509287,1.0,1,0,0,0
2022,8,2,21,야,화,전남,차대사람,기타,기타,화물차,보행자,127.26367011,34.82625397,1.0,0,0,2,1
2022,8,3,0,야,수,경기,차대차,신호위반,교차로,승용차,자전거,127.22066972,37.92028234,1.3,3,0,0,1
2022,8,3,4,야,수,경기,차대차,안전운전 의무 불이행,단일로,화물차,화물차,126.96363825,37.197232,1.3,2,0,0,0
2022,8,3,6,주,수,경기,차량단독,안전운전 의무 불이행,단일로,승용차,없음,127.20425506,37.53139087,1.0,0,1,0,0
2022,8,3,8,주,수,경북,차량단독,안전운전 의무 불이행,단일로,이륜차,없음,128.65047561,35.62389966,1.0,0,0,0,0
2022,8,3,8,주,수,인천,차대차,신호위반,단일로,승용차,승용차,126.67304602,37.45195419,1.3,8,2,1,6
2022,8,3,11,주,수,부산,차대사람,안전운전 의무 불이행,교차로,화물차,보행자,129.09231088,35.22805875,1.0,2,2,1,0
2022,8,3,15,주,수,충북,차대사람,안전운전 의무 불이행,교차로,화물차,보행자,127.93987403,36.96168195,1.0,8,5,0,0
2022,8,3,16,주,수,경북,차량단독,안전운전 의무 불이행,단일로,화물차,없음,128.9628313,36.300393,1.0,0,0,0,0
2022,8,3,17,주,수,제주,차대차,기타,교차로,이륜차,화물차,126.43074112,33.24945761,1.0,0,2,0,2
2022,8,3,20,야,수,경기,차량단독,안전운전 의무 불이행,교차로,승용차,없음,126.77803298,37.48491064,1.3,6,0,1,5
2022,8,4,1,야,목,광주,차대차,안전운전 의무 불이행,단일로,승용차,승용차,126.83272695,35.17811097,1.0,4,1,0,1
2022,8,4,4,야,목,울산,차량단독,안전운전 의무 불이행,단일로,화물차,없음,129.1737812,35.522572,1.0,1,0,0,0
2022,8,4,8,주,목,경남,차대사람,보행자 보호의무 위반,교차로,승용차,보행자,127.75334309,35.07105354,1.3,0,0,0,1
2022,8,4,12,주,목,서울,차대차,안전운전 의무 불이행,교차로,승용차,이륜차,127.02291735,37.51155359,1.0,11,1,0,1
2022,8,4,12,주,목,전북,차대차,신호위반,교차로,이륜차,승용차,126.95665367,35.92997447,1.3,7,0,0,3
2022,8,4,14,주,목,충남,차대사람,안전운전 의무 불이행,단일로,승용차,보행자,126.75161467,36.23043371,1.0,0,0,0,0
2022,8,4,15,주,목,전북,차대사람,안전운전 의무 불이행,단일로,화물차,보행자,126.94559166,35.93297127,1.0,6,4,0,2
2022,8,5,1,야,금,경남,차대사람,안전운전 의무 불이행,교차로,승용차,보행자,128.68199278,35.22749608,1.0,7,0,0,1
2022,8,5,3,야,금,서울,차량단독,안전운전 의무 불이행,단일로,원동기장치자전거,없음,127.09943188,37.50279722,1.0,1,0,0,3
2022,8,5,7,주,금,경기,차량단독,안전운전 의무 불이행,단일로,자전거,없음,127.34680181,37.6062129,1.0,2,1,0,0
2022,8,5,9,주,금,전북,차대차,신호위반,교차로,이륜차,승용차,126.86981352,35.79949457,1.0,2,0,0,0
2022,8,5,15,주,금,경북,차량단독,기타,교차로,건설기계,없음,128.80312368,36.89689986,1.0,0,0,0,0
2022,8,5,17,주,금,경남,차량단독,안전운전 의무 불이행,단일로,화물차,없음,127.67185521,35.66577834,1.0,0,0,0,0
2022,8,5,19,야,금,경남,차대차,안전운전 의무 불이행,단일로,농기계,승합차,128.05563558,35.25360562,1.0,0,0,0,0