발생년,발생월,발생일,발생시,주야,요일,발생지시도,사고유형_대분류,가해자법규위반,도로형태_대분류,가해자_당사자종별,피해자_당사자종별,경도,위도,사상자수,반경500m카메라수,반경500m학교수,반경500m전광판수,반경500m사고건수
2022,8,5,21,야,금,충남,차량단독,안전운전 의무 불이행,교차로,승용차,없음,126.67404653,36.6670692,1.0,0,0,0,1
2022,8,5,21,야,금,전남,차대차,안전운전 의무 불이행,단일로,승용차,농기계,126.29793502,34.56625117,1.0,1,0,0,0
2022,8,5,22,야,금,대전,차량단독,안전운전 의무 불이행,기타,자전거,없음,127.40477061,36.35653712,1.0,13,2,0,1
2022,8,6,5,야,토,경기,차대사람,신호위반,교차로,승용차,보행자,127.07219673,37.32843929,1.0,7,2,0,0
2022,8,6,7,주,토,전북,차대차,신호위반,교차로,농기계,승용차,126.92225761,36.07571651,1.0,2,0,0,0
2022,8,6,8,주,토,서울,차대사람,안전운전 의무 불이행,교차로,화물차,보행자,126.96224463,37.52431751,1.0,3,2,0,2
2022,8,6,9,주,토,부산,차대차,신호위반,교차로,이륜차,이륜차,128.90344605,35.08921028,1.0,4,0,0,2
2022,8,6,9,주,토,대전,차대차,안전거리 미확보,교차로,승용차,이륜차,127.35348185,36.39600861,1.0,0,0,0,0
2022,8,6,16,주,토,강원,차대사람,보행자 보호의무 위반,단일로,사륜오토바이(ATV),보행자,127.94208692,37.35622151,1.0,1,1,0,5
2022,8,6,18,야,토,경기,차대차,신호위반,교차로,이륜차,승합차,127.61919955,37.28638142,1.0,6,0,0,0
2022,8,6,22,야,토,충남,차대사람,안전운전 의무 불이행,단일로,화물차,보행자,126.80939826,36.6850049,1.0,1,0,0,1
2022,8,6,23,야,토,전남,차대사람,안전운전 의무 불이행,단일로,승용차,보행자,126.44251522,35.36718618,1.0,1,0,0,0
2022,8,7,7,주,일,강원,차량단독,안전운전 의무 불이행,단일로,농기계,없음,128.12050137,38.27573371,1.0,0,0,0,0
2022,8,7,8,주,일,전남,차대사람,안전운전 의무 불이행,단일로,승용차,보행자,127.49219152,34.94647158,1.0,3,1,0,3
2022,8,7,8,주,일,경북,차대차,교차로 통행방법 위반,교차로,승합차,원동기장치자전거,129.10893714,36.654224,1.0,1,0,0,1
2022,8,7,14,주,일,서울,차대차,중앙선 침범,단일로,승용차,이륜차,127.05679274,37.57692548,1.0,9,3,0,4
2022,8,7,17,주,일,경북,차대차,안전운전 의무 불이행,교차로,이륜차,승용차,128.50655674,36.87769787,1.7,0,0,0,0
2022,8,7,22,야,일,경기,차대사람,기타,단일로,승합차,보행자,126.72814574,37.69277589,1.0,1,0,0,0
2022,8,8,5,야,월,충남,차대차,안전운전 의무 불이행,단일로,화물차,이륜차,126.63324317,36.58557482,1.0,0,0,0,1
2022,8,8,7,주,월,경북,차대사람,안전운전 의무 불이행,단일로,화물차,보행자,128.53046661,36.58852679,1.0,0,0,0,0
2022,8,8,8,주,월,경북,차량단독,안전운전 의무 불이행,단일로,승용차,없음,128.79081639,35.89728127,1.0,0,0,0,1
2022,8,8,8,주,월,경남,차대차,교차로 통행방법 위반,교차로,승용차,화물차,128.14981119,35.56949423,1.7,3,0,0,0
2022,8,8,10,주,월,경북,차대차,중앙선 침범,교차로,승용차,화물차,129.45585648,35.68324417,1.3,0,0,0,0
2022,8,8,13,주,월,충북,차대차,안전운전 의무 불이행,단일로,건설기계,건설기계,128.29150235,37.18110041,1.0,0,0,1,1
2022,8,8,14,주,월,세종,차량단독,안전운전 의무 불이행,단일로,화물차,없음,127.2059314,36.69569538,1.0,0,0,0,0
2022,8,8,17,주,월,전남,차량단독,안전운전 의무 불이행,단일로,농기계,없음,126.84506427,34.4061504,1.0,0,0,0,0
2022,8,8,19,야,월,전남,차량단독,기타,교차로,승용차,없음,127.67238786,34.95653027,2.0,3,0,0,0
2022,8,8,23,야,월,제주,차대차,신호위반,교차로,이륜차,승합차,126.50596167,33.50042114,1.0,2,0,0,4
2022,8,8,23,야,월,경기,차대사람,안전운전 의무 불이행,단일로,승용차,보행자,127.12233612,37.65203704,1.0,8,3,1,1
2022,8,9,1,야,화,충북,차대사람,기타,교차로,승용차,보행자,127.49492247,36.62285705,1.0,5,4,0,5
2022,8,9,5,야,화,경기,차대차,안전운전 의무 불이행,단일로,화물차,승용차,126.90077588,37.68607317,1.3,0,0,0,1
2022,8,9,7,주,화,경북,차대사람,안전운전 의무 불이행,단일로,화물차,보행자,128.74307208,36.56366533,1.0,0,0,0,1
2022,8,9,10,주,화,충북,차량단독,안전운전 의무 불이행,단일로,화물차,없음,127.47313713,36.74853997,1.0,0,0,1,1
2022,8,9,14,주,화,경남,차대사람,안전운전 의무 불이행,교차로,화물차,보행자,127.66054061,35.3775226,1.0,2,0,0,0
2022,8,9,15,주,화,전북,차대사람,안전운전 의무 불이행,단일로,화물차,보행자,127.14165698,35.37644868,1.0,4,4,0,3
2022,8,9,17,주,화,전북,차량단독,안전운전 의무 불이행,단일로,농기계,없음,126.51668519,35.48580068,1.0,0,0,0,0
2022,8,9,17,주,화,전남,차대차,기타,기타,화물차,이륜차,127.45917065,35.23637131,1.0,2,0,0,0
2022,8,9,22,야,화,경북,차대사람,안전운전 의무 불이행,단일로,승용차,보행자,129.08644656,36.38713029,1.0,1,0,0,0
2022,8,10,6,주,수,충북,차량단독,기타,단일로,승용차,없음,127.73274775,36.80040262,2.4,0,0,0,0
2022,8,10,8,주,수,충남,차대차,안전운전 의무 불이행,교차로,승합차,자전거,126.90305906,36.27610075,1.0,4,1,0,0
2022,8,10,13,주,수,경남,차대차,안전운전 의무 불이행,교차로,승용차,승용차,128.80247787,35.17784168,1.0,5,1,0,0
2022,8,10,14,주,수,충남,차량단독,안전운전 의무 불이행,단일로,화물차,없음,126.95224032,36.50631466,1.0,0,0,0,0
2022,8,10,16,주,수,경기,차량단독,안전운전 의무 불이행,기타,농기계,없음,127.00837923,37.19790386,1.0,1,0,0,0
2022,8,10,17,주,수,충북,차대차,기타,단일로,화물차,자전거,127.60365777,37.05842787,1.0,0,0,0,0
2022,8,10,18,야,수,전남,차대차,안전운전 의무 불이행,단일로,농기계,승용차,126.72752524,34.53949811,1.0,0,0,0,0
2022,8,10,23,야,수,서울,차대사람,안전운전 의무 불이행,교차로,승합차,보행자,126.90676163,37.51662472,1.0,2,0,0,5
2022,8,11,0,야,목,경기,차대사람,안전운전 의무 불이행,단일로,승용차,보행자,127.12910671,37.43211881,1.0,15,3,2,6
2022,8,11,1,야,목,전북,차량단독,안전운전 의무 불이행,단일로,화물차,없음,126.65957427,35.53249427,1.0,0,0,0,0
2022,8,11,4,야,목,충남,차대차,안전운전 의무 불이행,기타,특수차,화물차,126.56304207,36.23470404,1.7,0,0,0,0
2022,8,11,11,주,목,전북,차대차,안전운전 의무 불이행,단일로,화물차,화물차,127.11370631,35.99047544,2.0,0,0,0,0
2022,8,11,11,주,목,경북,차대차,안전운전 의무 불이행,교차로,화물차,이륜차,128.02974281,36.39899858,1.0,1,0,0,0
2022,8,11,13,주,목,경기,차대차,안전운전 의무 불이행,교차로,화물차,개인형이동장치(PM),127.06659431,37.03728212,1.0,8,0,0,1
2022,8,11,23,야,목,서울,차대차,신호위반,기타,승용차,승용차,126.81113557,37.5850854,2.4,0,1,1,0
2022,8,12,4,야,금,경기,차량단독,기타,단일로,승용차,없음,127.30169183,38.07157495,2.0,5,0,0,2
2022,8,12,10,주,금,부산,차량단독,안전운전 의무 불이행,단일로,화물차,없음,129.22725909,35.28022993,1.0,1,0,2,0
2022,8,12,16,주,금,경북,차대사람,안전운전 의무 불이행,단일로,승합차,보행자,128.72418606,36.97796363,1.0,0,0,0,0
2022,8,12,19,야,금,경기,차대차,안전운전 의무 불이행,기타,승용차,자전거,127.37468814,37.12145289,1.0,2,1,0,0
2022,8,12,21,야,금,부산,차량단독,기타,단일로,원동기장치자전거,없음,129.08943476,35.21411283,1.7,1,3,0,0
2022,8,12,21,야,금,경기,차량단독,안전운전 의무 불이행,단일로,이륜차,없음,127.62685944,37.12467835,1.0,3,0,0,0
2022,8,12,22,야,금,경기,차대차,신호위반,단일로,이륜차,화물차,126.95345075,37.36899015,1.0,7,0,1,4
2022,8,12,22,야,금,충남,차량단독,안전운전 의무 불이행,단일로,승용차,없음,127.12490975,36.91095447,1.0,0,0,0,1
2022,8,13,6,주,토,경북,차량단독,안전운전 의무 불이행,단일로,농기계,없음,129.06891747,35.75868856,1.0,0,0,0,0
2022,8,13,6,주,토,경북,차량단독,안전운전 의무 불이행,단일로,사륜오토바이(ATV),없음,128.58070529,36.57668739,1.0,0,0,0,0
2022,8,13,9,주,토,경북,차대차,안전운전 의무 불이행,단일로,화물차,화물차,128.55155705,36.7560301,1.0,0,0,0,0
2022,8,13,13,주,토,경기,차대차,안전운전 의무 불이행,교차로,화물차,이륜차,127.01776063,37.28892946,1.3,7,5,0,1
2022,8,13,15,주,토,전남,차량단독,안전운전 의무 불이행,단일로,승용차,없음,126.70963937,35.0313311,1.7,0,1,0,1
2022,8,13,19,야,토,충남,차량단독,안전운전 의무 불이행,단일로,승합차,없음,126.80566575,36.92027174,1.0,1,0,0,0
2022,8,13,21,야,토,전남,차대사람,안전운전 의무 불이행,교차로,승용차,보행자,127.70776895,34.76639234,1.0,2,2,0,0
2022,8,13,22,야,토,경기,차대사람,안전운전 의무 불이행,교차로,승용차,보행자,127.09068021,37.00786375,1.0,8,1,0,2
2022,8,14,0,야,일,경기,차대사람,안전운전 의무 불이행,교차로,승용차,보행자,126.83607317,37.62743781,1.0,23,5,0,0
2022,8,14,1,야,일,서울,차대사람,기타,단일로,승용차,보행자,127.09557726,37.53361954,1.0,11,1,8,1
2022,8,14,1,야,일,인천,차대차,안전운전 의무 불이행,교차로,승용차,승용차,126.49313236,37.49014489,2.5,80,0,0,3
2022,8,14,3,야,일,경기,차대사람,기타,교차로,승용차,보행자,127.1408588,37.43752727,2.4,14,7,1,2
2022,8,14,4,야,일,경남,차대차,신호위반,교차로,이륜차,승합차,128.88014613,35.23862555,1.0,3,4,0,1
2022,8,14,8,주,일,전북,차대사람,안전운전 의무 불이행,단일로,이륜차,보행자,127.073047,35.91009576,1.0,8,3,0,0
2022,8,14,19,야,일,강원,차대사람,안전운전 의무 불이행,교차로,승용차,보행자,127.96261057,37.41795039,1.0,1,0,1,4
2022,8,14,21,야,일,대구,차대차,신호위반,교차로,승용차,이륜차,128.50951058,35.89563916,1.0,0,0,0,1
2022,8,14,22,야,일,경기,차대사람,기타,단일로,승용차,보행자,127.14350287,37.27540334,1.0,6,1,0,1
2022,8,14,23,야,일,서울,차량단독,안전운전 의무 불이행,단일로,개인형이동장치(PM),없음,126.91182659,37.54890934,1.0,12,1,0,3
2022,8,15,2,야,월,전남,차대사람,안전운전 의무 불이행,단일로,승용차,보행자,126.95657061,35.22163284,1.0,0,0,0,2
2022,8,15,6,주,월,경북,차량단독,안전운전 의무 불이행,단일로,화물차,없음,128.20169178,36.13167277,1.7,0,0,0,0
2022,8,15,8,주,월,경북,차대차,안전운전 의무 불이행,단일로,승용차,자전거,128.77421072,36.40317496,1.0,1,0,0,0
2022,8,15,9,주,월,전남,차대사람,안전운전 의무 불이행,단일로,화물차,보행자,126.03427204,34.60803996,1.0,0,2,0,0
2022,8,15,10,주,월,경남,차량단독,안전운전 의무 불이행,단일로,농기계,없음,128.29917069,34.97346454,1.0,0,0,0,0
2022,8,15,18,야,월,경북,차량단독,안전운전 의무 불이행,단일로,승합차,없음,128.87146645,36.86587094,1.0,0,0,0,1
2022,8,15,20,야,월,전남,차량단독,안전운전 의무 불이행,단일로,사륜오토바이(ATV),없음,127.20060623,34.77135065,1.0,0,0,0,0
2022,8,16,3,야,화,경남,차대사람,안전운전 의무 불이행,단일로,화물차,보행자,128.574296,35.20258622,1.0,9,0,0,9
2022,8,16,4,야,화,제주,차량단독,안전운전 의무 불이행,단일로,이륜차,없음,126.61408801,33.52805559,1.0,0,0,0,1
2022,8,16,5,야,화,강원,차대사람,안전운전 의무 불이행,단일로,승용차,보행자,127.96243311,37.32281958,1.0,3,1,0,0
2022,8,16,9,주,화,서울,차대사람,안전운전 의무 불이행,단일로,화물차,보행자,127.0156978,37.57113062,1.0,14,2,0,5
2022,8,16,11,주,화,대구,차대차,안전운전 의무 불이행,교차로,승용차,이륜차,128.61678654,35.84652812,1.7,3,2,0,0
2022,8,16,13,주,화,서울,차량단독,안전운전 의무 불이행,단일로,승용차,없음,126.95336056,37.5026262,1.3,5,1,0,1
2022,8,16,14,주,화,부산,차대사람,보행자 보호의무 위반,단일로,승용차,보행자,129.07407101,35.18366824,1.0,8,1,0,1
2022,8,16,22,야,화,인천,차대사람,기타,단일로,승용차,보행자,126.71254043,37.44953793,1.0,13,2,1,2
2022,8,16,23,야,화,경북,차대차,안전운전 의무 불이행,단일로,화물차,화물차,128.91610378,36.01868242,1.3,0,0,0,0
2022,8,17,1,야,수,강원,차대사람,안전운전 의무 불이행,단일로,승용차,보행자,129.15910841,37.43865828,1.0,0,0,0,2
2022,8,17,2,야,수,제주,차량단독,안전운전 의무 불이행,단일로,이륜차,없음,126.18874355,33.27570466,1.0,0,0,0,0
2022,8,17,10,주,수,강원,차대사람,안전운전 의무 불이행,단일로,화물차,보행자,128.47908036,37.18618875,1.0,2,0,0,0
2022,8,17,14,주,수,경남,차대차,신호위반,교차로,화물차,자전거,128.66515205,35.23780289,1.0,3,2,0,2
2022,8,18,4,야,목,경북,차대차,안전운전 의무 불이행,단일로,이륜차,화물차,129.33564693,35.67635718,1.0,3,1,0,0
2022,8,18,8,주,목,서울,차량단독,안전운전 의무 불이행,단일로,이륜차,없음,126.89262344,37.50882827,1.0,0,0,0,1
2022,8,18,9,주,목,전북,차대차,안전운전 의무 불이행,단일로,화물차,승용차,126.97055387,35.93177665,1.0,6,2,0,1
2022,8,18,13,주,목,경기,차대차,안전운전 의무 불이행,교차로,화물차,특수차,126.87417556,37.45925659,1.0,7,2,0,0
2022,8,18,21,야,목,대구,차량단독,안전운전 의무 불이행,단일로,승용차,없음,128.66859981,35.82926635,1.0,0,0,0,1
2022,8,19,5,야,금,전남,차대사람,안전운전 의무 불이행,단일로,승합차,보행자,126.11411796,34.83153794,1.0,0,1,0,0
2022,8,19,5,야,금,경북,차대사람,안전운전 의무 불이행,교차로,승용차,보행자,129.29679706,35.70676495,1.0,0,0,0,0
2022,8,19,7,주,금,경기,차대차,안전운전 의무 불이행,단일로,화물차,화물차,127.48209857,37.79794397,1.0,1,0,1,1
2022,8,19,8,주,금,전북,차대차,안전운전 의무 불이행,교차로,원동기장치자전거,승용차,126.93482703,35.7175182,1.7,0,0,0,0
2022,8,19,10,주,금,부산,차대사람,안전운전 의무 불이행,단일로,화물차,보행자,129.10741027,35.17633304,1.0,4,0,0,1
2022,8,19,14,주,금,경남,차량단독,안전운전 의무 불이행,단일로,사륜오토바이(ATV),없음,128.34988353,35.2590741,1.0,2,1,0,0
2022,8,20,2,야,토,충북,차대차,안전운전 의무 불이행,단일로,승용차,특수차,128.22758321,37.15185418,1.0,4,0,0,0
2022,8,20,3,야,토,서울,차대사람,신호위반,교차로,화물차,보행자,126.92035462,37.50164862,1.0,10,5,0,1
2022,8,20,15,주,토,광주,차대차,중앙선 침범,단일로,승용차,승용차,126.79869384,35.14345583,3.0,6,2,0,3
2022,8,20,22,야,토,경기,차대차,안전운전 의무 불이행,단일로,승용차,이륜차,127.09168406,37.80673762,1.0,2,0,0,0
2022,8,20,23,야,토,경기,차량단독,안전운전 의무 불이행,단일로,개인형이동장치(PM),없음,127.12881791,37.39902844,1.0,6,2,0,1
2022,8,21,0,야,일,경기,차량단독,안전운전 의무 불이행,단일로,승용차,없음,126.99843213,37.02684545,1.0,0,0,2,0
2022,8,21,0,야,일,강원,차대사람,기타,단일로,승용차,보행자,128.31750306,37.59100649,1.0,0,0,0,0
2022,8,21,6,주,일,경북,차대차,중앙선 침범,단일로,승용차,이륜차,128.23061504,36.4083241,1.0,0,0,1,0
2022,8,21,9,주,일,경기,차대차,안전운전 의무 불이행,단일로,승용차,화물차,127.19039261,37.72207971,4.699999999999999,3,1,0,0
2022,8,21,12,주,일,충북,차량단독,안전운전 의무 불이행,단일로,화물차,없음,127.79682142,36.20923603,1.7,0,0,0,0
2022,8,21,12,주,일,충남,차량단독,안전운전 의무 불이행,단일로,이륜차,없음,127.48583066,36.12691135,1.0,0,0,0,0
2022,8,21,14,주,일,부산,차대차,안전운전 의무 불이행,단일로,자전거,승용차,128.88828501,35.0891414,1.0,0,0,0,1
2022,8,21,15,주,일,경북,차대사람,안전운전 의무 불이행,단일로,화물차,보행자,129.03023336,36.05072551,1.0,0,0,0,0
2022,8,21,15,주,일,인천,차대차,교차로 통행방법 위반,교차로,승합차,자전거,126.48836166,37.73998411,1.0,4,0,0,2
2022,8,21,20,야,일,경북,차대사람,안전운전 의무 불이행,단일로,승용차,보행자,128.55056892,35.99827161,1.0,0,0,0,2
2022,8,21,21,야,일,인천,차대차,안전거리 미확보,단일로,승용차,승용차,126.49272083,37.49046586,1.7,80,0,0,3
2022,8,21,23,야,일,경기,차대차,기타,단일로,승용차,개인형이동장치(PM),126.77602577,37.50302448,1.0,2,5,0,0
2022,8,22,3,야,월,울산,차대사람,안전운전 의무 불이행,단일로,승용차,보행자,129.35502971,35.6230251,1.0,6,2,0,0
2022,8,22,4,야,월,경기,차대차,안전거리 미확보,단일로,화물차,화물차,127.35592673,37.309096,1.0,0,0,0,0
2022,8,22,6,주,월,경북,차대차,안전운전 의무 불이행,단일로,승용차,화물차,128.24537586,36.16184518,1.0,4,3,1,0
2022,8,22,8,주,월,전북,차대차,안전운전 의무 불이행,교차로,승합차,자전거,126.94986645,35.94639759,1.0,6,3,0,0
2022,8,22,9,주,월,경기,차대사람,기타,단일로,승용차,보행자,126.97187441,37.37973712,1.0,4,3,0,3
2022,8,22,14,주,월,전남,차대사람,안전운전 의무 불이행,단일로,화물차,보행자,126.39081865,35.02257789,1.0,0,0,0,0
2022,8,22,14,주,월,경북,차대차,기타,단일로,승용차,농기계,129.37259053,36.71412247,1.0,0,0,0,0
2022,8,22,21,야,월,강원,차대사람,안전운전 의무 불이행,단일로,화물차,보행자,128.49328172,37.93540278,1.0,0,0,0,0
2022,8,22,21,야,월,인천,차대사람,신호위반,교차로,승용차,보행자,126.50563721,37.73986074,1.0,1,1,0,2
2022,8,23,0,야,화,전남,차량단독,안전운전 의무 불이행,단일로,화물차,없음,126.98198864,35.22474693,1.0,0,1,0,0
2022,8,23,13,주,화,인천,차대차,기타,교차로,승용차,승용차,126.47976632,37.72289357,1.6,2,0,0,1
2022,8,23,23,야,화,경기,차대차,신호위반,교차로,이륜차,승용차,127.19283454,37.55358016,1.7,3,0,0,3
2022,8,24,0,야,수,서울,차량단독,안전운전 의무 불이행,교차로,이륜차,없음,126.96241019,37.5438235,1.0,3,4,0,0
2022,8,24,2,야,수,경북,차대차,안전운전 의무 불이행,단일로,승합차,승용차,128.42073907,36.13638279,1.0,6,0,0,4
2022,8,24,5,야,수,경북,차량단독,안전운전 의무 불이행,단일로,이륜차,없음,128.74187046,36.55771028,1.7,0,0,0,0
2022,8,24,5,야,수,울산,차대차,안전운전 의무 불이행,단일로,승용차,화물차,129.3887122,35.5777694,2.6,1,0,0,1
2022,8,24,15,주,수,경기,차대사람,보행자 보호의무 위반,교차로,승용차,보행자,127.09248387,37.82036824,1.0,19,2,0,2
2022,8,24,18,야,수,전북,차대사람,안전운전 의무 불이행,단일로,승용차,보행자,126.7494232,35.94412142,1.0,4,1,0,0
2022,8,24,19,야,수,전북,차대차,안전운전 의무 불이행,단일로,승용차,자전거,127.15053601,35.88016956,1.0,1,1,1,0
2022,8,24,20,야,수,충북,차대차,기타,단일로,승용차,승용차,128.25502625,37.17672333,1.0,0,0,0,1
2022,8,25,1,야,목,인천,차대사람,안전운전 의무 불이행,단일로,승용차,보행자,126.68946742,37.45985562,1.0,9,1,0,4
2022,8,25,2,야,목,경북,차대차,기타,단일로,승용차,개인형이동장치(PM),128.39163253,36.11586755,1.0,0,0,0,0
2022,8,25,12,주,목,경기,차대차,중앙선 침범,교차로,승합차,건설기계,127.07012319,37.01366842,1.3,0,0,0,1
2022,8,25,12,주,목,충남,차대사람,기타,단일로,승용차,보행자,127.21022481,36.78053513,1.0,0,0,0,1
2022,8,25,13,주,목,경남,차대사람,안전운전 의무 불이행,단일로,화물차,보행자,128.94003256,35.28731789,1.0,0,0,0,0
2022,8,25,16,주,목,전북,차대차,중앙선 침범,단일로,승용차,승용차,126.48738401,35.51392341,2.4,0,0,0,0
2022,8,25,18,야,목,경북,차대차,교차로 통행방법 위반,교차로,승용차,이륜차,128.02506464,36.15041917,1.0,2,0,0,1
2022,8,25,19,야,목,전북,차대사람,안전운전 의무 불이행,단일로,승합차,보행자,126.69704914,35.57292635,1.0,0,0,0,0
2022,8,25,19,야,목,대전,차대사람,안전운전 의무 불이행,교차로,승용차,보행자,127.33929239,36.35503355,1.0,11,0,0,6
2022,8,25,23,야,목,충남,차대사람,안전운전 의무 불이행,단일로,승용차,보행자,127.14426089,36.83884334,1.0,13,3,0,1
2022,8,26,0,야,금,경기,차대차,신호위반,교차로,이륜차,승용차,126.78061293,37.67078193,1.6,3,2,0,0
2022,8,26,5,야,금,충남,차대사람,안전운전 의무 불이행,교차로,승용차,보행자,127.13433437,36.93553032,1.0,0,0,0,1
2022,8,26,7,주,금,경북,차대차,안전운전 의무 불이행,기타,화물차,자전거,129.36348019,36.00107078,1.0,0,0,0,0
2022,8,26,10,주,금,서울,차대차,안전운전 의무 불이행,기타,화물차,자전거,126.94843364,37.46644081,1.0,4,1,0,0
2022,8,26,10,주,금,경기,차량단독,안전운전 의무 불이행,단일로,자전거,없음,127.22513171,37.87386672,1.0,2,1,0,0
2022,8,26,12,주,금,충남,차대차,중앙선 침범,단일로,이륜차,승용차,126.57582804,36.51645995,2.0,0,0,0,0
2022,8,26,14,주,금,서울,차대차,안전운전 의무 불이행,교차로,승용차,승용차,127.01266338,37.59712195,1.7,9,3,0,0
2022,8,26,14,주,금,서울,차량단독,안전운전 의무 불이행,교차로,기타,없음,127.06863886,37.58867787,1.0,6,4,1,3
2022,8,26,14,주,금,서울,차대차,안전운전 의무 불이행,단일로,화물차,승용차,126.88817346,37.48011521,1.9,13,1,0,2
2022,8,26,14,주,금,충북,차대차,안전운전 의무 불이행,단일로,승용차,이륜차,127.76201498,36.12997949,1.0,0,0,0,0
2022,8,26,15,주,금,충남,차대차,신호위반,교차로,건설기계,이륜차,126.27818102,36.76970053,2.0,2,0,0,0
2022,8,26,17,주,금,대구,차대차,안전운전 의무 불이행,교차로,건설기계,이륜차,128.49206718,35.84474659,1.0,1,0,0,0
2022,8,26,19,야,금,경북,차대사람,안전운전 의무 불이행,교차로,화물차,보행자,128.82567213,35.81467208,1.0,0,2,0,1
2022,8,26,23,야,금,전북,차대사람,안전운전 의무 불이행,단일로,승용차,보행자,127.13123463,35.78978823,1.0,7,1,1,2
2022,8,27,2,야,토,대구,차량단독,안전운전 의무 불이행,단일로,개인형이동장치(PM),없음,128.62335664,35.86719376,1.0,6,3,0,4
2022,8,27,9,주,토,경기,차대차,안전운전 의무 불이행,단일로,자전거,자전거,126.70065819,37.66786063,1.3,0,0,2,0
2022,8,27,12,주,토,경북,차량단독,안전운전 의무 불이행,단일로,화물차,없음,127.86267339,36.28967131,1.0,0,0,0,0
2022,8,27,14,주,토,강원,차량단독,안전운전 의무 불이행,단일로,이륜차,없음,127.91014011,37.78943504,1.0,0,0,0,1
2022,8,27,18,야,토,충북,차량단독,안전운전 의무 불이행,단일로,화물차,없음,127.82424199,37.11054713,1.0,0,0,0,0
2022,8,27,18,야,토,전남,차대차,신호위반,교차로,승용차,승합차,127.53736361,34.9153285,5.199999999999999,2,1,0,0
2022,8,28,8,주,일,경남,차대사람,보행자 보호의무 위반,교차로,승용차,보행자,129.15437512,35.37847414,1.0,3,1,0,2
2022,8,28,19,야,일,세종,차대사람,안전운전 의무 불이행,단일로,승용차,보행자,127.2900404,36.59914302,1.0,6,1,1,1
2022,8,29,5,야,월,서울,차대사람,기타,교차로,승용차,보행자,127.12534215,37.52511878,1.0,1,0,0,1
2022,8,29,5,야,월,인천,차대차,중앙선 침범,단일로,건설기계,이륜차,126.70744408,37.43429804,1.0,0,0,0,0
2022,8,29,17,주,월,전북,차량단독,안전운전 의무 불이행,단일로,농기계,없음,126.55914893,35.37307361,1.0,0,0,0,0
2022,8,29,19,야,월,경기,차대차,기타,단일로,승용차,개인형이동장치(PM),127.07617342,37.00914696,1.0,3,0,0,0
2022,8,29,19,야,월,충북,차대사람,기타,교차로,이륜차,보행자,127.93397534,36.98323004,1.0,8,3,1,4
2022,8,29,19,야,월,경남,차대사람,안전운전 의무 불이행,단일로,화물차,보행자,128.07948113,35.06510962,1.0,2,0,0,0
2022,8,29,22,야,월,서울,차량단독,안전운전 의무 불이행,단일로,이륜차,없음,127.06700137,37.61519844,1.0,1,0,0,0
2022,8,30,7,주,화,경남,차대사람,안전운전 의무 불이행,교차로,승용차,보행자,128.8527275,35.21416749,1.0,0,1,0,2
2022,8,30,9,주,화,부산,차대사람,안전운전 의무 불이행,단일로,건설기계,보행자,129.0626943,35.09584558,1.0,5,1,0,2
2022,8,30,17,주,화,전북,차량단독,안전운전 의무 불이행,기타,화물차,없음,126.57649014,35.32060494,1.0,0,0,0,0
2022,8,30,21,야,화,경기,차대차,안전운전 의무 불이행,단일로,화물차,화물차,126.85681027,37.07309025,3.3,0,0,0,0
2022,8,30,23,야,화,경기,차대사람,안전운전 의무 불이행,교차로,승용차,보행자,126.79249215,37.81311691,1.0,0,0,1,1
2022,8,31,10,주,수,전북,차대차,안전운전 의무 불이행,단일로,승용차,사륜오토바이(ATV),126.69900354,35.96228682,1.0,8,3,0,2
2022,8,31,11,주,수,경남,차대차,신호위반,교차로,이륜차,자전거,128.11217404,35.17948403,1.0,4,2,1,3
2022,8,31,17,주,수,강원,차대사람,신호위반,교차로,화물차,보행자,127.727333,37.8937698,1.0,7,0,0,0
2022,8,31,17,주,수,경기,차대차,안전운전 의무 불이행,단일로,특수차,승용차,127.76905882,37.39946717,1.0,0,0,0,1
2022,8,31,19,야,수,충남,차대차,안전운전 의무 불이행,단일로,승용차,자전거,127.27024748,36.36206092,1.0,4,0,0,0
2022,9,1,14,주,목,강원,차량단독,안전운전 의무 불이행,단일로,자전거,없음,127.85951202,37.52677027,1.0,0,0,0,0
2022,9,1,14,주,목,전남,차대차,안전운전 의무 불이행,단일로,화물차,승용차,127.48897716,35.06959531,2.0,0,0,0,0
2022,9,1,15,주,목,경기,차대사람,안전운전 의무 불이행,교차로,화물차,보행자,126.77029033,37.48435831,1.0,2,1,0,3
2022,9,1,17,주,목,경기,차대차,안전거리 미확보,단일로,승용차,승용차,126.88343011,37.04348476,3.3999999999999995,0,0,0,0
2022,9,1,17,주,목,충북,차대차,중앙선 침범,단일로,이륜차,화물차,127.82578101,36.88329005,1.0,0,0,0,0
2022,9,1,20,야,목,서울,차대사람,안전운전 의무 불이행,교차로,승합차,보행자,127.09510152,37.58599546,1.0,6,3,4,3
2022,9,1,22,야,목,인천,차대사람,안전운전 의무 불이행,교차로,승합차,보행자,126.72309349,37.49276438,1.0,3,1,0,3