발생년,발생월,발생일,발생시,주야,요일,발생지시도,사고유형_대분류,가해자법규위반,도로형태_대분류,가해자_당사자종별,피해자_당사자종별,경도,위도,사상자수,반경500m카메라수,반경500m학교수,반경500m전광판수,반경500m사고건수
2022,10,19,11,주,수,강원,차대사람,안전운전 의무 불이행,기타,승용차,보행자,128.13395296,37.46311615,5.499999999999999,0,0,0,0
2022,10,19,11,주,수,경북,차대차,안전운전 의무 불이행,단일로,화물차,자전거,129.36917128,36.02127369,1.0,6,1,0,1
2022,10,19,13,주,수,경기,차대사람,안전운전 의무 불이행,단일로,화물차,보행자,126.81082404,37.75368526,1.0,0,0,0,0
2022,10,20,0,야,목,대구,차대사람,신호위반,교차로,이륜차,보행자,128.61535417,35.89761478,1.0,4,1,1,1
2022,10,20,4,야,목,경기,차대차,안전운전 의무 불이행,단일로,승용차,화물차,126.79399391,37.35357966,1.7,0,0,0,0
2022,10,20,6,주,목,경기,차대차,안전운전 의무 불이행,단일로,승용차,승용차,126.81492596,37.61515796,1.0,0,0,1,0
2022,10,20,9,주,목,경기,차대사람,보행자 보호의무 위반,교차로,승합차,보행자,126.79965586,37.66064849,1.0,2,1,1,0
2022,10,20,10,주,목,전북,차량단독,안전운전 의무 불이행,교차로,원동기장치자전거,없음,127.51108514,35.44748209,1.0,0,0,1,0
2022,10,20,14,주,목,전북,차량단독,안전운전 의무 불이행,단일로,화물차,없음,126.80281699,35.49004727,1.0,0,0,1,0
2022,10,20,18,야,목,경남,차대사람,안전운전 의무 불이행,단일로,승용차,보행자,128.88556213,35.23399245,1.0,7,4,0,4
2022,10,21,1,야,금,경기,차대사람,기타,교차로,승용차,보행자,127.45488421,37.26975693,1.0,1,0,2,0
2022,10,21,4,야,금,전남,차대사람,안전운전 의무 불이행,단일로,승용차,보행자,126.9563109,35.22432775,1.0,0,0,0,2
2022,10,21,9,주,금,경기,차대사람,안전운전 의무 불이행,교차로,승용차,보행자,126.79306276,37.84976714,1.0,0,0,0,1
2022,10,21,13,주,금,강원,차대차,안전거리 미확보,단일로,사륜오토바이(ATV),승용차,127.76932908,37.84524493,1.0,0,0,1,2
2022,10,21,14,주,금,경남,차량단독,안전운전 의무 불이행,단일로,농기계,없음,128.3073438,34.90651172,1.0,0,0,0,0
2022,10,21,18,야,금,전남,차대차,안전운전 의무 불이행,단일로,승용차,화물차,126.94225093,35.26526378,1.0,0,0,0,0
2022,10,21,18,야,금,경북,차량단독,안전운전 의무 불이행,단일로,이륜차,없음,128.29555879,36.21213471,1.0,0,0,0,0
2022,10,21,19,야,금,광주,차대사람,안전운전 의무 불이행,단일로,원동기장치자전거,보행자,126.90200044,35.16502842,1.0,7,2,0,2
2022,10,21,23,야,금,전남,차대사람,기타,단일로,승합차,보행자,127.52271113,34.93759646,1.7,2,1,0,1
2022,10,21,23,야,금,경남,차량단독,안전운전 의무 불이행,단일로,승용차,없음,127.83762382,35.28655581,1.0,0,0,0,0
2022,10,22,3,야,토,서울,차량단독,안전운전 의무 불이행,기타,이륜차,없음,127.05695659,37.56455959,1.0,15,2,0,4
2022,10,22,3,야,토,경기,차량단독,안전운전 의무 불이행,단일로,이륜차,없음,126.87032025,37.37822145,1.0,1,0,1,1
2022,10,22,4,야,토,전북,차량단독,안전운전 의무 불이행,단일로,이륜차,없음,126.72280229,35.96567095,1.0,12,3,0,0
2022,10,22,6,주,토,충남,차대사람,안전운전 의무 불이행,교차로,승합차,보행자,127.1590421,36.80105212,1.0,6,1,0,5
2022,10,22,7,주,토,경남,차대사람,안전운전 의무 불이행,단일로,건설기계,보행자,128.0667371,35.19341101,1.0,6,0,0,1
2022,10,22,11,주,토,충남,차량단독,안전운전 의무 불이행,단일로,농기계,없음,126.95555975,36.42130822,1.0,0,0,0,0
2022,10,22,11,주,토,제주,차대차,기타,교차로,이륜차,승합차,126.2516799,33.21796261,1.0,0,1,0,2
2022,10,22,14,주,토,경기,차대차,안전운전 의무 불이행,단일로,화물차,이륜차,126.86112565,37.27963351,1.0,2,0,0,1
2022,10,22,14,주,토,대전,차대차,안전운전 의무 불이행,단일로,이륜차,화물차,127.40064947,36.4419631,1.0,3,0,0,0
2022,10,22,17,주,토,대구,차대사람,안전운전 의무 불이행,단일로,승용차,보행자,128.60151485,35.89442479,1.0,2,1,0,2
2022,10,22,20,야,토,충북,차대차,기타,단일로,승용차,이륜차,127.43824964,36.93468891,2.0,1,0,0,0
2022,10,22,23,야,토,경기,차대사람,기타,단일로,승용차,보행자,127.44692599,37.27911017,1.0,26,1,0,3
2022,10,22,23,야,토,대전,차대사람,안전운전 의무 불이행,단일로,승용차,보행자,127.30618592,36.3432554,1.0,8,1,0,2
2022,10,23,6,주,일,강원,차대사람,안전운전 의무 불이행,단일로,화물차,보행자,128.79362203,37.92793267,1.0,0,0,0,1
2022,10,23,10,주,일,경북,차대차,중앙선 침범,단일로,화물차,승합차,129.30713616,36.39250378,1.7,0,0,0,0
2022,10,23,11,주,일,강원,차대차,안전운전 의무 불이행,교차로,승용차,원동기장치자전거,127.75653445,37.89215954,1.0,9,2,0,0
2022,10,23,14,주,일,전남,차대차,신호위반,교차로,승용차,이륜차,126.33354447,34.94787752,1.0,0,0,0,1
2022,10,23,19,야,일,전남,차대차,신호위반,교차로,승용차,이륜차,127.48893617,34.96686892,1.0,3,1,0,2
2022,10,23,23,야,일,경북,차대차,안전운전 의무 불이행,단일로,승용차,이륜차,129.36080155,36.02445077,1.0,13,2,0,1
2022,10,24,2,야,월,강원,차대사람,안전운전 의무 불이행,단일로,승용차,보행자,128.57520282,38.19246488,1.0,3,1,0,2
2022,10,24,7,주,월,경북,차량단독,안전거리 미확보,단일로,승용차,없음,128.9654795,35.80751332,1.0,0,0,0,0
2022,10,24,8,주,월,경기,차대차,안전운전 의무 불이행,교차로,승용차,이륜차,127.1875991,37.22806916,1.0,2,0,0,0
2022,10,24,9,주,월,경북,차대차,중앙선 침범,단일로,승용차,승용차,129.52689969,35.88480408,3.8,0,0,0,0
2022,10,24,9,주,월,대전,차대차,안전운전 의무 불이행,교차로,건설기계,자전거,127.41522309,36.35860952,1.0,13,2,0,1
2022,10,24,11,주,월,경기,차대사람,안전운전 의무 불이행,단일로,화물차,보행자,127.43878491,37.05153435,1.0,0,0,0,1
2022,10,24,11,주,월,경북,차대차,안전거리 미확보,단일로,화물차,화물차,128.27314879,36.38772725,1.6,0,0,0,0
2022,10,24,14,주,월,충남,차대차,안전운전 의무 불이행,단일로,승용차,승용차,127.37467258,36.24795393,1.0,1,0,0,0
2022,10,24,16,주,월,서울,차대차,안전운전 의무 불이행,교차로,자전거,건설기계,127.11475772,37.51466502,1.0,1,1,0,1
2022,10,24,18,야,월,경기,차대차,안전운전 의무 불이행,단일로,이륜차,화물차,127.20871242,38.01237445,1.0,0,0,0,0
2022,10,24,20,야,월,전남,차대차,안전운전 의무 불이행,단일로,화물차,이륜차,127.62950891,34.96455502,1.0,0,0,0,0
2022,10,25,5,야,화,전북,차량단독,안전운전 의무 불이행,단일로,이륜차,없음,127.12512219,35.91298344,1.0,1,0,0,0
2022,10,25,9,주,화,경기,차대차,안전운전 의무 불이행,단일로,화물차,화물차,126.83565631,37.10586619,2.0,0,0,0,0
2022,10,25,10,주,화,경남,차대차,안전운전 의무 불이행,단일로,화물차,승합차,128.47788948,35.56384415,5.1,0,0,0,0
2022,10,25,12,주,화,경기,차대차,안전거리 미확보,교차로,건설기계,자전거,127.06123933,37.94664549,1.0,3,0,0,0
2022,10,25,16,주,화,서울,차대차,안전거리 미확보,단일로,승용차,이륜차,126.88501384,37.48750795,1.0,4,1,0,6
2022,10,25,19,야,화,경기,차대차,안전운전 의무 불이행,단일로,이륜차,화물차,126.85526798,37.28662354,1.0,10,4,0,1
2022,10,25,20,야,화,서울,차대차,안전운전 의무 불이행,단일로,승용차,승용차,127.12504917,37.53843089,2.2,11,0,0,5
2022,10,26,1,야,수,대전,차대차,기타,단일로,특수차,특수차,127.41960083,36.4369829,1.0,0,0,0,1
2022,10,26,1,야,수,전북,차대차,안전운전 의무 불이행,단일로,승용차,화물차,127.05477991,35.87694964,1.7,3,1,1,3
2022,10,26,2,야,수,경북,차대사람,기타,단일로,승용차,보행자,129.34323341,36.09528696,1.0,1,0,0,2
2022,10,26,6,주,수,서울,차대사람,안전운전 의무 불이행,기타,승용차,보행자,126.86245678,37.52234278,1.0,2,6,0,0
2022,10,26,12,주,수,경기,차대차,안전운전 의무 불이행,단일로,화물차,화물차,126.89129687,37.05395483,1.0,0,0,0,1
2022,10,26,12,주,수,전북,차대사람,신호위반,교차로,이륜차,보행자,127.12621226,35.79417263,1.0,11,3,0,0
2022,10,26,13,주,수,경기,차대차,안전운전 의무 불이행,단일로,화물차,특수차,127.09246504,37.16801675,1.0,1,0,0,0
2022,10,26,18,야,수,전남,차대사람,안전운전 의무 불이행,교차로,승용차,보행자,126.69091972,34.96186595,1.0,0,0,0,0
2022,10,26,21,야,수,경북,차대차,안전운전 의무 불이행,교차로,승합차,이륜차,128.37188397,36.11953795,1.0,5,2,0,0
2022,10,26,23,야,수,광주,차대차,신호위반,교차로,승용차,이륜차,126.85207202,35.14837874,1.7,3,0,0,1
2022,10,27,1,야,목,충북,차대차,교차로 통행방법 위반,기타,승용차,이륜차,127.48968452,36.65172268,1.0,2,3,0,1
2022,10,27,4,야,목,서울,차대사람,기타,단일로,승용차,보행자,127.02665349,37.62573339,1.0,3,3,0,2
2022,10,27,5,야,목,대구,차대사람,기타,교차로,승용차,보행자,128.64913065,35.81882466,1.0,4,3,0,0
2022,10,27,6,주,목,충북,차대차,기타,교차로,자전거,승용차,127.44129222,36.62688142,1.0,5,6,0,0
2022,10,27,7,주,목,경북,차대사람,안전운전 의무 불이행,단일로,승용차,보행자,128.81591283,35.88188109,1.0,0,0,0,3
2022,10,27,9,주,목,충남,차량단독,안전운전 의무 불이행,단일로,농기계,없음,126.34773641,36.45651922,1.0,0,0,0,0
2022,10,27,9,주,목,경남,차대차,중앙선 침범,단일로,승용차,승용차,128.64058074,35.21910231,1.0,0,0,0,0
2022,10,27,11,주,목,전남,차량단독,안전운전 의무 불이행,단일로,특수차,없음,127.4801311,35.00316309,1.0,0,0,1,1
2022,10,27,12,주,목,전북,차대사람,기타,단일로,승용차,보행자,127.27035532,35.67475251,1.0,5,2,0,0
2022,10,27,13,주,목,인천,차대사람,안전운전 의무 불이행,교차로,화물차,보행자,126.63598246,37.45710612,1.0,4,1,1,0
2022,10,27,13,주,목,인천,차량단독,안전운전 의무 불이행,단일로,승용차,없음,126.42407744,37.69534159,2.0,2,0,0,0
2022,10,27,14,주,목,전남,차대사람,안전운전 의무 불이행,기타,화물차,보행자,126.49359007,34.84955283,1.0,2,1,0,0
2022,10,27,14,주,목,경북,차대차,안전운전 의무 불이행,단일로,이륜차,화물차,128.98702125,35.98427011,1.0,1,0,0,0
2022,10,27,14,주,목,경기,차량단독,안전운전 의무 불이행,교차로,이륜차,없음,127.52347817,37.83251756,1.0,0,0,0,0
2022,10,27,15,주,목,경남,차대사람,안전운전 의무 불이행,교차로,승용차,보행자,128.53030809,35.45723276,1.0,2,2,0,0
2022,10,27,17,주,목,경기,차량단독,안전운전 의무 불이행,단일로,사륜오토바이(ATV),없음,127.59082866,37.59658786,1.0,0,0,0,0
2022,10,27,17,주,목,경북,차대사람,보행자 보호의무 위반,교차로,화물차,보행자,128.27779438,35.92245451,1.0,2,0,0,1
2022,10,27,18,야,목,경북,차대차,안전운전 의무 불이행,단일로,화물차,승용차,128.30596795,36.23779482,1.0,3,0,0,0
2022,10,27,19,야,목,경북,차량단독,안전운전 의무 불이행,단일로,이륜차,없음,129.12310221,35.83156873,1.0,0,0,0,0
2022,10,28,11,주,금,서울,차대차,중앙선 침범,불명,건설기계,이륜차,127.0583913,37.61496824,1.0,6,4,0,5
2022,10,28,11,주,금,경기,차대차,안전운전 의무 불이행,단일로,승용차,화물차,127.00290764,37.39949456,1.6,0,0,0,0
2022,10,28,11,주,금,대전,차대사람,보행자 보호의무 위반,교차로,승용차,보행자,127.42988989,36.34774644,1.0,9,1,0,2
2022,10,28,12,주,금,부산,차대사람,안전운전 의무 불이행,기타,화물차,보행자,129.12168197,35.32513874,1.0,0,0,0,1
2022,10,28,12,주,금,전북,차대사람,보행자 보호의무 위반,교차로,화물차,보행자,127.15024548,35.82273606,1.0,21,2,1,5
2022,10,28,13,주,금,부산,차대사람,안전운전 의무 불이행,교차로,특수차,보행자,129.08102427,35.21775724,1.0,3,0,0,2
2022,10,28,15,주,금,충북,차량단독,안전운전 의무 불이행,단일로,승용차,없음,127.71901177,37.01887827,1.0,0,0,0,0
2022,10,28,15,주,금,경북,차대차,중앙선 침범,단일로,승용차,화물차,128.81890365,35.8698398,1.3,2,0,0,0
2022,10,28,15,주,금,광주,차대차,신호위반,교차로,이륜차,화물차,126.90940711,35.14904147,1.0,1,1,0,5
2022,10,28,16,주,금,경기,차대차,안전운전 의무 불이행,교차로,자전거,승합차,127.12673556,37.38606007,1.0,9,2,2,1
2022,10,28,16,주,금,경북,차대차,기타,교차로,승용차,원동기장치자전거,128.82119496,35.8950937,1.3,0,0,0,2
2022,10,28,17,주,금,전북,차량단독,안전운전 의무 불이행,교차로,농기계,없음,127.25245557,35.47697499,1.0,0,0,0,0
2022,10,28,17,주,금,제주,차대차,기타,교차로,승용차,화물차,126.20358792,33.33267113,1.0,0,0,0,1
2022,10,28,18,야,금,전북,차대차,중앙선 침범,단일로,이륜차,승용차,127.1586547,35.93222444,1.3,2,1,0,1
2022,10,28,19,야,금,충북,차대사람,안전운전 의무 불이행,교차로,화물차,보행자,128.24060312,37.21205882,1.0,0,0,0,0
2022,10,29,0,야,토,경기,차대차,신호위반,교차로,승용차,이륜차,127.04979779,37.26289721,1.0,4,3,0,1
2022,10,29,11,주,토,경남,차량단독,안전운전 의무 불이행,교차로,농기계,없음,128.37027339,35.14868994,1.0,0,0,0,0
2022,10,29,13,주,토,전북,차대차,안전운전 의무 불이행,단일로,승용차,이륜차,126.66780974,35.62997211,1.0,1,0,1,0
2022,10,29,14,주,토,부산,차대차,기타,단일로,건설기계,승용차,128.96021705,35.11834765,1.3,3,1,1,1
2022,10,29,16,주,토,서울,차대차,기타,단일로,승용차,이륜차,127.14563496,37.49857325,1.0,7,1,0,2
2022,10,29,16,주,토,경북,차량단독,안전운전 의무 불이행,단일로,화물차,없음,128.46260989,36.42956827,1.0,0,0,0,0
2022,10,29,20,야,토,인천,차대사람,안전운전 의무 불이행,단일로,승용차,보행자,126.66623395,37.46470547,1.0,9,1,1,3
2022,10,29,22,야,토,경기,차대사람,기타,교차로,승용차,보행자,127.05787154,37.89894535,1.0,6,1,0,1
2022,10,30,9,주,일,전남,차량단독,안전운전 의무 불이행,단일로,승용차,없음,127.34124148,34.65800834,1.0,0,0,0,1
2022,10,30,12,주,일,전북,차대차,안전운전 의무 불이행,단일로,화물차,화물차,126.99614436,36.10537797,1.3,2,1,0,0
2022,10,30,17,주,일,대구,차대차,신호위반,교차로,이륜차,승용차,128.42486188,35.6294315,1.7,0,0,0,0
2022,10,30,18,야,일,경기,차대사람,안전운전 의무 불이행,단일로,승용차,보행자,126.9821361,37.15989696,1.0,1,0,0,0
2022,10,30,22,야,일,경기,차대차,신호위반,교차로,승용차,이륜차,126.94837896,37.38916639,1.0,6,0,0,2
2022,10,31,1,야,월,경기,차량단독,안전운전 의무 불이행,교차로,승용차,없음,126.91443676,36.95214668,2.0,1,0,0,0
2022,10,31,9,주,월,전남,차량단독,안전운전 의무 불이행,교차로,농기계,없음,126.8074145,34.45408138,1.0,2,1,0,0
2022,10,31,12,주,월,경북,차대차,중앙선 침범,단일로,승용차,승용차,129.28297238,35.99366787,1.7,1,0,0,0
2022,10,31,14,주,월,경북,차대사람,안전운전 의무 불이행,교차로,화물차,보행자,128.82985573,36.01261109,1.0,0,0,0,0
2022,10,31,20,야,월,대구,차대사람,안전운전 의무 불이행,단일로,승용차,보행자,128.72300473,35.86768106,1.0,1,1,0,2
2022,10,31,23,야,월,인천,차대차,신호위반,교차로,승용차,이륜차,126.64734878,37.46181259,1.0,6,0,0,2
2022,11,1,4,야,화,경기,차량단독,안전운전 의무 불이행,교차로,승용차,없음,127.5160032,37.10186695,1.0,0,0,1,1
2022,11,1,8,주,화,충남,차대차,중앙선 침범,단일로,화물차,건설기계,126.70583802,36.57107095,1.0,0,0,0,0
2022,11,1,11,주,화,광주,차대사람,기타,단일로,승용차,보행자,126.80851362,35.17520695,1.7,9,3,0,3
2022,11,1,12,주,화,경남,차대차,안전운전 의무 불이행,단일로,화물차,화물차,128.50694679,35.2862531,2.4,1,0,0,1
2022,11,1,13,주,화,강원,차대차,신호위반,단일로,승용차,화물차,128.38663104,37.18814258,3.0,0,0,0,1
2022,11,1,14,주,화,부산,차대차,안전운전 의무 불이행,단일로,이륜차,승용차,129.00359699,35.12863664,1.0,0,0,0,0
2022,11,1,15,주,화,충남,차량단독,안전운전 의무 불이행,단일로,화물차,없음,126.73055548,36.73903301,1.0,0,0,1,0
2022,11,1,15,주,화,전북,차량단독,안전운전 의무 불이행,단일로,농기계,없음,126.94993011,35.71741687,1.0,0,0,0,0
2022,11,1,15,주,화,전남,차대사람,안전운전 의무 불이행,교차로,화물차,보행자,127.39267381,35.01421772,1.0,0,0,0,1
2022,11,1,16,주,화,경남,차대차,중앙선 침범,단일로,승용차,화물차,127.86931991,35.10992674,1.7,0,0,0,0
2022,11,1,18,야,화,전남,차대차,안전운전 의무 불이행,단일로,승용차,원동기장치자전거,126.5815526,34.79854376,1.0,0,0,0,1
2022,11,1,19,야,화,대구,차대차,안전운전 의무 불이행,단일로,화물차,원동기장치자전거,128.61731252,35.88163901,1.0,9,3,0,1
2022,11,1,20,야,화,서울,차대사람,기타,단일로,승용차,보행자,127.07813639,37.56760261,1.0,9,2,4,0
2022,11,2,4,야,수,경남,차대사람,기타,교차로,승합차,보행자,128.41764021,34.85883044,1.0,3,0,0,0
2022,11,2,11,주,수,경기,차대사람,안전운전 의무 불이행,교차로,승용차,보행자,126.90398747,37.66882001,1.0,0,0,0,0
2022,11,2,13,주,수,경기,차대차,안전운전 의무 불이행,단일로,화물차,화물차,126.96665634,37.70702089,1.6,0,0,0,1
2022,11,2,14,주,수,충남,차량단독,안전운전 의무 불이행,단일로,농기계,없음,126.83722809,36.28998925,1.0,1,0,0,0
2022,11,2,16,주,수,경기,차량단독,안전운전 의무 불이행,단일로,개인형이동장치(PM),없음,126.7953659,37.4820228,1.0,4,0,1,5
2022,11,2,21,야,수,부산,차량단독,안전운전 의무 불이행,교차로,이륜차,없음,128.86575034,35.08894653,1.0,1,0,0,0
2022,11,2,22,야,수,경기,차대차,안전운전 의무 불이행,단일로,승용차,이륜차,127.05952111,36.99646623,2.0,0,0,0,0
2022,11,3,6,주,목,경북,차대사람,안전운전 의무 불이행,교차로,승용차,보행자,128.95054806,35.97079743,1.0,0,0,0,0
2022,11,3,16,주,목,경기,차대차,안전거리 미확보,단일로,화물차,농기계,127.07057433,37.78367001,1.0,0,0,1,0
2022,11,3,18,야,목,전남,차대차,교차로 통행방법 위반,교차로,승용차,화물차,126.34778166,34.69815055,1.0,2,0,0,0
2022,11,3,21,야,목,강원,차대차,신호위반,교차로,이륜차,승용차,127.731434,37.85952115,1.3,7,3,0,1
2022,11,4,11,주,금,충북,차대사람,안전운전 의무 불이행,단일로,승용차,보행자,127.94002207,36.95617359,1.0,1,1,0,1
2022,11,4,13,주,금,충남,차대차,교차로 통행방법 위반,교차로,승용차,원동기장치자전거,126.75236248,36.94069918,1.0,1,0,0,0
2022,11,4,13,주,금,전북,차대차,중앙선 침범,단일로,승용차,화물차,127.51277496,35.54179664,1.7,0,0,0,1
2022,11,4,14,주,금,부산,차대사람,보행자 보호의무 위반,교차로,화물차,보행자,129.06077704,35.16555578,1.0,5,1,1,1
2022,11,4,14,주,금,경북,차대차,안전운전 의무 불이행,단일로,이륜차,승합차,128.15038569,36.38747614,1.0,0,0,0,0
2022,11,4,15,주,금,제주,차량단독,안전운전 의무 불이행,기타,원동기장치자전거,없음,126.87360758,33.37746298,1.0,1,2,0,1
2022,11,4,17,주,금,전북,차대사람,안전운전 의무 불이행,단일로,화물차,보행자,126.66299458,35.43778274,1.0,1,0,0,2
2022,11,4,19,야,금,경기,차대사람,안전운전 의무 불이행,교차로,승용차,보행자,126.7246029,37.20246171,1.0,1,0,0,1
2022,11,4,19,야,금,경기,차대차,기타,교차로,승용차,이륜차,126.73766055,37.72946719,1.0,18,1,0,2
2022,11,5,0,야,토,경기,차대차,신호위반,교차로,승용차,이륜차,126.77445085,37.67478211,1.0,9,3,0,0
2022,11,5,17,주,토,충북,차대사람,안전운전 의무 불이행,단일로,화물차,보행자,127.92670859,36.9737462,1.0,13,2,1,2
2022,11,5,19,야,토,강원,차량단독,안전운전 의무 불이행,단일로,승용차,없음,128.36975561,37.61156175,1.0,0,0,0,1
2022,11,5,19,야,토,경북,차대사람,안전운전 의무 불이행,단일로,승용차,보행자,129.31743626,35.77598675,1.0,0,0,0,0
2022,11,6,0,야,일,경기,차대차,안전운전 의무 불이행,교차로,원동기장치자전거,특수차,127.09723888,37.32093751,1.0,8,2,0,1
2022,11,6,3,야,일,경기,차대사람,안전운전 의무 불이행,교차로,승용차,보행자,126.91059965,37.40256777,1.0,1,1,0,1
2022,11,6,5,야,일,전북,차대사람,안전운전 의무 불이행,단일로,화물차,보행자,126.72057077,35.42982787,1.0,0,0,0,0
2022,11,6,8,주,일,부산,차량단독,안전운전 의무 불이행,단일로,이륜차,없음,128.89989242,35.12965368,1.0,0,0,0,0
2022,11,6,9,주,일,전북,차대차,안전운전 의무 불이행,교차로,승용차,사륜오토바이(ATV),127.14675708,35.37580547,1.0,5,2,0,1
2022,11,6,10,주,일,경기,차대차,안전운전 의무 불이행,단일로,화물차,건설기계,126.70519229,37.19013726,1.0,0,0,0,1
2022,11,6,12,주,일,경북,차량단독,안전운전 의무 불이행,단일로,승용차,없음,128.40588914,36.56717321,1.7,0,0,0,0
2022,11,6,18,야,일,충남,차대사람,안전운전 의무 불이행,단일로,화물차,보행자,127.06108817,36.17622602,1.0,1,0,0,1
2022,11,6,18,야,일,제주,차대사람,기타,단일로,화물차,보행자,126.57623221,33.52125816,1.0,2,2,0,2
2022,11,7,7,주,월,충북,차량단독,안전운전 의무 불이행,단일로,건설기계,없음,127.61907314,36.37312208,1.0,0,0,0,0
2022,11,7,7,주,월,전북,차량단독,안전운전 의무 불이행,단일로,특수차,없음,127.08903808,35.94461964,1.0,0,0,0,0
2022,11,7,8,주,월,충남,차대사람,신호위반,단일로,건설기계,보행자,126.31253886,36.61583118,1.0,1,0,2,0
2022,11,7,10,주,월,경북,차대차,안전운전 의무 불이행,단일로,화물차,이륜차,128.219378,36.58872801,1.0,0,0,0,0
2022,11,7,11,주,월,서울,차대사람,안전운전 의무 불이행,단일로,화물차,보행자,127.08110821,37.58692008,1.0,3,1,4,2
2022,11,7,17,주,월,경남,차량단독,안전운전 의무 불이행,단일로,화물차,없음,128.33744084,35.11148307,2.0,0,0,0,0
2022,11,7,18,야,월,경북,차대사람,안전운전 의무 불이행,단일로,화물차,보행자,128.30961553,35.8863973,1.0,0,0,1,0
2022,11,7,18,야,월,경남,차량단독,안전운전 의무 불이행,단일로,화물차,없음,127.85579838,35.55378745,1.0,0,0,0,0
2022,11,7,21,야,월,경기,차대사람,안전운전 의무 불이행,단일로,승용차,보행자,127.26970488,37.40344298,1.0,6,1,0,0
2022,11,7,22,야,월,충북,차대차,안전운전 의무 불이행,단일로,화물차,화물차,127.89658255,36.87958623,2.0,0,0,1,0
2022,11,8,3,야,화,광주,차대사람,기타,교차로,승용차,보행자,126.80828661,35.17996661,1.0,9,3,0,1
2022,11,8,6,주,화,경기,차대사람,기타,단일로,승용차,보행자,127.40222914,37.30846727,1.0,3,1,0,1
2022,11,8,6,주,화,경기,차대사람,보행자 보호의무 위반,교차로,승용차,보행자,127.21249071,37.40546298,1.0,0,0,0,0
2022,11,8,6,주,화,대구,차대사람,안전운전 의무 불이행,단일로,승용차,보행자,128.54423979,35.94566723,1.0,2,1,0,0
2022,11,8,8,주,화,경북,차량단독,기타,단일로,화물차,없음,128.7149428,36.52352518,1.0,0,0,0,1
2022,11,8,13,주,화,경남,차대차,중앙선 침범,단일로,승용차,자전거,128.10469222,35.15241644,1.0,4,1,0,0
2022,11,8,14,주,화,전북,차량단독,안전운전 의무 불이행,단일로,사륜오토바이(ATV),없음,127.36412529,35.4928144,1.0,0,1,0,0
2022,11,8,18,야,화,충남,차대차,중앙선 침범,단일로,이륜차,승용차,127.07758428,36.20635232,1.3,0,0,0,1
2022,11,8,19,야,화,전남,차대사람,안전운전 의무 불이행,단일로,승용차,보행자,126.40207039,35.25185701,1.0,0,0,0,0
2022,11,8,21,야,화,충북,차대차,안전운전 의무 불이행,단일로,승용차,화물차,127.49810085,36.5360781,1.3,0,0,0,0
2022,11,9,6,주,수,경남,차대사람,안전운전 의무 불이행,단일로,승합차,보행자,128.87243294,35.22501763,1.0,8,1,1,2
2022,11,9,8,주,수,제주,차량단독,안전운전 의무 불이행,단일로,화물차,없음,126.37837485,33.39820124,1.0,0,0,1,1
2022,11,9,11,주,수,전북,차대차,교차로 통행방법 위반,교차로,화물차,원동기장치자전거,126.72769547,35.94720221,1.0,0,0,0,1
2022,11,9,11,주,수,전북,차대차,교차로 통행방법 위반,교차로,화물차,승용차,126.67356899,35.52092383,1.7,1,0,0,0
2022,11,9,14,주,수,강원,차량단독,안전운전 의무 불이행,교차로,승용차,없음,128.45819011,38.44979164,1.0,0,1,0,0
2022,11,9,17,주,수,경기,차대차,안전운전 의무 불이행,기타,승용차,자전거,126.96237051,36.95424836,1.0,0,0,0,0
2022,11,9,18,야,수,부산,차대차,기타,단일로,화물차,이륜차,129.0503905,35.15977463,1.0,5,1,3,5
2022,11,9,18,야,수,강원,차대사람,기타,단일로,승용차,보행자,129.14498437,37.43887377,1.0,1,2,0,0
2022,11,9,20,야,수,서울,차대사람,보행자 보호의무 위반,교차로,승합차,보행자,127.08924981,37.55226475,1.0,5,2,3,1
2022,11,10,1,야,목,경기,차대차,기타,단일로,승용차,승용차,126.95866976,37.37980361,2.2,11,2,0,1
2022,11,10,10,주,목,충북,차대차,안전거리 미확보,교차로,자전거,승용차,127.47792087,36.70803727,1.0,0,0,0,0
2022,11,10,13,주,목,경남,차대사람,보행자 보호의무 위반,교차로,화물차,보행자,128.80109141,35.18937952,1.0,7,3,1,1
2022,11,10,14,주,목,대전,차대차,안전운전 의무 불이행,교차로,화물차,건설기계,127.47796793,36.34551112,1.3,0,0,0,2
2022,11,10,15,주,목,충남,차대차,기타,교차로,이륜차,승용차,127.23208718,36.26607519,1.0,0,0,0,1
2022,11,10,17,주,목,충북,차대차,안전운전 의무 불이행,단일로,승용차,자전거,127.75489467,36.49039645,1.0,0,0,0,0