발생년,발생월,발생일,발생시,주야,요일,발생지시도,사고유형_대분류,가해자법규위반,도로형태_대분류,가해자_당사자종별,피해자_당사자종별,경도,위도,사상자수,반경500m카메라수,반경500m학교수,반경500m전광판수,반경500m사고건수
2022,11,11,10,주,금,충남,차대차,안전운전 의무 불이행,단일로,이륜차,화물차,126.69900652,36.75168863,1.0,2,0,0,0
2022,11,11,10,주,금,경남,차대사람,중앙선 침범,교차로,승용차,보행자,128.69430485,35.20834148,1.0,7,1,1,0
2022,11,11,12,주,금,충남,차대사람,안전운전 의무 불이행,단일로,승용차,보행자,126.6485914,36.83313579,1.0,0,0,0,0
2022,11,11,14,주,금,강원,차대사람,안전운전 의무 불이행,단일로,승합차,보행자,128.51786519,38.20550303,1.0,0,0,0,0
2022,11,11,17,주,금,부산,차대사람,안전운전 의무 불이행,기타,승용차,보행자,129.01922695,35.26440412,1.0,10,3,0,0
2022,11,11,20,야,금,충남,차대차,안전운전 의무 불이행,기타,승용차,승용차,127.02097384,36.91751298,1.0,0,0,1,0
2022,11,11,21,야,금,경기,차량단독,안전운전 의무 불이행,단일로,이륜차,없음,127.73172347,37.51855424,1.0,0,0,0,0
2022,11,11,22,야,금,충남,차대사람,안전운전 의무 불이행,단일로,승용차,보행자,127.09902161,36.75436707,1.0,0,0,0,0
2022,11,11,23,야,금,전남,차대차,안전운전 의무 불이행,단일로,승합차,승용차,126.44481681,35.42711088,2.0,0,0,0,0
2022,11,12,2,야,토,경기,차대차,안전운전 의무 불이행,단일로,승용차,개인형이동장치(PM),126.78993126,37.82546734,1.0,0,0,0,1
2022,11,12,5,야,토,경기,차대차,안전운전 의무 불이행,단일로,승용차,건설기계,127.24550626,37.9963358,1.3,3,1,0,0
2022,11,12,7,주,토,경남,차대사람,안전운전 의무 불이행,단일로,건설기계,보행자,127.91751625,35.7547902,1.0,0,0,0,0
2022,11,12,17,주,토,전북,차량단독,안전운전 의무 불이행,교차로,승용차,없음,127.16980614,35.34440183,1.0,0,0,0,0
2022,11,12,21,야,토,경기,차량단독,안전운전 의무 불이행,단일로,자전거,없음,126.9195781,37.66158799,1.0,2,0,0,0
2022,11,12,22,야,토,대전,차대차,신호위반,교차로,승용차,승합차,127.45516522,36.30957818,1.6,16,3,0,2
2022,11,12,23,야,토,경기,차대사람,안전운전 의무 불이행,교차로,승용차,보행자,127.01002755,37.29145765,1.0,9,1,0,2
2022,11,13,0,야,일,충남,차대차,기타,교차로,이륜차,특수차,127.16445022,36.79990461,1.3,5,0,1,5
2022,11,13,1,야,일,인천,차대차,안전운전 의무 불이행,단일로,승용차,화물차,126.73948629,37.43791568,1.6,4,2,0,3
2022,11,13,13,주,일,충북,차대사람,안전운전 의무 불이행,단일로,화물차,보행자,127.81412971,36.80850904,1.0,0,0,0,0
2022,11,13,15,주,일,경기,차량단독,안전운전 의무 불이행,교차로,승용차,없음,127.25657396,37.06731885,1.0,0,0,0,1
2022,11,13,18,야,일,경북,차대차,안전거리 미확보,단일로,승용차,승용차,128.18124141,36.51042306,3.9999999999999996,0,0,0,1
2022,11,14,6,주,월,강원,차대차,안전운전 의무 불이행,단일로,승용차,승용차,128.8224391,37.90042179,1.0,0,1,0,0
2022,11,14,8,주,월,서울,차대차,신호위반,단일로,이륜차,승합차,127.12033113,37.54025458,1.0,5,0,0,2
2022,11,14,11,주,월,경기,차대사람,안전운전 의무 불이행,교차로,승합차,보행자,127.11426849,37.29477279,1.0,4,2,0,1
2022,11,14,11,주,월,전남,차대차,기타,단일로,사륜오토바이(ATV),승합차,126.49730276,35.15096653,1.0,1,0,0,1
2022,11,14,11,주,월,경기,차대차,안전운전 의무 불이행,단일로,승용차,승용차,127.06835429,38.0260841,1.3,3,1,1,0
2022,11,14,16,주,월,전북,차대차,안전운전 의무 불이행,교차로,승합차,이륜차,127.36207202,35.41037185,1.0,2,0,0,0
2022,11,14,17,주,월,강원,차량단독,안전운전 의무 불이행,단일로,농기계,없음,129.10432245,37.39257495,1.0,0,0,0,0
2022,11,14,17,주,월,경남,차대차,안전운전 의무 불이행,단일로,승용차,승용차,128.16527431,35.19832896,1.3,1,0,0,1
2022,11,14,17,주,월,경남,차대차,안전운전 의무 불이행,교차로,화물차,승합차,127.91484129,34.82388256,3.6999999999999997,0,0,0,1
2022,11,14,18,야,월,충북,차대차,안전운전 의무 불이행,단일로,승용차,승용차,127.64494007,36.62652826,1.0,0,0,0,2
2022,11,14,20,야,월,경북,차대차,신호위반,교차로,특수차,승용차,129.38307017,35.96741129,1.0,0,0,0,0
2022,11,15,1,야,화,경남,차량단독,안전운전 의무 불이행,단일로,승용차,없음,129.02843244,35.31201852,1.0,3,0,0,2
2022,11,15,6,주,화,경기,차량단독,안전운전 의무 불이행,단일로,원동기장치자전거,없음,127.04557373,37.13421452,1.7,0,0,0,2
2022,11,15,7,주,화,경남,차량단독,안전운전 의무 불이행,교차로,승용차,없음,128.06069394,35.16597328,1.0,2,1,0,0
2022,11,15,8,주,화,충북,차대사람,안전운전 의무 불이행,교차로,승합차,보행자,127.58215114,36.78515973,1.0,3,0,0,4
2022,11,15,15,주,화,제주,차대차,안전운전 의무 불이행,단일로,화물차,이륜차,126.57571727,33.51196458,1.0,1,1,0,2
2022,11,15,16,주,화,부산,차량단독,중앙선 침범,교차로,원동기장치자전거,없음,129.10485697,35.21847139,2.0,1,4,0,2
2022,11,15,17,주,화,경북,차량단독,안전운전 의무 불이행,교차로,화물차,없음,128.33813735,36.46517862,1.0,0,0,0,0
2022,11,15,18,야,화,전북,차대차,안전운전 의무 불이행,단일로,화물차,특수차,127.32319272,35.78684261,2.0,0,0,1,0
2022,11,15,18,야,화,경남,차대사람,보행자 보호의무 위반,단일로,화물차,보행자,128.1202397,35.18007418,1.0,2,0,0,5
2022,11,16,3,야,수,서울,차대사람,안전운전 의무 불이행,단일로,승용차,보행자,127.09250729,37.57984835,1.0,10,0,7,5
2022,11,16,9,주,수,인천,차대사람,보행자 보호의무 위반,교차로,화물차,보행자,126.53337938,37.49361771,1.0,2,2,0,0
2022,11,16,10,주,수,경북,차대차,안전운전 의무 불이행,단일로,농기계,승용차,129.09991176,35.87080676,1.0,0,0,0,1
2022,11,16,18,야,수,전남,차대차,안전운전 의무 불이행,단일로,승용차,화물차,127.71129551,34.78232966,1.0,0,0,0,0
2022,11,16,18,야,수,경기,차대차,중앙선 침범,단일로,승용차,승용차,127.31065276,37.92102934,1.7,0,0,0,0
2022,11,16,22,야,수,충남,차대사람,안전운전 의무 불이행,단일로,승용차,보행자,126.98788432,36.91312012,1.0,0,0,0,0
2022,11,17,0,야,목,서울,차대사람,안전운전 의무 불이행,단일로,승용차,보행자,126.82983898,37.49105662,1.0,2,2,0,2
2022,11,17,5,야,목,경기,차대사람,안전운전 의무 불이행,교차로,승합차,보행자,126.735513,37.2123127,1.0,1,1,1,2
2022,11,17,9,주,목,충북,차대차,중앙선 침범,단일로,승용차,이륜차,127.50820701,37.02380362,1.0,0,0,0,0
2022,11,17,11,주,목,부산,차대차,안전운전 의무 불이행,단일로,승용차,승용차,129.19193937,35.34916706,1.3,0,0,0,1
2022,11,17,11,주,목,경기,차대차,신호위반,교차로,이륜차,승합차,126.85352264,37.46915048,1.0,8,3,0,2
2022,11,17,11,주,목,전남,차량단독,안전운전 의무 불이행,교차로,승용차,없음,126.37143421,35.00701647,1.0,0,0,0,0
2022,11,17,12,주,목,강원,차대차,안전운전 의무 불이행,교차로,승용차,화물차,129.12171916,37.49000035,1.9,0,0,0,0
2022,11,17,15,주,목,충북,차량단독,안전운전 의무 불이행,단일로,이륜차,없음,127.65518997,36.2479099,1.0,0,0,0,0
2022,11,17,17,주,목,인천,차량단독,안전운전 의무 불이행,교차로,화물차,없음,126.37438358,37.46607126,1.0,0,0,0,0
2022,11,18,2,야,금,광주,차대사람,안전운전 의무 불이행,단일로,승용차,보행자,126.82587549,35.23110157,1.0,1,0,0,0
2022,11,18,6,주,금,서울,차대차,안전운전 의무 불이행,단일로,승용차,화물차,127.07290348,37.58767485,1.3,11,5,2,4
2022,11,18,8,주,금,경남,차량단독,안전운전 의무 불이행,기타,자전거,없음,128.24555204,34.81536204,1.0,0,0,0,0
2022,11,18,10,주,금,경기,차대차,안전운전 의무 불이행,단일로,승용차,승용차,126.8699634,37.39657144,1.0,1,0,1,0
2022,11,18,11,주,금,대구,차대차,안전운전 의무 불이행,단일로,화물차,승용차,128.43586709,35.67255155,2.5999999999999996,0,0,0,0
2022,11,18,13,주,금,서울,차대사람,안전운전 의무 불이행,교차로,승용차,보행자,127.02102583,37.61972578,1.0,14,3,0,3
2022,11,18,13,주,금,경기,차대사람,안전운전 의무 불이행,기타,건설기계,보행자,127.45929409,37.5208026,1.0,2,1,0,0
2022,11,18,16,주,금,경기,차대사람,신호위반,단일로,승용차,보행자,126.76694546,37.37508401,1.0,0,0,0,1
2022,11,18,17,주,금,경기,차량단독,안전운전 의무 불이행,단일로,이륜차,없음,126.6209426,37.66445429,1.0,0,0,0,2
2022,11,18,17,주,금,경기,차대사람,안전운전 의무 불이행,단일로,승용차,보행자,127.17687614,37.83993609,1.0,0,0,0,0
2022,11,18,18,야,금,서울,차대차,신호위반,교차로,이륜차,승용차,127.02477775,37.55540293,1.0,4,3,0,1
2022,11,18,19,야,금,경기,차대차,신호위반,교차로,이륜차,승용차,127.04288323,37.74372754,1.0,19,2,1,2
2022,11,19,0,야,토,대구,차대사람,기타,단일로,승용차,보행자,128.53361291,35.84980581,1.0,17,2,1,4
2022,11,19,12,주,토,경남,차대차,기타,교차로,사륜오토바이(ATV),화물차,128.1710557,34.90381487,1.7,1,0,0,0
2022,11,19,13,주,토,서울,차대차,중앙선 침범,교차로,이륜차,이륜차,127.07663962,37.58596674,1.0,7,1,2,3
2022,11,19,14,주,토,대구,차대차,중앙선 침범,단일로,승용차,자전거,128.59574906,35.87240735,1.0,14,0,1,5
2022,11,19,17,주,토,강원,차대차,중앙선 침범,단일로,이륜차,승용차,127.77675075,37.86644455,1.0,0,0,0,0
2022,11,19,17,주,토,경남,차량단독,안전운전 의무 불이행,단일로,화물차,없음,128.01202997,35.47182373,1.0,0,0,0,0
2022,11,19,19,야,토,부산,차대차,중앙선 침범,단일로,승용차,이륜차,129.06617122,35.19491447,1.0,16,4,1,1
2022,11,19,20,야,토,강원,차대차,중앙선 침범,단일로,승용차,승용차,127.95365404,37.51238501,1.0,0,0,1,0
2022,11,20,2,야,일,전북,차대사람,보행자 보호의무 위반,단일로,승용차,보행자,126.68210684,35.98016819,1.0,1,1,0,2
2022,11,20,2,야,일,경북,차대차,안전운전 의무 불이행,단일로,승용차,특수차,128.81876071,35.88126386,1.0,0,1,0,3
2022,11,20,7,주,일,경기,차대사람,안전운전 의무 불이행,단일로,승용차,보행자,126.70050966,37.72394841,1.3,0,0,1,0
2022,11,20,9,주,일,충남,차대차,안전운전 의무 불이행,단일로,화물차,자전거,127.09408108,36.16335993,1.0,0,0,0,0
2022,11,20,10,주,일,강원,차대사람,안전운전 의무 불이행,기타,승용차,보행자,128.89742917,37.76024016,1.0,10,1,8,2
2022,11,20,13,주,일,충남,차대사람,안전운전 의무 불이행,기타,승용차,보행자,126.46606603,36.77430343,1.0,12,3,0,1
2022,11,20,17,주,일,경기,차대차,안전운전 의무 불이행,교차로,화물차,이륜차,126.9698592,37.12774344,1.0,0,0,0,0
2022,11,20,18,야,일,전북,차대사람,안전운전 의무 불이행,교차로,승용차,보행자,126.73244199,35.7448433,1.0,0,0,0,1
2022,11,20,20,야,일,충남,차대차,안전운전 의무 불이행,기타,승합차,승용차,127.18893935,36.90883165,7.3999999999999995,0,0,2,1
2022,11,20,23,야,일,전북,차대차,안전운전 의무 불이행,단일로,승용차,화물차,126.83492754,35.56272083,1.0,2,0,0,1
2022,11,20,23,야,일,경기,차량단독,안전운전 의무 불이행,단일로,승용차,없음,127.28245865,37.94043063,1.0,0,0,0,1
2022,11,21,1,야,월,경북,차량단독,안전운전 의무 불이행,단일로,이륜차,없음,128.31107863,36.13990731,1.0,4,2,1,2
2022,11,21,3,야,월,경기,차량단독,안전운전 의무 불이행,기타,이륜차,없음,127.13806136,37.37756822,1.0,11,4,1,2
2022,11,21,9,주,월,강원,차대사람,안전운전 의무 불이행,교차로,승용차,보행자,127.89790286,37.6930263,1.0,0,0,0,1
2022,11,21,9,주,월,전북,차대차,중앙선 침범,교차로,화물차,원동기장치자전거,127.20881839,35.85651344,1.0,4,1,0,1
2022,11,21,9,주,월,대전,차대사람,신호위반,교차로,건설기계,보행자,127.37859044,36.29830066,1.0,7,2,0,2
2022,11,21,10,주,월,경기,차대사람,신호위반,교차로,승합차,보행자,127.22122205,37.57974479,1.0,4,3,1,2
2022,11,21,11,주,월,강원,차대차,안전운전 의무 불이행,교차로,승용차,자전거,128.90395224,37.75279933,1.0,9,2,1,1
2022,11,21,11,주,월,경남,차량단독,안전운전 의무 불이행,단일로,승용차,없음,128.48743629,34.84439723,1.0,0,0,0,0
2022,11,22,1,야,화,경기,차대차,안전운전 의무 불이행,단일로,이륜차,승용차,126.82209103,37.50599286,1.0,0,0,0,1
2022,11,22,8,주,화,서울,차대사람,안전운전 의무 불이행,기타,승용차,보행자,126.92238137,37.48968855,1.0,15,0,0,8
2022,11,22,9,주,화,경기,차대사람,안전운전 의무 불이행,단일로,화물차,보행자,127.04014109,37.7374707,1.0,30,2,0,3
2022,11,22,13,주,화,경북,차대차,기타,교차로,이륜차,화물차,128.06809629,36.41165094,1.0,0,0,0,0
2022,11,22,14,주,화,충남,차량단독,안전운전 의무 불이행,교차로,화물차,없음,126.54719747,36.60252371,1.0,1,2,1,1
2022,11,22,14,주,화,전북,차대차,안전운전 의무 불이행,단일로,화물차,건설기계,127.08168995,35.93565043,1.3,4,0,0,0
2022,11,22,14,주,화,전남,차대사람,안전운전 의무 불이행,단일로,승용차,보행자,126.44624882,34.7912616,1.0,0,0,0,1
2022,11,22,17,주,화,강원,차대사람,안전운전 의무 불이행,교차로,승용차,보행자,129.16375932,37.44604644,1.0,2,2,0,2
2022,11,22,18,야,화,충남,차대차,안전운전 의무 불이행,단일로,승용차,승용차,126.82677018,36.68491508,1.0,3,1,0,3
2022,11,22,19,야,화,충남,차량단독,안전운전 의무 불이행,단일로,승용차,없음,126.84727201,36.88351249,1.0,0,0,0,0
2022,11,22,20,야,화,전북,차대차,교차로 통행방법 위반,교차로,화물차,승용차,127.20930196,35.85450402,2.3,2,0,0,2
2022,11,23,6,주,수,부산,차대차,안전운전 의무 불이행,교차로,이륜차,건설기계,128.9633306,35.12800257,1.0,2,0,0,0
2022,11,23,10,주,수,울산,차량단독,안전운전 의무 불이행,단일로,특수차,없음,129.25412502,35.50669005,1.0,0,0,0,0
2022,11,23,11,주,수,전북,차대차,신호위반,교차로,원동기장치자전거,승용차,126.89242295,35.69337351,2.7,2,2,0,0
2022,11,23,12,주,수,전북,차대차,안전운전 의무 불이행,교차로,자전거,화물차,127.14827451,35.8454059,1.0,6,1,0,2
2022,11,23,13,주,수,경기,차대차,안전운전 의무 불이행,단일로,화물차,승용차,127.28951896,37.23902989,3.3,1,1,1,0
2022,11,23,14,주,수,경기,차대차,안전운전 의무 불이행,단일로,승용차,승용차,127.08752997,37.15793992,1.3,0,0,2,1
2022,11,23,16,주,수,강원,차대차,안전운전 의무 불이행,단일로,화물차,이륜차,128.1749242,38.12146464,1.0,0,0,0,0
2022,11,23,20,야,수,서울,차대차,안전운전 의무 불이행,기타,승용차,승용차,127.06707541,37.51436468,1.6,2,0,0,0
2022,11,23,20,야,수,경기,차대사람,중앙선 침범,교차로,승용차,보행자,127.07197549,37.99704902,1.0,4,1,1,0
2022,11,24,5,야,목,경기,차대사람,안전운전 의무 불이행,단일로,승합차,보행자,127.19532387,37.26373974,1.0,3,0,3,0
2022,11,24,5,야,목,울산,차대사람,신호위반,교차로,이륜차,보행자,129.426242,35.54136796,1.0,5,3,0,0
2022,11,24,8,주,목,부산,차대차,기타,단일로,화물차,화물차,129.10589324,35.21642005,1.0,2,1,0,2
2022,11,24,12,주,목,경남,차대차,중앙선 침범,단일로,승용차,화물차,128.107958,34.92961198,1.0,0,0,0,1
2022,11,24,13,주,목,부산,차대사람,안전운전 의무 불이행,교차로,승합차,보행자,129.02508166,35.10195073,1.0,15,4,0,3
2022,11,24,14,주,목,경기,차량단독,안전운전 의무 불이행,기타,승합차,없음,126.67174336,37.6659396,1.0,0,0,0,0
2022,11,24,15,주,목,인천,차대차,안전운전 의무 불이행,교차로,사륜오토바이(ATV),이륜차,126.68373466,37.48897473,1.0,6,7,0,0
2022,11,24,16,주,목,전북,차량단독,안전운전 의무 불이행,단일로,승용차,없음,126.6673267,35.96483001,2.4,1,0,0,0
2022,11,24,17,주,목,경기,차대차,안전거리 미확보,단일로,화물차,화물차,127.16045525,37.83459019,1.0,0,0,1,1
2022,11,24,19,야,목,충북,차대차,신호위반,교차로,이륜차,화물차,127.51025613,36.62598493,1.3,2,4,0,0
2022,11,25,8,주,금,충북,차대사람,안전운전 의무 불이행,단일로,승합차,보행자,127.93341249,36.97116183,1.0,5,1,3,5
2022,11,25,12,주,금,강원,차대차,안전운전 의무 불이행,단일로,화물차,이륜차,128.59446594,38.19161998,1.0,4,0,0,2
2022,11,25,14,주,금,전남,차대차,중앙선 침범,단일로,이륜차,승용차,126.76996157,35.39267267,1.7,1,0,0,0
2022,11,25,15,주,금,전북,차대차,교차로 통행방법 위반,교차로,승용차,이륜차,127.39258573,35.41489321,1.0,13,3,1,4
2022,11,25,15,주,금,전남,차량단독,안전운전 의무 불이행,기타,승용차,없음,126.58608056,34.79734247,1.0,0,0,0,1
2022,11,25,15,주,금,경북,차대사람,안전운전 의무 불이행,단일로,승용차,보행자,128.73144869,36.587485,1.0,0,0,0,1
2022,11,25,16,주,금,충남,차대차,안전운전 의무 불이행,교차로,원동기장치자전거,승용차,127.07860705,36.79172558,1.0,2,0,0,0
2022,11,25,17,주,금,경북,차대차,안전운전 의무 불이행,단일로,화물차,건설기계,128.785792,36.05422794,1.3,0,0,1,0
2022,11,25,18,야,금,대전,차대사람,안전운전 의무 불이행,단일로,승용차,보행자,127.47800412,36.25638399,1.0,3,0,0,1
2022,11,25,21,야,금,경기,차대차,안전운전 의무 불이행,단일로,이륜차,화물차,126.84519745,37.74594068,1.0,0,0,0,0
2022,11,25,22,야,금,인천,차대사람,안전운전 의무 불이행,교차로,승용차,보행자,126.73895101,37.54533478,1.0,9,3,2,3
2022,11,26,2,야,토,대구,차량단독,안전운전 의무 불이행,단일로,승용차,없음,128.62433078,35.81223435,1.0,0,0,0,0
2022,11,26,9,주,토,경남,차대사람,안전운전 의무 불이행,기타,승합차,보행자,128.58293517,35.23851241,1.0,10,1,1,3
2022,11,26,17,주,토,충북,차대사람,안전운전 의무 불이행,단일로,승용차,보행자,127.82416604,36.97368284,1.0,2,0,1,2
2022,11,26,18,야,토,충남,차대사람,안전운전 의무 불이행,단일로,승용차,보행자,126.79750867,36.25114081,1.0,0,0,0,0
2022,11,27,2,야,일,경기,차대사람,안전운전 의무 불이행,교차로,승용차,보행자,127.16601025,37.35605331,1.7,3,0,1,1
2022,11,27,2,야,일,대구,차대차,기타,단일로,승용차,승용차,128.50552147,35.85179324,2.0,11,0,1,4
2022,11,27,5,야,일,경기,차대차,안전운전 의무 불이행,단일로,이륜차,승용차,127.0415969,37.17194132,1.6,3,1,0,0
2022,11,27,5,야,일,울산,차대사람,안전운전 의무 불이행,기타,승용차,보행자,129.27848991,35.53761611,1.0,1,0,0,0
2022,11,27,8,주,일,전북,차대사람,안전운전 의무 불이행,기타,승용차,보행자,127.12303186,35.81381796,1.0,9,1,0,1
2022,11,27,9,주,일,경기,차대차,신호위반,교차로,승용차,승합차,127.12600637,36.99207896,1.6,28,2,1,0
2022,11,28,0,야,월,경기,차대차,안전운전 의무 불이행,단일로,승용차,승용차,126.87603451,37.1582861,2.3,0,0,1,1
2022,11,28,5,야,월,서울,차대사람,기타,단일로,승용차,보행자,127.05913152,37.66229128,1.0,6,9,0,0
2022,11,28,6,주,월,부산,차대사람,안전운전 의무 불이행,단일로,승용차,보행자,129.0374032,35.12011593,1.0,4,6,0,1
2022,11,28,6,주,월,충북,차대사람,안전운전 의무 불이행,단일로,승용차,보행자,127.93531916,36.98243186,1.0,5,5,1,3
2022,11,28,6,주,월,인천,차대사람,안전운전 의무 불이행,교차로,승합차,보행자,126.70474499,37.50132223,1.0,11,3,0,2
2022,11,28,7,주,월,전남,차대차,안전운전 의무 불이행,단일로,이륜차,건설기계,127.62187906,34.96057719,1.0,1,0,0,0
2022,11,28,8,주,월,전남,차대차,기타,교차로,승용차,승용차,126.93588248,34.56482453,1.9,0,1,0,1
2022,11,28,12,주,월,광주,차대사람,보행자 보호의무 위반,교차로,화물차,보행자,126.79605076,35.13933777,1.0,10,1,0,3
2022,11,28,18,야,월,울산,차대차,안전거리 미확보,단일로,이륜차,승합차,129.42831523,35.49987487,1.0,3,0,0,1
2022,11,28,23,야,월,서울,차대사람,보행자 보호의무 위반,교차로,승용차,보행자,127.10234694,37.46512106,1.0,7,1,0,0
2022,11,29,0,야,화,경북,차대사람,안전운전 의무 불이행,교차로,화물차,보행자,128.74276938,35.82399643,1.0,2,0,0,1
2022,11,29,0,야,화,대구,차량단독,안전운전 의무 불이행,단일로,승용차,없음,128.59958595,35.92398645,1.0,6,1,0,0
2022,11,29,3,야,화,부산,차대사람,신호위반,교차로,이륜차,보행자,129.09358122,35.18905705,1.3,12,1,0,2
2022,11,29,11,주,화,전북,차량단독,안전운전 의무 불이행,단일로,화물차,없음,127.44647637,35.47047248,1.0,0,0,0,0
2022,11,29,12,주,화,대전,차량단독,안전운전 의무 불이행,단일로,승합차,없음,127.50363282,36.34151926,1.3,0,0,0,0
2022,11,29,14,주,화,충남,차량단독,안전운전 의무 불이행,단일로,자전거,없음,126.6065817,36.36398095,1.0,2,1,0,1
2022,11,29,20,야,화,경기,차대차,중앙선 침범,단일로,개인형이동장치(PM),승용차,126.92386521,37.39949639,1.0,5,0,0,2
2022,11,30,6,주,수,대구,차대사람,기타,교차로,승용차,보행자,128.71374115,35.87032641,1.0,2,1,0,0
2022,11,30,8,주,수,부산,차대차,안전운전 의무 불이행,단일로,승합차,이륜차,129.04152903,35.11835947,1.0,5,0,1,3
2022,11,30,12,주,수,경기,차대차,안전운전 의무 불이행,단일로,화물차,승용차,127.11976572,37.09878851,1.6,1,0,1,0
2022,11,30,17,주,수,경기,차대차,안전운전 의무 불이행,교차로,승합차,승용차,126.96446539,37.39552291,1.0,2,0,0,0
2022,11,30,18,야,수,충남,차대차,안전운전 의무 불이행,단일로,화물차,화물차,126.55966967,36.35908637,1.0,0,0,0,1
2022,11,30,19,야,수,강원,차대사람,교차로 통행방법 위반,교차로,승용차,보행자,128.47062724,37.18679012,1.0,2,3,0,3
2022,12,1,5,야,목,경기,차대사람,보행자 보호의무 위반,교차로,승용차,보행자,127.06778724,37.13024123,1.0,3,1,1,1
2022,12,1,8,주,목,경남,차량단독,안전운전 의무 불이행,단일로,승용차,없음,128.03381609,35.5310944,1.0,0,0,0,0
2022,12,1,10,주,목,경기,차량단독,안전운전 의무 불이행,교차로,자전거,없음,127.62415019,37.2920912,1.0,3,1,0,1
2022,12,1,11,주,목,경남,차대차,안전운전 의무 불이행,교차로,원동기장치자전거,승용차,128.58687758,35.22098496,1.0,6,0,0,3
2022,12,1,17,주,목,충북,차대차,교차로 통행방법 위반,교차로,승용차,이륜차,127.43838161,36.64422477,1.0,1,1,0,0
2022,12,1,18,야,목,경기,차대사람,안전운전 의무 불이행,단일로,승용차,보행자,127.34377938,37.25688959,1.0,1,0,1,0
2022,12,1,19,야,목,광주,차대차,기타,기타,승용차,자전거,126.90359073,35.14573077,1.0,3,2,0,3
2022,12,1,23,야,목,전북,차량단독,안전운전 의무 불이행,교차로,승용차,없음,127.17030883,35.94220165,1.0,2,1,0,2
2022,12,2,4,야,금,대전,차대사람,안전운전 의무 불이행,단일로,승용차,보행자,127.41769782,36.31595022,1.0,5,1,0,4
2022,12,2,6,주,금,부산,차대사람,기타,교차로,승용차,보행자,129.21164641,35.18660709,1.0,1,0,1,1
2022,12,2,7,주,금,전북,차대차,중앙선 침범,단일로,승용차,승용차,127.1720964,35.89056276,2.0,0,0,0,0
2022,12,2,10,주,금,충북,차량단독,안전운전 의무 불이행,단일로,이륜차,없음,127.91207437,36.96842531,1.0,1,0,1,1
2022,12,2,12,주,금,서울,차대사람,안전운전 의무 불이행,교차로,승용차,보행자,126.90309635,37.47811842,1.0,6,1,0,4
2022,12,2,13,주,금,충남,차량단독,안전운전 의무 불이행,단일로,농기계,없음,126.75037628,36.13740474,1.0,3,0,0,1
2022,12,2,16,주,금,서울,차대사람,안전운전 의무 불이행,교차로,승용차,보행자,127.04470164,37.5204278,1.0,26,2,0,2
2022,12,2,18,야,금,경남,차대사람,기타,교차로,승용차,보행자,128.73942224,35.36480779,1.0,0,0,0,0
2022,12,2,19,야,금,전북,차대차,기타,교차로,화물차,승용차,126.91893747,36.00160909,1.7,2,0,0,0
2022,12,3,0,야,토,대구,차대사람,안전운전 의무 불이행,단일로,승용차,보행자,128.50294644,35.85924372,1.0,6,4,0,0
2022,12,3,7,주,토,제주,차대차,신호위반,교차로,농기계,승합차,126.7166383,33.28274108,1.0,0,2,3,1
2022,12,3,7,주,토,인천,차대사람,신호위반,단일로,승용차,보행자,126.63054521,37.45895005,1.0,5,0,1,2
2022,12,3,14,주,토,전북,차량단독,안전운전 의무 불이행,단일로,승용차,없음,127.1513743,35.45406639,1.6,1,0,0,0
2022,12,3,16,주,토,경남,차량단독,안전운전 의무 불이행,단일로,승용차,없음,128.78140121,35.11042504,1.0,0,0,0,0
2022,12,3,20,야,토,충남,차대사람,안전운전 의무 불이행,단일로,승용차,보행자,126.77467184,36.54602454,1.0,1,1,0,0
2022,12,3,23,야,토,강원,차대차,기타,단일로,승용차,승용차,128.54984679,37.18814268,1.0,1,0,0,0
2022,12,3,23,야,토,경북,차대차,안전운전 의무 불이행,단일로,승합차,승합차,128.23141504,36.4020537,2.3,0,0,1,0
2022,12,4,12,주,일,경남,차량단독,안전운전 의무 불이행,단일로,이륜차,없음,127.9448021,34.74619773,1.0,0,0,0,0
2022,12,4,13,주,일,충북,차대사람,기타,교차로,승용차,보행자,127.49249519,36.626508,1.6,6,3,0,5
2022,12,4,17,주,일,전북,차대사람,보행자 보호의무 위반,단일로,승용차,보행자,127.15139682,35.93398875,1.0,1,0,0,1
2022,12,4,19,야,일,대전,차대차,안전운전 의무 불이행,교차로,이륜차,이륜차,127.44844004,36.33911911,2.0,10,1,0,2
2022,12,4,21,야,일,경기,차량단독,안전운전 의무 불이행,단일로,이륜차,없음,126.82092061,37.41152399,1.0,0,1,0,0
2022,12,4,21,야,일,경북,차량단독,안전운전 의무 불이행,교차로,승용차,없음,128.35464018,36.16887739,1.0,0,0,0,0