발생년,발생월,발생일,발생시,주야,요일,발생지시도,사고유형_대분류,가해자법규위반,도로형태_대분류,가해자_당사자종별,피해자_당사자종별,경도,위도,사상자수,반경500m카메라수,반경500m학교수,반경500m전광판수,반경500m사고건수
2022,12,4,22,야,일,서울,차대사람,안전운전 의무 불이행,단일로,승용차,보행자,126.93390597,37.60971371,1.0,7,2,0,5
2022,12,5,1,야,월,경북,차량단독,안전운전 의무 불이행,단일로,화물차,없음,128.47930796,36.68263786,1.0,0,0,0,1
2022,12,5,6,주,월,강원,차대사람,안전운전 의무 불이행,단일로,승용차,보행자,128.78580309,37.94413262,1.0,2,0,0,0
2022,12,5,14,주,월,대전,차대차,중앙선 침범,단일로,승용차,승합차,127.35614568,36.30587582,2.5,5,1,0,1
2022,12,5,15,주,월,서울,차대사람,안전운전 의무 불이행,단일로,이륜차,보행자,127.023907,37.63169822,1.0,5,1,0,1
2022,12,5,17,주,월,경기,차대차,안전운전 의무 불이행,단일로,승용차,승용차,126.861872,37.44877109,1.0,3,0,1,3
2022,12,5,20,야,월,충남,차량단독,안전운전 의무 불이행,교차로,화물차,없음,127.23223175,36.26612059,1.0,0,0,0,1
2022,12,5,21,야,월,경북,차량단독,안전운전 의무 불이행,교차로,승용차,없음,128.63361575,36.83201476,1.0,1,1,0,4
2022,12,5,22,야,월,충남,차대사람,안전운전 의무 불이행,단일로,승용차,보행자,126.67581336,36.64303928,1.0,2,1,0,1
2022,12,6,6,주,화,전남,차대차,기타,단일로,승용차,화물차,126.59934681,34.41393968,2.3,0,0,0,0
2022,12,6,7,주,화,경기,차량단독,안전운전 의무 불이행,단일로,화물차,없음,126.8681765,37.35235865,1.0,0,0,0,0
2022,12,6,14,주,화,경북,차대사람,안전운전 의무 불이행,교차로,화물차,보행자,128.87215898,35.93150275,1.0,2,2,0,3
2022,12,6,15,주,화,경기,차대차,안전운전 의무 불이행,교차로,화물차,승용차,126.72943507,37.20820805,3.0,0,0,1,1
2022,12,6,15,주,화,강원,차량단독,안전운전 의무 불이행,기타,승용차,없음,128.87144285,37.74664801,1.0,1,0,0,1
2022,12,6,17,주,화,충남,차대사람,안전운전 의무 불이행,단일로,승용차,보행자,126.58441387,36.41607315,1.0,2,0,0,2
2022,12,6,17,주,화,경북,차량단독,안전운전 의무 불이행,단일로,화물차,없음,128.76874701,36.97137531,1.0,0,0,0,0
2022,12,6,19,야,화,경남,차대사람,안전운전 의무 불이행,단일로,화물차,보행자,127.8787701,34.89161405,1.0,4,0,0,0
2022,12,6,20,야,화,서울,차대차,안전운전 의무 불이행,교차로,화물차,이륜차,127.07002312,37.60007593,1.0,4,1,1,2
2022,12,6,23,야,화,경북,차량단독,안전운전 의무 불이행,단일로,승용차,없음,128.82969817,35.7101557,1.0,0,0,0,0
2022,12,7,5,야,수,대전,차대차,기타,단일로,화물차,화물차,127.4051264,36.43067059,1.3,2,0,0,0
2022,12,7,6,주,수,세종,차대차,기타,교차로,승용차,승용차,127.24134773,36.50904975,1.0,5,1,0,0
2022,12,7,7,주,수,경기,차대사람,안전운전 의무 불이행,단일로,승용차,보행자,126.74459446,37.3862735,1.0,1,1,0,3
2022,12,7,8,주,수,전남,차대차,안전운전 의무 불이행,교차로,자전거,승용차,126.84004913,35.05055959,1.0,2,0,0,1
2022,12,7,10,주,수,경기,차대사람,보행자 보호의무 위반,교차로,승합차,보행자,127.06339747,37.07125422,1.0,8,3,0,3
2022,12,8,1,야,목,전남,차량단독,안전운전 의무 불이행,단일로,이륜차,없음,127.75809574,34.71521026,1.0,0,0,0,2
2022,12,8,6,주,목,전북,차대차,안전운전 의무 불이행,단일로,승용차,자전거,127.19864623,36.03013634,1.0,0,0,0,0
2022,12,8,9,주,목,경기,차대사람,신호위반,단일로,승합차,보행자,126.79251496,37.81310803,1.0,0,0,1,1
2022,12,8,11,주,목,경기,차대차,안전운전 의무 불이행,단일로,화물차,특수차,126.81846947,37.35026194,1.0,2,1,1,4
2022,12,8,13,주,목,경기,차량단독,안전운전 의무 불이행,단일로,원동기장치자전거,없음,127.5173038,37.2780211,1.0,0,0,0,1
2022,12,8,17,주,목,경북,차량단독,안전운전 의무 불이행,단일로,승용차,없음,128.38606204,35.88246772,1.0,0,0,0,1
2022,12,9,1,야,금,서울,차대사람,안전운전 의무 불이행,교차로,승용차,보행자,126.89834311,37.47144229,1.0,11,3,0,12
2022,12,9,2,야,금,서울,차량단독,안전운전 의무 불이행,단일로,이륜차,없음,127.04814667,37.5702678,1.0,3,0,0,5
2022,12,9,3,야,금,울산,차대사람,안전운전 의무 불이행,단일로,승용차,보행자,129.13649041,35.56299514,1.0,4,1,1,0
2022,12,9,5,야,금,경기,차대사람,기타,기타,승용차,보행자,127.13355644,37.38184492,1.0,10,3,3,2
2022,12,9,6,주,금,부산,차대사람,안전운전 의무 불이행,단일로,원동기장치자전거,보행자,129.01740347,35.11091002,1.0,15,3,0,1
2022,12,9,6,주,금,충남,차대사람,안전운전 의무 불이행,단일로,화물차,보행자,127.16912423,36.78435833,1.0,0,0,1,3
2022,12,9,6,주,금,경기,차대사람,안전운전 의무 불이행,교차로,화물차,보행자,126.77634389,37.65500068,1.0,31,1,3,0
2022,12,9,10,주,금,경북,차대차,중앙선 침범,단일로,승용차,승용차,129.41172873,36.72537081,1.7,0,0,0,0
2022,12,9,11,주,금,충남,차대차,교차로 통행방법 위반,교차로,이륜차,화물차,127.13955451,36.47313971,1.0,8,1,0,1
2022,12,9,12,주,금,경북,차대사람,안전운전 의무 불이행,기타,화물차,보행자,128.60171181,36.82022663,1.0,2,0,1,0
2022,12,9,12,주,금,광주,차대사람,안전운전 의무 불이행,단일로,승합차,보행자,126.72025164,35.15803472,1.3,1,0,0,1
2022,12,9,18,야,금,전남,차대사람,안전운전 의무 불이행,교차로,승용차,보행자,127.38311709,34.80501932,1.0,0,0,0,0
2022,12,10,4,야,토,경기,차량단독,안전운전 의무 불이행,단일로,승용차,없음,127.37019904,37.52691263,3.4,1,0,0,2
2022,12,10,5,야,토,경기,차대사람,안전운전 의무 불이행,교차로,승용차,보행자,127.1242601,37.38863918,1.0,8,0,2,3
2022,12,10,6,주,토,충남,차대사람,기타,단일로,승합차,보행자,127.13584818,36.45652248,1.0,2,0,0,0
2022,12,10,9,주,토,전북,차량단독,중앙선 침범,단일로,건설기계,없음,127.52985604,35.93679028,1.0,0,0,1,0
2022,12,10,18,야,토,충남,차대차,안전운전 의무 불이행,교차로,화물차,이륜차,127.2817141,36.76832856,1.0,0,0,0,0
2022,12,10,18,야,토,경북,차대차,안전운전 의무 불이행,단일로,화물차,승합차,128.67735823,36.57501467,1.6,1,1,0,3
2022,12,10,22,야,토,대전,차대사람,안전운전 의무 불이행,교차로,승용차,보행자,127.35819837,36.35329947,1.0,9,1,0,1
2022,12,10,22,야,토,경기,차대차,신호위반,교차로,이륜차,승용차,127.0802993,37.7568818,1.6,2,0,0,0
2022,12,11,4,야,일,인천,차량단독,안전운전 의무 불이행,단일로,승용차,없음,126.67109042,37.42937968,1.0,2,0,1,1
2022,12,11,9,주,일,충남,차대사람,안전운전 의무 불이행,단일로,건설기계,보행자,126.82273006,36.68741629,1.0,0,0,0,1
2022,12,11,12,주,일,전남,차량단독,안전운전 의무 불이행,단일로,승용차,없음,126.49522162,34.98324459,1.0,0,0,0,0
2022,12,11,13,주,일,전북,차대사람,안전운전 의무 불이행,교차로,승합차,보행자,126.94512645,35.93291502,1.0,6,4,0,2
2022,12,11,17,주,일,경기,차대차,안전운전 의무 불이행,단일로,화물차,이륜차,127.51386319,37.27720128,1.0,0,0,0,1
2022,12,11,17,주,일,광주,차대차,안전운전 의무 불이행,교차로,승용차,이륜차,126.88758195,35.163694,1.0,5,1,0,3
2022,12,11,18,야,일,전북,차량단독,안전운전 의무 불이행,단일로,자전거,없음,126.82898526,35.58325428,1.0,2,1,0,0
2022,12,11,18,야,일,인천,차대차,안전운전 의무 불이행,교차로,승용차,이륜차,126.6839105,37.46656848,1.0,6,0,0,3
2022,12,11,20,야,일,경기,차대사람,보행자 보호의무 위반,단일로,승용차,보행자,127.18252591,37.47486409,1.0,4,0,0,0
2022,12,11,20,야,일,경기,차대사람,안전운전 의무 불이행,단일로,승용차,보행자,126.69747194,37.816086,1.0,0,0,0,0
2022,12,12,10,주,월,충남,차대사람,안전운전 의무 불이행,단일로,화물차,보행자,126.25635127,36.81566276,1.0,0,0,0,0
2022,12,12,10,주,월,경북,차대차,기타,교차로,승용차,자전거,128.21296356,36.59625789,1.0,0,0,0,0
2022,12,12,11,주,월,전북,차대차,안전운전 의무 불이행,단일로,화물차,화물차,127.21531296,35.76222862,1.3,1,0,0,2
2022,12,12,11,주,월,경북,차대차,안전거리 미확보,단일로,화물차,화물차,128.22500295,36.29992356,1.0,0,0,0,0
2022,12,12,11,주,월,경기,차대사람,안전운전 의무 불이행,교차로,승용차,보행자,126.87352746,37.65037421,1.0,23,1,0,0
2022,12,12,17,주,월,경북,차대사람,안전운전 의무 불이행,단일로,승용차,보행자,129.17403845,36.13454136,1.0,0,0,0,1
2022,12,12,18,야,월,서울,차대사람,신호위반,교차로,이륜차,보행자,127.04905603,37.61662745,1.0,9,1,0,4
2022,12,12,20,야,월,전북,차량단독,안전운전 의무 불이행,단일로,승용차,없음,126.64087038,35.60969493,1.0,1,0,0,0
2022,12,12,20,야,월,경남,차대사람,안전운전 의무 불이행,단일로,승용차,보행자,127.95785808,35.28709823,1.0,0,0,0,0
2022,12,12,21,야,월,충남,차대사람,기타,단일로,승용차,보행자,127.10874969,36.78447256,1.0,7,0,0,2
2022,12,13,6,주,화,경남,차대사람,안전운전 의무 불이행,단일로,승용차,보행자,128.6555127,34.9320673,1.0,0,0,0,1
2022,12,13,7,주,화,경기,차대사람,안전운전 의무 불이행,교차로,화물차,보행자,126.63517262,37.23131775,1.0,0,0,0,0
2022,12,13,9,주,화,전북,차대사람,안전운전 의무 불이행,기타,승용차,보행자,127.14480316,35.82671426,1.0,14,0,0,6
2022,12,13,16,주,화,부산,차대사람,기타,단일로,승합차,보행자,129.03658626,35.10057022,1.0,7,1,3,0
2022,12,13,18,야,화,전북,차대사람,안전운전 의무 불이행,단일로,승용차,보행자,126.99662173,35.60259975,1.0,0,1,0,0
2022,12,13,22,야,화,경북,차량단독,안전운전 의무 불이행,기타,화물차,없음,128.24054251,35.66987211,1.0,0,0,0,0
2022,12,14,0,야,수,서울,차대차,기타,단일로,승용차,화물차,127.03393898,37.55872937,2.0,3,4,0,1
2022,12,14,4,야,수,충남,차대사람,기타,교차로,화물차,보행자,127.09912835,36.19400295,1.0,3,1,0,1
2022,12,14,4,야,수,인천,차대차,안전운전 의무 불이행,교차로,특수차,화물차,126.63251278,37.44621046,2.0,4,0,2,3
2022,12,14,4,야,수,대전,차량단독,안전운전 의무 불이행,단일로,승용차,없음,127.33126789,36.34457363,1.0,12,4,0,0
2022,12,14,5,야,수,서울,차대사람,안전운전 의무 불이행,교차로,승용차,보행자,126.93360935,37.47231966,1.0,13,1,0,2
2022,12,14,8,주,수,경남,차대차,안전운전 의무 불이행,단일로,이륜차,건설기계,129.06135071,35.34048462,1.0,0,0,0,0
2022,12,14,8,주,수,대전,차대차,안전운전 의무 불이행,단일로,건설기계,원동기장치자전거,127.38964016,36.32895494,1.0,9,1,0,2
2022,12,14,9,주,수,서울,차량단독,안전운전 의무 불이행,단일로,이륜차,없음,127.05929899,37.57058036,1.0,9,2,0,2
2022,12,14,16,주,수,서울,차대사람,안전운전 의무 불이행,단일로,승합차,보행자,126.89422029,37.47362955,1.0,12,2,0,4
2022,12,14,16,주,수,경기,차대차,안전운전 의무 불이행,교차로,화물차,승용차,127.10247076,37.31975635,1.3,1,1,0,1
2022,12,14,18,야,수,경기,차대사람,안전운전 의무 불이행,교차로,화물차,보행자,127.25421084,37.19637938,1.0,0,0,0,0
2022,12,14,18,야,수,충남,차대사람,보행자 보호의무 위반,교차로,승용차,보행자,126.65509344,36.59817208,1.0,2,1,0,1
2022,12,15,9,주,목,경북,차대사람,안전운전 의무 불이행,교차로,화물차,보행자,128.80396984,35.85005174,1.0,0,0,0,0
2022,12,15,17,주,목,전남,차대차,기타,교차로,이륜차,승용차,126.77549121,34.95302197,1.0,0,1,0,1
2022,12,16,7,주,금,경남,차대사람,기타,교차로,승용차,보행자,128.76671366,35.47419645,1.0,5,2,0,1
2022,12,16,8,주,금,울산,차량단독,안전운전 의무 불이행,단일로,승용차,없음,129.26973696,35.42119497,1.0,0,0,0,0
2022,12,16,9,주,금,충북,차대차,안전운전 의무 불이행,교차로,화물차,승용차,127.70947413,36.94751015,1.7,0,0,1,0
2022,12,16,9,주,금,경기,차대차,기타,단일로,승용차,승용차,127.03425059,37.91467202,1.7,0,0,0,0
2022,12,16,13,주,금,울산,차대사람,보행자 보호의무 위반,교차로,승용차,보행자,129.22973211,35.56451488,1.0,11,1,0,0
2022,12,16,21,야,금,경기,차대사람,안전운전 의무 불이행,단일로,승용차,보행자,127.28931606,37.38864282,1.0,2,1,0,0
2022,12,16,22,야,금,충남,차대사람,기타,단일로,승합차,보행자,127.10765977,36.79161762,1.0,9,0,0,2
2022,12,16,22,야,금,인천,차대차,신호위반,교차로,이륜차,승용차,126.67619884,37.52933854,1.0,1,1,0,0
2022,12,17,9,주,토,서울,차대사람,안전운전 의무 불이행,교차로,승합차,보행자,127.09438708,37.46701392,1.0,6,1,1,0
2022,12,17,13,주,토,경남,차대차,중앙선 침범,단일로,승용차,화물차,128.63520427,34.89880588,1.6,3,2,0,1
2022,12,17,14,주,토,경기,차대사람,보행자 보호의무 위반,단일로,승용차,보행자,127.00217856,37.42942602,1.0,7,1,3,2
2022,12,17,16,주,토,전남,차량단독,안전운전 의무 불이행,단일로,사륜오토바이(ATV),없음,126.92286932,35.26666969,1.0,0,0,0,0
2022,12,17,17,주,토,경북,차대사람,보행자 보호의무 위반,단일로,이륜차,보행자,128.62517356,36.82371176,1.0,9,1,0,4
2022,12,17,20,야,토,경남,차대차,기타,단일로,이륜차,이륜차,128.65560901,35.24372804,1.0,9,2,1,3
2022,12,17,21,야,토,충남,차대차,안전운전 의무 불이행,단일로,특수차,화물차,127.06824001,36.35391081,4.6,0,0,0,0
2022,12,17,22,야,토,경남,차량단독,안전운전 의무 불이행,단일로,승용차,없음,128.01538529,35.52259984,3.8,0,0,0,0
2022,12,17,23,야,토,경남,차대사람,안전운전 의무 불이행,교차로,승용차,보행자,127.88596466,34.8667661,1.0,0,0,0,0
2022,12,18,3,야,일,경기,차량단독,안전운전 의무 불이행,단일로,승용차,없음,126.99085882,37.45362455,1.0,2,0,1,1
2022,12,18,13,주,일,경기,차대차,안전거리 미확보,단일로,승용차,승용차,126.89190681,37.41575025,3.1,2,0,2,3
2022,12,18,20,야,일,서울,차대차,안전운전 의무 불이행,교차로,승용차,승용차,126.87071837,37.5047747,2.8,1,1,0,0
2022,12,18,22,야,일,전남,차대사람,안전운전 의무 불이행,단일로,승용차,보행자,126.64197762,34.63086238,1.0,0,0,0,0
2022,12,19,3,야,월,경기,차량단독,안전운전 의무 불이행,단일로,이륜차,없음,126.7483107,37.36139246,1.0,0,0,1,0
2022,12,19,5,야,월,서울,차대사람,안전운전 의무 불이행,단일로,승용차,보행자,126.86227246,37.54399214,1.0,1,2,0,0
2022,12,19,9,주,월,제주,차대사람,안전운전 의무 불이행,단일로,건설기계,보행자,126.40083725,33.48092687,1.0,1,2,0,0
2022,12,19,21,야,월,경기,차대사람,보행자 보호의무 위반,단일로,승합차,보행자,126.73535511,37.36059733,1.0,4,4,0,0
2022,12,20,2,야,화,인천,차대차,기타,교차로,승용차,승용차,126.73978285,37.40411667,1.0,11,1,0,7
2022,12,20,3,야,화,전남,차대사람,안전운전 의무 불이행,단일로,화물차,보행자,127.28379126,35.27163109,1.0,0,0,0,0
2022,12,20,4,야,화,경기,차대사람,안전운전 의무 불이행,교차로,승용차,보행자,126.73887991,37.69680244,1.0,0,2,0,0
2022,12,20,7,주,화,제주,차대사람,안전운전 의무 불이행,교차로,화물차,보행자,126.36876097,33.46212221,1.0,0,0,0,0
2022,12,20,8,주,화,전남,차대차,중앙선 침범,교차로,화물차,화물차,127.3928054,35.01417275,1.0,0,0,0,1
2022,12,20,9,주,화,전북,차대차,신호위반,교차로,승용차,승용차,127.15552271,35.94888604,1.6,2,0,0,0
2022,12,20,13,주,화,충북,차량단독,안전운전 의무 불이행,단일로,승용차,없음,128.35209422,36.87066673,1.6,0,0,0,0
2022,12,20,15,주,화,강원,차량단독,안전운전 의무 불이행,단일로,화물차,없음,129.30819352,37.27634249,2.0,0,0,0,0
2022,12,20,15,주,화,경북,차대차,안전운전 의무 불이행,교차로,이륜차,승합차,128.30548207,36.24358592,1.0,7,1,0,0
2022,12,20,21,야,화,경남,차량단독,안전운전 의무 불이행,단일로,원동기장치자전거,없음,127.91581025,34.82303159,1.0,0,0,0,1
2022,12,21,1,야,수,경기,차대사람,안전운전 의무 불이행,단일로,승용차,보행자,126.78430303,37.52362561,1.0,0,0,0,1
2022,12,21,7,주,수,경기,차대사람,보행자 보호의무 위반,교차로,승용차,보행자,126.89778822,37.09638164,1.0,5,1,0,1
2022,12,21,7,주,수,충남,차대사람,중앙선 침범,단일로,승용차,보행자,126.59818817,36.3485472,1.0,8,0,0,7
2022,12,21,7,주,수,대전,차대차,안전운전 의무 불이행,단일로,화물차,승용차,127.33365492,36.33305527,1.3,10,1,0,0
2022,12,21,9,주,수,충남,차량단독,안전운전 의무 불이행,단일로,승용차,없음,127.13759041,36.2566935,1.0,0,0,0,0
2022,12,21,10,주,수,전남,차량단독,안전운전 의무 불이행,단일로,건설기계,없음,126.83000482,34.97263189,1.0,1,0,0,0
2022,12,21,11,주,수,전북,차대사람,안전운전 의무 불이행,교차로,승합차,보행자,126.98638242,35.95947017,1.0,13,2,0,3
2022,12,21,17,주,수,서울,차대사람,안전운전 의무 불이행,교차로,화물차,보행자,126.95593752,37.48582779,3.4,20,2,0,4
2022,12,21,21,야,수,전남,차대사람,안전운전 의무 불이행,교차로,승용차,보행자,126.38328453,34.78437913,1.0,2,2,0,2
2022,12,22,1,야,목,경기,차량단독,안전운전 의무 불이행,교차로,승용차,없음,126.81576393,37.31743627,1.0,7,0,0,2
2022,12,22,4,야,목,경북,차대차,안전운전 의무 불이행,단일로,화물차,화물차,128.7361103,35.75359021,2.7,1,0,0,2
2022,12,22,7,주,목,충남,차량단독,안전운전 의무 불이행,단일로,건설기계,없음,127.16389727,36.95694589,1.0,0,0,0,0
2022,12,22,12,주,목,경기,차대사람,안전운전 의무 불이행,교차로,승합차,보행자,127.24990271,37.3373403,1.0,1,1,0,2
2022,12,22,13,주,목,전남,차대사람,안전운전 의무 불이행,단일로,승용차,보행자,126.24573169,34.47034008,1.0,1,0,0,0
2022,12,22,14,주,목,경기,차대사람,안전운전 의무 불이행,단일로,승합차,보행자,127.01507901,37.2655364,1.0,5,3,0,1
2022,12,22,15,주,목,경기,차대차,안전운전 의무 불이행,단일로,승용차,승용차,127.15104747,37.03804732,1.3,0,0,0,0
2022,12,22,16,주,목,전남,차량단독,안전운전 의무 불이행,단일로,승용차,없음,126.46174989,34.74923913,1.0,1,0,0,0
2022,12,22,17,주,목,강원,차대사람,기타,단일로,승용차,보행자,127.6824164,38.12250464,1.0,0,0,0,0
2022,12,22,18,야,목,경북,차대차,안전운전 의무 불이행,단일로,화물차,승용차,128.56071577,36.20946514,1.9,0,0,1,0
2022,12,22,19,야,목,서울,차대차,안전운전 의무 불이행,단일로,원동기장치자전거,승합차,127.08979142,37.52986797,1.3,5,5,5,0
2022,12,22,19,야,목,경기,차량단독,안전운전 의무 불이행,단일로,농기계,없음,127.68776352,37.34356707,1.0,0,0,0,0
2022,12,23,13,주,금,서울,차대차,안전운전 의무 불이행,단일로,이륜차,건설기계,126.90319738,37.51517361,1.0,0,1,0,4
2022,12,23,18,야,금,경남,차대사람,안전운전 의무 불이행,단일로,원동기장치자전거,보행자,128.57048767,35.21708257,1.0,10,2,0,3
2022,12,23,22,야,금,강원,차대사람,안전운전 의무 불이행,단일로,승용차,보행자,128.98966012,37.15479316,1.0,1,0,0,0
2022,12,24,8,주,토,경북,차량단독,기타,단일로,승용차,없음,129.24571946,35.95727379,1.7,0,0,0,0
2022,12,24,10,주,토,경기,차대차,안전운전 의무 불이행,교차로,이륜차,화물차,127.15171131,37.43006934,1.7,9,2,0,4
2022,12,24,12,주,토,강원,차량단독,안전운전 의무 불이행,교차로,이륜차,없음,128.91284124,37.73375762,1.0,0,0,0,0
2022,12,24,13,주,토,서울,차대차,기타,교차로,자전거,승합차,126.84594236,37.49679835,1.0,8,1,0,3
2022,12,24,15,주,토,충남,차대차,안전운전 의무 불이행,교차로,승용차,승용차,126.63692792,36.54475554,4.1,2,1,0,1
2022,12,24,18,야,토,강원,차대차,중앙선 침범,단일로,승용차,승용차,127.54441719,37.8431921,1.0,0,0,0,0
2022,12,24,19,야,토,경남,차대사람,안전운전 의무 불이행,교차로,승용차,보행자,128.48855621,35.54378632,1.0,3,0,0,1
2022,12,25,10,주,일,경기,차량단독,안전운전 의무 불이행,단일로,화물차,없음,127.40190391,37.36767036,1.0,0,0,1,0
2022,12,25,12,주,일,부산,차대차,안전거리 미확보,단일로,승용차,이륜차,129.08957325,35.13493246,1.0,8,1,1,6
2022,12,25,12,주,일,경남,차대사람,안전운전 의무 불이행,단일로,승용차,보행자,128.67635904,35.22696489,1.0,6,2,0,2
2022,12,25,18,야,일,충북,차대사람,보행자 보호의무 위반,단일로,승용차,보행자,127.49246177,36.62511969,1.0,6,3,0,4
2022,12,25,19,야,일,경북,차대차,중앙선 침범,단일로,화물차,승합차,129.28582593,36.00952713,1.6,0,0,0,0
2022,12,26,5,야,월,대구,차대차,안전운전 의무 불이행,교차로,화물차,자전거,128.58927311,35.87998528,1.0,2,1,0,1
2022,12,26,6,주,월,충북,차량단독,안전운전 의무 불이행,교차로,승용차,없음,127.45979611,36.63951008,1.0,4,2,0,1
2022,12,26,7,주,월,충남,차대차,중앙선 침범,단일로,승용차,승합차,127.06350913,36.78781285,4.3,1,0,0,1
2022,12,26,10,주,월,전북,차대사람,안전운전 의무 불이행,교차로,승합차,보행자,127.13489947,35.835295,1.0,9,1,0,4
2022,12,26,11,주,월,서울,차대사람,보행자 보호의무 위반,교차로,이륜차,보행자,127.08741927,37.60294121,1.0,5,4,4,1
2022,12,26,13,주,월,전북,차대차,안전운전 의무 불이행,단일로,승합차,화물차,126.84910459,35.9270954,2.0,0,0,0,0
2022,12,26,18,야,월,경기,차대사람,보행자 보호의무 위반,단일로,승용차,보행자,127.28555988,37.65949515,1.0,1,0,0,1
2022,12,26,20,야,월,경기,차량단독,안전운전 의무 불이행,단일로,개인형이동장치(PM),없음,127.05378235,37.06112247,1.0,12,1,0,1
2022,12,26,21,야,월,경기,차대차,안전운전 의무 불이행,교차로,승합차,개인형이동장치(PM),127.04558612,37.04167461,1.3,13,1,0,2
2022,12,26,21,야,월,충북,차대사람,안전운전 의무 불이행,단일로,승용차,보행자,127.61587859,36.99573054,1.0,0,0,0,1
2022,12,27,6,주,화,강원,차대사람,안전운전 의무 불이행,교차로,화물차,보행자,127.91964222,37.3020308,1.0,1,0,0,0
2022,12,27,11,주,화,인천,차대차,안전거리 미확보,단일로,화물차,건설기계,126.74208511,37.44138456,1.0,5,1,1,2
2022,12,27,13,주,화,서울,차대사람,안전운전 의무 불이행,기타,화물차,보행자,127.00038291,37.52603533,1.0,0,2,0,3
2022,12,27,15,주,화,부산,차대사람,안전운전 의무 불이행,교차로,승합차,보행자,129.09035247,35.19469843,1.0,6,2,0,4
2022,12,27,17,주,화,경기,차대차,안전운전 의무 불이행,단일로,승용차,화물차,127.49445254,37.24546355,1.3,4,1,1,4
2022,12,27,17,주,화,경북,차량단독,안전운전 의무 불이행,단일로,화물차,없음,128.90013023,36.15803424,1.7,0,0,0,0
2022,12,27,19,야,화,충북,차대사람,안전운전 의무 불이행,기타,승용차,보행자,128.30922406,37.04265166,1.0,2,0,0,0
2022,12,28,0,야,수,충북,차대차,안전운전 의무 불이행,단일로,화물차,화물차,127.83187268,36.45548068,1.0,0,0,0,0
2022,12,28,5,야,수,전남,차대사람,안전운전 의무 불이행,단일로,화물차,보행자,127.34609805,34.65796948,1.0,0,0,0,1
2022,12,28,8,주,수,경기,차대차,안전거리 미확보,단일로,건설기계,자전거,126.81293468,37.74149382,1.0,5,0,0,0
2022,12,28,9,주,수,서울,차대사람,안전운전 의무 불이행,교차로,승용차,보행자,127.03780403,37.48100261,1.0,3,0,0,4
2022,12,29,3,야,목,충남,차대사람,기타,교차로,승용차,보행자,127.1488637,36.86728007,1.0,1,0,0,2
2022,12,29,11,주,목,경기,차량단독,안전운전 의무 불이행,기타,이륜차,없음,126.85060371,37.05160269,1.0,0,0,0,2
2022,12,29,13,주,목,전남,차량단독,안전운전 의무 불이행,단일로,화물차,없음,127.58051392,34.98913393,1.0,2,0,2,0
2022,12,29,14,주,목,경기,차량단독,안전운전 의무 불이행,단일로,이륜차,없음,126.97455951,37.00948878,1.0,1,1,0,0
2022,12,29,15,주,목,서울,차량단독,안전운전 의무 불이행,단일로,승용차,없음,126.88622344,37.51661892,4.1,5,3,0,2
2022,12,29,16,주,목,경기,차대차,안전운전 의무 불이행,기타,화물차,승용차,127.49377601,37.24554465,1.0,4,1,1,5
2022,12,29,22,야,목,경북,차대차,안전운전 의무 불이행,단일로,화물차,화물차,128.24975794,36.27627707,5.1,0,0,0,0
2022,12,30,5,야,금,경기,차대사람,기타,교차로,승용차,보행자,126.83445909,37.61272798,1.0,10,1,0,1
2022,12,30,6,주,금,경기,차대차,안전운전 의무 불이행,단일로,자전거,화물차,127.05955749,37.71106391,1.0,0,0,1,1
2022,12,30,16,주,금,경기,차대사람,안전운전 의무 불이행,단일로,화물차,보행자,126.91341961,38.03060457,1.0,0,0,0,0
2022,12,30,23,야,금,서울,차대차,신호위반,교차로,승용차,승합차,126.97569613,37.50392626,1.3,2,0,0,1
2022,12,31,5,야,토,전북,차대차,신호위반,교차로,승용차,자전거,127.13593215,35.83464897,1.0,11,2,0,4
2022,12,31,20,야,토,경기,차대사람,기타,단일로,이륜차,보행자,126.77606214,37.76212041,1.0,25,0,0,1
2023,1,1,7,주,일,충북,차대사람,안전운전 의무 불이행,단일로,건설기계,보행자,127.6785789,36.96757277,1.0,0,0,0,0
2023,1,1,7,주,일,경남,차량단독,안전운전 의무 불이행,단일로,이륜차,없음,128.4840133,34.85362252,1.0,0,0,0,0
2023,1,1,10,주,일,경북,차대사람,안전운전 의무 불이행,단일로,화물차,보행자,129.5143095,36.04253106,1.0,0,0,0,0
2023,1,1,14,주,일,경기,차량단독,안전운전 의무 불이행,단일로,이륜차,없음,126.8681991,37.23904589,1.0,4,3,0,0
2023,1,1,18,야,일,경기,차량단독,안전운전 의무 불이행,단일로,이륜차,없음,127.2102648,37.73288307,1.0,0,0,0,0
2023,1,2,8,주,월,경기,차대차,신호위반,교차로,승용차,자전거,127.0532702,37.8886802,1.0,18,4,0,1