발생년,발생월,발생일,발생시,주야,요일,발생지시도,사고유형_대분류,가해자법규위반,도로형태_대분류,가해자_당사자종별,피해자_당사자종별,경도,위도,사상자수,반경500m카메라수,반경500m학교수,반경500m전광판수,반경500m사고건수
2023,3,10,7,주,금,전남,차량단독,안전운전 의무 불이행,단일로,화물차,없음,126.101632,34.42187731,1.0,0,0,0,0
2023,3,10,9,주,금,부산,차대사람,보행자 보호의무 위반,교차로,건설기계,보행자,128.9659598,35.11365298,1.0,0,2,0,0
2023,3,10,10,주,금,인천,차대차,신호위반,교차로,화물차,특수차,126.6142177,37.42637128,1.3,1,0,0,0
2023,3,10,11,주,금,서울,차대차,신호위반,단일로,화물차,이륜차,127.1416495,37.51817484,1.0,0,4,0,1
2023,3,10,11,주,금,경기,차량단독,안전운전 의무 불이행,단일로,자전거,없음,127.0751839,38.04696456,1.0,1,0,0,0
2023,3,11,5,야,토,광주,차대차,신호위반,교차로,이륜차,승용차,126.8489889,35.14264542,1.0,2,0,0,0
2023,3,11,22,야,토,서울,차대사람,안전운전 의무 불이행,단일로,승용차,보행자,127.0556953,37.56339211,1.0,10,2,0,4
2023,3,11,22,야,토,경북,차대차,안전운전 의무 불이행,단일로,승용차,화물차,128.8793007,36.03491486,2.0,0,0,0,0
2023,3,12,8,주,일,경기,차대차,안전운전 의무 불이행,단일로,승용차,화물차,126.7992621,37.75068782,4.3999999999999995,3,0,1,1
2023,3,12,13,주,일,서울,차대사람,안전운전 의무 불이행,교차로,승용차,보행자,127.0282668,37.63583484,1.0,14,1,0,7
2023,3,12,19,야,일,서울,차대사람,안전운전 의무 불이행,교차로,승용차,보행자,126.9129196,37.56399429,1.0,11,7,0,5
2023,3,13,1,야,월,전북,차량단독,안전운전 의무 불이행,단일로,이륜차,없음,127.1364289,35.79613342,1.0,7,4,0,1
2023,3,13,13,주,월,충북,차대차,교차로 통행방법 위반,교차로,승용차,이륜차,127.4245713,36.69570109,1.0,1,0,0,0
2023,3,13,13,주,월,경북,차대사람,안전운전 의무 불이행,교차로,화물차,보행자,128.1622198,36.41160781,1.0,7,3,0,1
2023,3,13,16,주,월,서울,차대사람,안전운전 의무 불이행,단일로,승합차,보행자,126.8393413,37.56031558,1.0,3,2,0,0
2023,3,13,23,야,월,세종,차량단독,안전운전 의무 불이행,기타,자전거,없음,127.2608805,36.50517792,1.0,4,0,0,0
2023,3,14,7,주,화,경북,차대차,안전운전 의무 불이행,단일로,승용차,건설기계,128.2275771,36.09210234,1.3,0,0,0,0
2023,3,14,8,주,화,경기,차대차,안전운전 의무 불이행,교차로,승용차,이륜차,127.5398927,37.33207238,1.0,4,1,0,0
2023,3,14,11,주,화,전북,차대사람,안전운전 의무 불이행,기타,농기계,보행자,127.6363497,35.79891395,1.0,0,0,0,0
2023,3,14,12,주,화,경남,차대차,안전운전 의무 불이행,단일로,이륜차,화물차,127.8481002,35.27538114,1.0,0,0,0,1
2023,3,15,5,야,수,경북,차대차,기타,교차로,승용차,화물차,128.3935217,36.10215902,1.3,0,0,0,0
2023,3,15,6,주,수,전남,차대차,안전운전 의무 불이행,단일로,승용차,농기계,126.355017,34.47664299,1.3,0,0,0,0
2023,3,15,14,주,수,경남,차대차,안전운전 의무 불이행,단일로,화물차,화물차,128.5038967,35.28236527,1.7,1,0,0,0
2023,3,15,20,야,수,강원,차량단독,안전운전 의무 불이행,단일로,승용차,없음,128.7095992,37.82877773,1.0,0,0,0,0
2023,3,16,3,야,목,경기,차대차,안전운전 의무 불이행,단일로,승용차,화물차,127.1455807,37.60805155,1.0,14,4,1,0
2023,3,16,5,야,목,경기,차량단독,안전운전 의무 불이행,단일로,승용차,없음,127.0707102,37.2762254,1.0,6,1,1,0
2023,3,16,5,야,목,경기,차대차,안전운전 의무 불이행,단일로,화물차,화물차,126.8361265,37.42860105,1.0,0,0,0,0
2023,3,16,5,야,목,대구,차대사람,안전운전 의무 불이행,단일로,승용차,보행자,128.7040887,35.86634854,1.0,4,4,1,3
2023,3,16,9,주,목,충북,차량단독,안전운전 의무 불이행,단일로,승용차,없음,127.5326001,36.29993557,1.0,1,0,0,0
2023,3,16,15,주,목,강원,차대사람,안전운전 의무 불이행,단일로,특수차,보행자,127.2932555,38.18874336,1.0,0,0,0,0
2023,3,17,9,주,금,전북,차대차,안전운전 의무 불이행,교차로,이륜차,이륜차,126.4666165,35.45644009,1.3,0,0,0,0
2023,3,17,12,주,금,부산,차대차,안전거리 미확보,교차로,자전거,이륜차,129.0250973,35.10102187,1.7,10,2,0,4
2023,3,17,14,주,금,인천,차대사람,보행자 보호의무 위반,단일로,화물차,보행자,126.6240425,37.44935677,1.0,2,1,1,0
2023,3,17,18,야,금,충북,차대차,안전운전 의무 불이행,단일로,화물차,승용차,127.7043578,37.11307694,1.7,0,0,3,0
2023,3,17,19,야,금,부산,차대사람,기타,단일로,승용차,보행자,128.9724073,35.1438874,1.0,1,0,1,1
2023,3,17,22,야,금,경북,차대차,안전운전 의무 불이행,교차로,승용차,승합차,128.5674908,36.58129574,1.9,0,2,0,3
2023,3,18,0,야,토,충북,차대차,안전운전 의무 불이행,단일로,화물차,화물차,127.3324544,36.72018161,1.3,1,0,0,1
2023,3,18,11,주,토,전남,차대차,안전운전 의무 불이행,교차로,승용차,이륜차,127.7471969,34.93490335,1.0,2,0,0,0
2023,3,18,17,주,토,강원,차량단독,기타,단일로,이륜차,없음,128.4761111,38.21167957,1.0,0,0,0,1
2023,3,18,20,야,토,경기,차대차,중앙선 침범,단일로,승용차,이륜차,127.5636183,37.40962629,1.0,0,0,0,0
2023,3,19,9,주,일,충북,차대차,안전운전 의무 불이행,단일로,승합차,승용차,127.4305039,36.53421878,3.1,1,0,0,1
2023,3,19,12,주,일,경남,차대차,신호위반,교차로,이륜차,화물차,128.0845161,34.92963684,1.0,3,1,0,1
2023,3,19,16,주,일,경기,차대차,신호위반,교차로,이륜차,승용차,127.4080176,37.29968329,1.6,0,0,0,1
2023,3,20,0,야,월,서울,차량단독,안전운전 의무 불이행,단일로,이륜차,없음,127.0166529,37.53898338,1.0,4,2,0,1
2023,3,20,7,주,월,제주,차량단독,안전운전 의무 불이행,단일로,승용차,없음,126.203729,33.33257339,1.0,0,0,0,1
2023,3,20,9,주,월,경기,차량단독,안전운전 의무 불이행,단일로,자전거,없음,127.4801064,37.26045237,1.0,7,1,0,1
2023,3,20,9,주,월,경기,차대사람,보행자 보호의무 위반,교차로,화물차,보행자,126.6229414,37.6574299,1.0,4,3,0,2
2023,3,20,18,야,월,경기,차대차,안전운전 의무 불이행,단일로,승용차,개인형이동장치(PM),127.0781831,37.79567599,1.0,19,1,1,3
2023,3,20,21,야,월,울산,차대사람,기타,교차로,승용차,보행자,129.3442862,35.5397648,1.3,5,0,0,3
2023,3,21,11,주,화,서울,차대사람,안전운전 의무 불이행,교차로,화물차,보행자,126.9037978,37.47808591,1.0,9,0,0,4
2023,3,21,19,야,화,경남,차대차,안전운전 의무 불이행,단일로,승용차,농기계,128.2031011,35.33638809,1.0,0,0,0,0
2023,3,22,4,야,수,경북,차대사람,안전운전 의무 불이행,단일로,화물차,보행자,128.9390069,35.96428327,1.0,0,0,0,2
2023,3,22,11,주,수,강원,차량단독,안전운전 의무 불이행,단일로,화물차,없음,128.8470654,37.1472972,1.7,0,0,0,0
2023,3,22,11,주,수,강원,차대사람,안전운전 의무 불이행,단일로,승용차,보행자,128.0707531,37.48383606,1.0,0,0,0,0
2023,3,22,16,주,수,전남,차량단독,안전운전 의무 불이행,단일로,화물차,없음,126.4752173,35.30889705,1.7,0,0,0,0
2023,3,22,19,야,수,경북,차대차,신호위반,교차로,승용차,이륜차,128.3531533,36.1168059,1.6,5,1,0,1
2023,3,22,20,야,수,경기,차대차,기타,교차로,승용차,승용차,127.0926787,37.18696512,2.4,4,1,1,0
2023,3,23,2,야,목,경기,차량단독,안전운전 의무 불이행,단일로,이륜차,없음,126.782737,37.64683767,1.0,20,4,0,2
2023,3,23,6,주,목,강원,차대차,기타,단일로,승용차,승용차,127.8887328,37.16524048,1.0,0,0,2,0
2023,3,23,11,주,목,충북,차대사람,안전운전 의무 불이행,교차로,승합차,보행자,127.4685479,36.68473167,1.0,0,0,0,0
2023,3,23,11,주,목,전북,차량단독,안전운전 의무 불이행,단일로,화물차,없음,126.9551181,36.03892394,1.0,0,1,0,0
2023,3,23,12,주,목,충남,차대차,기타,단일로,승용차,화물차,126.7715435,36.14884079,2.0,0,0,0,0
2023,3,23,12,주,목,경북,차대차,신호위반,교차로,이륜차,승용차,129.2282716,35.99154787,1.0,1,3,0,0
2023,3,23,18,야,목,경기,차대차,신호위반,교차로,승합차,이륜차,126.89023,37.64844274,1.0,18,3,0,1
2023,3,23,19,야,목,울산,차대사람,안전운전 의무 불이행,교차로,승용차,보행자,129.3311705,35.62548171,1.0,1,1,0,1
2023,3,23,20,야,목,전북,차량단독,안전운전 의무 불이행,단일로,승합차,없음,126.9875184,36.12830426,1.0,1,0,0,0
2023,3,24,5,야,금,전북,차대차,안전거리 미확보,단일로,승용차,화물차,126.9137665,35.92365991,1.0,0,0,0,0
2023,3,24,9,주,금,경남,차대사람,기타,단일로,승용차,보행자,127.8755709,35.109105,1.0,0,0,0,0
2023,3,24,13,주,금,강원,차대사람,안전운전 의무 불이행,기타,자전거,보행자,127.9538601,37.35177819,1.0,0,0,0,3
2023,3,24,14,주,금,경기,차대사람,안전운전 의무 불이행,단일로,이륜차,보행자,126.874901,37.46447029,1.0,7,1,0,0
2023,3,24,14,주,금,경북,차대사람,중앙선 침범,단일로,승용차,보행자,128.0499401,36.62809681,1.7,0,0,0,0
2023,3,24,17,주,금,충남,차대차,안전운전 의무 불이행,단일로,화물차,화물차,127.1891417,36.9253558,1.6,0,0,1,2
2023,3,24,18,야,금,경기,차량단독,안전운전 의무 불이행,단일로,이륜차,없음,127.2343449,36.9999069,1.0,0,0,1,0
2023,3,24,19,야,금,경기,차대차,신호위반,단일로,이륜차,이륜차,126.9432575,37.3988772,1.0,8,3,0,1
2023,3,25,10,주,토,경기,차량단독,안전운전 의무 불이행,단일로,이륜차,없음,127.1580527,37.04558566,1.0,3,0,0,0
2023,3,25,13,주,토,강원,차량단독,안전운전 의무 불이행,단일로,승용차,없음,128.4169779,37.50522612,2.7,0,0,0,0
2023,3,25,13,주,토,제주,차량단독,안전운전 의무 불이행,단일로,승용차,없음,126.5550299,33.43998858,1.0,0,0,0,0
2023,3,25,14,주,토,전북,차량단독,안전운전 의무 불이행,단일로,승용차,없음,126.8093927,35.77065391,1.0,0,1,0,2
2023,3,25,16,주,토,인천,차대차,중앙선 침범,교차로,원동기장치자전거,승용차,126.6434902,37.45908064,1.0,6,0,0,3
2023,3,25,19,야,토,경기,차대사람,기타,교차로,승용차,보행자,126.7913011,37.83193791,1.0,0,0,0,1
2023,3,26,3,야,일,경기,차량단독,안전운전 의무 불이행,단일로,이륜차,없음,127.1139775,37.63083751,1.0,4,1,2,1
2023,3,26,17,주,일,대구,차대차,안전운전 의무 불이행,교차로,승용차,이륜차,128.5958529,35.90165299,1.0,4,0,0,1
2023,3,26,22,야,일,경기,차량단독,기타,단일로,승용차,없음,126.682967,37.70741527,1.0,3,0,0,0
2023,3,26,23,야,일,서울,차대사람,신호위반,교차로,이륜차,보행자,126.9032868,37.47123301,1.3,10,1,0,7
2023,3,27,5,야,월,전북,차대차,기타,단일로,승용차,자전거,126.7020821,35.97484819,1.0,5,5,0,3
2023,3,27,6,주,월,경기,차대사람,안전운전 의무 불이행,단일로,승용차,보행자,127.0846964,37.7298126,1.0,5,2,0,1
2023,3,27,7,주,월,세종,차대차,안전운전 의무 불이행,단일로,화물차,승용차,127.2758946,36.54970574,3.4,1,0,0,2
2023,3,27,10,주,월,경북,차대차,안전운전 의무 불이행,교차로,화물차,이륜차,129.4007633,35.99310281,1.0,4,1,0,1
2023,3,27,13,주,월,충남,차대차,교차로 통행방법 위반,교차로,승용차,화물차,126.1475393,36.78806376,2.4,0,0,0,0
2023,3,27,13,주,월,경기,차대사람,보행자 보호의무 위반,교차로,승용차,보행자,126.7770394,37.76086458,1.7,20,0,1,1
2023,3,27,17,주,월,충남,차대차,기타,단일로,승용차,농기계,127.5526283,36.12108547,1.0,0,0,0,0
2023,3,27,17,주,월,전남,차량단독,안전운전 의무 불이행,단일로,화물차,없음,126.0245413,34.3304741,1.0,0,0,0,0
2023,3,27,20,야,월,경남,차대사람,안전운전 의무 불이행,교차로,승용차,보행자,128.5044464,35.28769851,1.0,0,0,0,1
2023,3,28,5,야,화,충남,차량단독,안전운전 의무 불이행,교차로,승용차,없음,126.4528084,36.8591831,1.0,5,0,0,1
2023,3,28,9,주,화,경북,차대차,안전운전 의무 불이행,단일로,승용차,개인형이동장치(PM),129.4284818,35.79897491,1.0,0,0,0,1
2023,3,28,13,주,화,전북,차대사람,안전운전 의무 불이행,단일로,승용차,보행자,127.295894,35.62193504,1.0,2,0,0,1
2023,3,28,14,주,화,전남,차대차,안전운전 의무 불이행,단일로,승용차,이륜차,127.6194475,35.02096945,1.0,0,0,0,1
2023,3,28,17,주,화,충남,차량단독,안전운전 의무 불이행,단일로,이륜차,없음,126.917247,36.73753348,1.0,0,0,0,0
2023,3,29,3,야,수,서울,차대사람,안전운전 의무 불이행,교차로,승용차,보행자,126.9173611,37.61157106,1.0,17,5,0,1
2023,3,29,5,야,수,경기,차대차,안전운전 의무 불이행,단일로,승용차,화물차,127.1058467,37.23729002,3.7,1,0,2,0
2023,3,29,5,야,수,경남,차대차,안전운전 의무 불이행,기타,화물차,특수차,128.6108291,35.26277546,1.0,2,0,0,0
2023,3,29,9,주,수,전남,차량단독,안전운전 의무 불이행,단일로,화물차,없음,126.8817231,34.92003757,1.0,0,0,0,0
2023,3,29,22,야,수,경북,차량단독,안전운전 의무 불이행,교차로,승용차,없음,128.3977812,35.95977159,1.0,0,0,0,1
2023,3,30,5,야,목,경기,차대사람,안전운전 의무 불이행,단일로,승용차,보행자,127.5124218,37.29193932,1.0,2,0,0,1
2023,3,30,5,야,목,경기,차대차,안전운전 의무 불이행,기타,승용차,화물차,126.8722641,37.02020555,2.2,1,0,0,0
2023,3,30,5,야,목,강원,차대사람,신호위반,교차로,승용차,보행자,128.2444655,38.13895242,1.0,0,0,1,0
2023,3,30,5,야,목,충북,차대차,기타,단일로,특수차,화물차,127.4778693,37.04263287,3.5999999999999996,1,0,0,0
2023,3,30,6,주,목,전남,차량단독,안전운전 의무 불이행,기타,화물차,없음,127.2851051,34.61048785,1.0,8,1,0,1
2023,3,30,9,주,목,인천,차대차,안전운전 의무 불이행,교차로,승용차,자전거,126.4975873,37.74093719,1.0,1,1,0,0
2023,3,30,12,주,목,전북,차량단독,안전운전 의무 불이행,단일로,이륜차,없음,127.6260535,35.46602737,1.0,1,0,0,0
2023,3,30,12,주,목,전남,차대차,신호위반,교차로,이륜차,화물차,126.9724284,35.05121652,1.0,0,1,0,1
2023,3,30,14,주,목,충남,차량단독,안전운전 의무 불이행,단일로,승용차,없음,126.8864696,36.36417747,1.0,0,0,0,0
2023,3,30,16,주,목,충북,차량단독,안전운전 의무 불이행,단일로,농기계,없음,127.4798896,36.88649337,1.0,0,0,2,0
2023,3,30,19,야,목,경기,차대사람,안전운전 의무 불이행,단일로,승용차,보행자,127.6050732,37.50342964,1.0,1,0,0,0
2023,3,31,2,야,금,전남,차량단독,안전운전 의무 불이행,기타,화물차,없음,126.7269675,35.28008459,1.0,0,0,1,0
2023,3,31,5,야,금,경북,차량단독,안전운전 의무 불이행,단일로,승용차,없음,128.6810662,35.71784599,1.0,0,0,0,0
2023,3,31,6,주,금,경북,차대차,중앙선 침범,단일로,이륜차,화물차,128.7403638,36.94538171,1.7,0,0,0,0
2023,3,31,10,주,금,부산,차대사람,보행자 보호의무 위반,교차로,승합차,보행자,129.0800413,35.12385917,1.0,9,2,0,2
2023,3,31,11,주,금,광주,차대차,교차로 통행방법 위반,단일로,화물차,화물차,126.8071953,35.20890471,1.3,0,0,0,0
2023,3,31,17,주,금,경기,차대사람,안전운전 의무 불이행,교차로,건설기계,보행자,127.1384252,37.46403814,1.0,5,1,1,4
2023,3,31,17,주,금,제주,차대차,신호위반,교차로,화물차,화물차,126.4099983,33.45756727,2.3,0,0,0,1
2023,3,31,17,주,금,광주,차대차,안전운전 의무 불이행,교차로,이륜차,승용차,126.8370455,35.18591633,1.0,13,4,0,0
2023,3,31,18,야,금,전남,차대차,안전운전 의무 불이행,교차로,화물차,이륜차,126.9508385,35.05107562,1.3,0,0,0,0
2023,4,1,0,야,토,부산,차대사람,안전운전 의무 불이행,단일로,승용차,보행자,129.0735278,35.13609761,1.0,8,1,0,2
2023,4,1,11,주,토,충북,차량단독,안전운전 의무 불이행,단일로,이륜차,없음,127.5730053,36.53573122,1.0,2,0,0,0
2023,4,1,13,주,토,경기,차량단독,안전운전 의무 불이행,단일로,화물차,없음,127.285394,37.74069607,1.0,0,0,0,0
2023,4,1,15,주,토,충남,차대차,기타,단일로,승용차,승용차,126.5711535,36.78338254,3.4,0,0,0,0
2023,4,1,15,주,토,경북,차대차,기타,교차로,자전거,승용차,128.9453558,35.95973547,1.0,3,0,0,0
2023,4,1,16,주,토,전북,차대사람,보행자 보호의무 위반,교차로,승용차,보행자,127.1510414,35.86092168,1.0,17,2,0,2
2023,4,1,16,주,토,경북,차대차,신호위반,교차로,이륜차,화물차,128.8146035,35.99487507,1.0,0,0,0,1
2023,4,1,20,야,토,서울,차대사람,안전운전 의무 불이행,단일로,승용차,보행자,126.910123,37.59554535,1.0,9,2,0,2
2023,4,1,22,야,토,충남,차대차,기타,단일로,승용차,이륜차,126.6058707,36.35012848,1.3,8,0,0,3
2023,4,1,22,야,토,전남,차량단독,안전운전 의무 불이행,단일로,이륜차,없음,127.7397387,34.74965071,1.0,2,3,0,3
2023,4,2,0,야,일,서울,차대사람,안전운전 의무 불이행,단일로,승용차,보행자,126.883561,37.4688423,1.0,9,2,0,3
2023,4,2,2,야,일,경북,차대사람,안전운전 의무 불이행,단일로,승용차,보행자,128.7844499,35.87287272,1.7,2,0,0,2
2023,4,2,9,주,일,경기,차대사람,안전운전 의무 불이행,단일로,승용차,보행자,127.2840056,37.00931953,1.0,5,0,0,0
2023,4,2,9,주,일,충남,차대차,기타,교차로,승용차,원동기장치자전거,126.6729263,36.70898848,1.0,2,0,0,2
2023,4,2,10,주,일,충북,차대차,신호위반,교차로,승용차,이륜차,127.5443402,36.32128945,1.0,0,0,1,1
2023,4,2,10,주,일,전북,차대사람,안전운전 의무 불이행,단일로,승용차,보행자,127.3059098,35.74975906,1.0,0,0,0,0
2023,4,2,17,주,일,경북,차량단독,기타,교차로,승용차,없음,129.1654505,35.7883031,1.7,0,0,0,0
2023,4,2,20,야,일,경기,차대사람,기타,단일로,승용차,보행자,126.8420327,36.97612427,1.0,0,0,0,1
2023,4,2,20,야,일,경남,차량단독,안전운전 의무 불이행,교차로,화물차,없음,128.2731315,35.22452251,1.0,2,0,0,0
2023,4,2,20,야,일,제주,차대사람,안전운전 의무 불이행,기타,화물차,보행자,126.5021386,33.2539384,1.0,1,0,1,0
2023,4,3,1,야,월,전남,차량단독,안전운전 의무 불이행,단일로,승용차,없음,127.5356224,34.93923455,1.0,1,0,0,0
2023,4,3,5,야,월,경기,차대사람,안전운전 의무 불이행,단일로,화물차,보행자,127.5191376,37.4810578,1.0,0,0,0,0
2023,4,3,5,야,월,경기,차대사람,안전운전 의무 불이행,교차로,화물차,보행자,126.8908955,37.45131284,1.0,6,2,1,1
2023,4,3,8,주,월,경남,차대사람,신호위반,교차로,승합차,보행자,128.7060335,35.12997992,1.0,6,1,0,1
2023,4,3,13,주,월,경북,차대차,안전운전 의무 불이행,단일로,승용차,화물차,129.2051795,35.73478284,1.3,0,0,0,0
2023,4,3,15,주,월,경기,차대차,신호위반,교차로,이륜차,화물차,127.0413291,37.13422522,1.0,0,0,1,1
2023,4,3,20,야,월,경북,차대차,중앙선 침범,단일로,자전거,승용차,129.4121833,36.60899944,1.0,1,0,0,0
2023,4,4,2,야,화,경기,차량단독,안전운전 의무 불이행,단일로,이륜차,없음,126.7370515,37.68262192,1.0,0,0,0,1
2023,4,4,5,야,화,충북,차대차,안전운전 의무 불이행,기타,승용차,승용차,127.4767832,36.91646628,1.0,0,0,0,1
2023,4,4,10,주,화,인천,차대사람,신호위반,단일로,자전거,보행자,126.7158336,37.46330543,1.0,17,3,1,2
2023,4,4,11,주,화,전남,차대차,안전운전 의무 불이행,단일로,이륜차,승용차,127.5240084,34.95527055,1.0,5,3,0,1
2023,4,4,14,주,화,경북,차대차,안전운전 의무 불이행,교차로,건설기계,이륜차,128.2510954,35.6817622,1.0,0,0,0,0
2023,4,4,17,주,화,경북,차대차,안전운전 의무 불이행,교차로,승용차,이륜차,129.2993035,35.77886478,1.0,2,1,0,4
2023,4,4,18,야,화,경북,차량단독,안전운전 의무 불이행,단일로,화물차,없음,129.0545181,36.75627231,1.0,0,0,0,0
2023,4,5,6,주,수,충북,차대차,안전운전 의무 불이행,교차로,승용차,자전거,127.47157,36.65406363,1.0,3,2,0,2
2023,4,5,7,주,수,충남,차대차,중앙선 침범,단일로,승용차,승용차,127.2755528,36.23781077,1.7,0,0,0,1
2023,4,5,7,주,수,대구,차대사람,안전운전 의무 불이행,단일로,승용차,보행자,128.6301172,35.8261183,1.0,6,2,0,1
2023,4,5,11,주,수,부산,차대차,신호위반,교차로,이륜차,승용차,129.1679456,35.16657062,1.0,18,3,0,4
2023,4,5,12,주,수,충남,차량단독,안전운전 의무 불이행,단일로,승용차,없음,126.7080898,36.41812038,1.0,0,0,0,0
2023,4,5,21,야,수,경남,차대사람,안전운전 의무 불이행,단일로,승용차,보행자,128.0654056,34.96730264,1.7,3,1,0,1
2023,4,6,5,야,목,경기,차대차,중앙선 침범,기타,승합차,화물차,127.5950883,37.22132188,2.6999999999999997,0,0,0,2
2023,4,6,10,주,목,강원,차대사람,신호위반,교차로,승용차,보행자,128.9092765,37.77018413,1.0,10,2,0,3
2023,4,6,20,야,목,경남,차대사람,안전운전 의무 불이행,교차로,화물차,보행자,128.6243523,35.26128905,1.0,6,1,0,6
2023,4,7,7,주,금,경북,차대차,신호위반,교차로,승합차,자전거,128.3131527,36.13947853,1.0,7,3,0,1
2023,4,7,7,주,금,인천,차대사람,기타,단일로,건설기계,보행자,126.6168024,37.41800806,1.0,1,2,0,1
2023,4,7,17,주,금,경기,차대차,안전운전 의무 불이행,단일로,건설기계,원동기장치자전거,126.6197197,37.66815858,1.0,0,0,0,1
2023,4,7,18,야,금,전남,차대차,안전운전 의무 불이행,교차로,화물차,화물차,126.6273736,34.40272613,2.4,0,1,0,0
2023,4,8,12,주,토,인천,차대차,신호위반,교차로,이륜차,승용차,126.6787223,37.49323038,1.0,4,5,0,1
2023,4,8,14,주,토,대전,차대사람,중앙선 침범,단일로,승용차,보행자,127.3946352,36.35120952,2.3,14,4,0,4
2023,4,8,19,야,토,경남,차대차,안전운전 의무 불이행,단일로,승용차,자전거,128.835127,35.39220684,1.0,3,1,0,2
2023,4,8,20,야,토,경기,차대차,기타,단일로,승합차,농기계,127.4957219,37.92302024,1.0,0,0,0,0
2023,4,9,5,야,일,부산,차대차,안전운전 의무 불이행,단일로,승용차,이륜차,129.0757642,35.13482433,1.0,6,1,0,2
2023,4,9,14,주,일,충북,차량단독,안전운전 의무 불이행,단일로,승용차,없음,127.666775,36.27856516,1.0,0,0,0,2
2023,4,9,18,야,일,경기,차대차,중앙선 침범,단일로,승용차,이륜차,127.1989451,37.55153179,1.6,3,3,0,1
2023,4,9,21,야,일,전남,차대차,안전운전 의무 불이행,기타,승용차,승용차,127.4004041,35.01169943,1.0,0,0,0,0
2023,4,9,23,야,일,전남,차량단독,기타,단일로,승용차,없음,126.5676275,34.207559,1.0,0,0,0,0
2023,4,10,4,야,월,경북,차대차,중앙선 침범,단일로,승용차,승용차,128.6672495,36.41994509,2.0,0,0,1,0
2023,4,10,17,주,월,인천,차대사람,보행자 보호의무 위반,교차로,승합차,보행자,126.7367766,37.46319018,1.0,16,6,0,0
2023,4,10,19,야,월,서울,차대차,안전운전 의무 불이행,교차로,승합차,이륜차,126.8424532,37.47928372,1.0,4,1,0,1
2023,4,10,19,야,월,경북,차대사람,기타,단일로,승용차,보행자,128.7783297,35.87044074,1.0,2,0,0,1
2023,4,11,5,야,화,경기,차대차,안전운전 의무 불이행,단일로,자전거,화물차,127.196705,37.53438226,1.0,0,0,0,1
2023,4,11,5,야,화,경북,차량단독,안전운전 의무 불이행,교차로,승용차,없음,128.3426191,36.12299295,1.0,5,0,0,6
2023,4,11,18,야,화,경기,차대차,신호위반,교차로,승합차,이륜차,127.0409595,37.03501327,1.9,6,0,0,1
2023,4,11,21,야,화,경북,차량단독,안전운전 의무 불이행,단일로,농기계,없음,127.9893267,36.01798542,1.0,0,0,0,0
2023,4,12,3,야,수,대구,차량단독,안전운전 의무 불이행,단일로,이륜차,없음,128.5307093,35.84449346,2.0,10,3,0,1
2023,4,12,8,주,수,충남,차대사람,안전운전 의무 불이행,단일로,화물차,보행자,126.8317998,36.68185136,1.0,4,3,0,2
2023,4,12,13,주,수,경북,차대사람,안전운전 의무 불이행,교차로,화물차,보행자,128.2863512,35.9146001,1.0,3,3,0,0
2023,4,12,13,주,수,대전,차대차,안전운전 의무 불이행,기타,승용차,이륜차,127.3068217,36.25269594,1.0,0,0,0,0
2023,4,12,17,주,수,울산,차대차,안전거리 미확보,교차로,화물차,이륜차,129.334032,35.45215842,1.0,0,0,0,0
2023,4,12,21,야,수,대전,차대차,신호위반,교차로,이륜차,이륜차,127.3488956,36.30530791,1.7,7,1,0,3
2023,4,13,2,야,목,강원,차대차,안전운전 의무 불이행,단일로,승용차,화물차,128.5763501,38.18972366,1.0,5,1,0,3
2023,4,13,6,주,목,전북,차대사람,안전운전 의무 불이행,교차로,화물차,보행자,126.9476387,35.95582699,1.0,3,4,0,2
2023,4,13,8,주,목,전남,차량단독,안전운전 의무 불이행,교차로,이륜차,없음,127.1576559,34.47699102,1.0,0,0,0,2
2023,4,13,17,주,목,광주,차대차,안전운전 의무 불이행,교차로,승용차,이륜차,126.9002165,35.20309839,1.0,3,3,0,1
2023,4,13,23,야,목,경기,차대차,안전운전 의무 불이행,교차로,승용차,이륜차,127.4682706,37.27383561,1.0,0,0,1,0
2023,4,14,0,야,금,부산,차대차,신호위반,교차로,이륜차,승용차,129.0922143,35.13021845,1.7,8,2,0,1
2023,4,14,0,야,금,대구,차대사람,기타,단일로,승용차,보행자,128.6081516,35.8729427,1.0,7,0,3,5
2023,4,14,4,야,금,부산,차대사람,안전운전 의무 불이행,단일로,화물차,보행자,129.0063679,35.23068271,1.0,4,3,0,3
2023,4,14,23,야,금,서울,차대사람,안전운전 의무 불이행,교차로,승용차,보행자,126.8120692,37.5734726,1.0,2,4,0,1
2023,4,15,0,야,토,전남,차량단독,안전운전 의무 불이행,단일로,개인형이동장치(PM),없음,127.6808163,34.944146,1.0,4,2,0,0
2023,4,15,3,야,토,서울,차대사람,기타,단일로,승용차,보행자,127.0681874,37.50008221,1.0,11,0,0,1
2023,4,15,3,야,토,경기,차대차,안전운전 의무 불이행,단일로,화물차,화물차,127.1281284,37.69534657,1.3,0,0,0,0
2023,4,15,10,주,토,전남,차대차,안전거리 미확보,단일로,화물차,이륜차,126.5931236,34.56477035,1.7,0,0,0,1
2023,4,15,14,주,토,서울,차대사람,신호위반,단일로,승용차,보행자,126.9357105,37.47413243,4.3999999999999995,12,1,0,2
2023,4,15,14,주,토,경기,차대차,신호위반,교차로,이륜차,화물차,127.2608117,38.03192366,1.7,1,0,0,1