발생년,발생월,발생일,발생시,주야,요일,발생지시도,사고유형_대분류,가해자법규위반,도로형태_대분류,가해자_당사자종별,피해자_당사자종별,경도,위도,사상자수,반경500m카메라수,반경500m학교수,반경500m전광판수,반경500m사고건수
2023,4,15,23,야,토,경북,차량단독,안전운전 의무 불이행,단일로,화물차,없음,128.2822322,36.42072642,1.0,0,0,0,0
2023,4,15,23,야,토,경남,차대차,안전운전 의무 불이행,교차로,화물차,승용차,128.6304483,34.89277276,1.3,9,1,0,2
2023,4,16,12,주,일,경남,차대사람,안전운전 의무 불이행,단일로,승합차,보행자,128.5783677,35.23552364,1.0,12,1,0,6
2023,4,16,16,주,일,경남,차대차,기타,단일로,승용차,승용차,128.795631,35.52133132,4.3999999999999995,0,0,0,1
2023,4,17,7,주,월,울산,차대사람,신호위반,기타,승용차,보행자,129.3352699,35.53906399,1.0,5,1,0,0
2023,4,17,13,주,월,경기,차대차,안전운전 의무 불이행,단일로,화물차,특수차,127.0781199,37.17929727,1.6,0,0,0,0
2023,4,17,18,야,월,충북,차대사람,안전운전 의무 불이행,교차로,승용차,보행자,127.597365,36.99256507,1.0,8,1,0,1
2023,4,17,21,야,월,전북,차대차,안전운전 의무 불이행,기타,승용차,화물차,126.6567032,35.89586653,1.0,0,0,0,0
2023,4,17,21,야,월,경남,차대사람,안전운전 의무 불이행,단일로,승용차,보행자,128.1124284,34.93003138,1.0,1,0,0,1
2023,4,17,22,야,월,경북,차대차,안전운전 의무 불이행,단일로,승용차,특수차,128.8030293,35.9541803,1.0,2,0,1,1
2023,4,18,2,야,화,대구,차량단독,안전운전 의무 불이행,교차로,이륜차,없음,128.5819031,35.87731114,1.0,7,1,0,1
2023,4,18,2,야,화,경기,차량단독,기타,교차로,승용차,없음,127.0572639,37.87695133,1.0,2,0,0,1
2023,4,18,9,주,화,강원,차대차,안전운전 의무 불이행,교차로,승용차,승용차,127.7397257,37.87838696,1.3,10,3,0,3
2023,4,18,14,주,화,전남,차대차,안전운전 의무 불이행,단일로,화물차,화물차,127.2441368,35.11938983,3.0,0,0,0,0
2023,4,18,15,주,화,경북,차대사람,안전운전 의무 불이행,단일로,화물차,보행자,128.1301789,36.34009222,1.0,0,0,0,0
2023,4,18,23,야,화,전남,차량단독,안전운전 의무 불이행,교차로,승용차,없음,127.3182719,35.0297202,1.0,0,0,0,0
2023,4,19,0,야,수,서울,차량단독,기타,교차로,자전거,없음,126.9878057,37.54312517,1.0,7,3,0,3
2023,4,19,2,야,수,세종,차량단독,안전운전 의무 불이행,단일로,이륜차,없음,127.2679894,36.50669749,1.0,4,3,0,0
2023,4,19,9,주,수,경기,차량단독,안전운전 의무 불이행,단일로,원동기장치자전거,없음,126.7662981,37.33485189,1.0,5,1,0,4
2023,4,19,10,주,수,경북,차대차,안전운전 의무 불이행,단일로,승용차,농기계,128.7011319,36.67744273,1.3,0,2,0,0
2023,4,19,15,주,수,서울,차대사람,안전운전 의무 불이행,교차로,승용차,보행자,127.0280897,37.61904218,1.7,10,6,0,0
2023,4,19,16,주,수,경기,차량단독,안전운전 의무 불이행,단일로,이륜차,없음,127.2575047,37.07175579,1.0,0,0,0,0
2023,4,19,22,야,수,경기,차대사람,안전운전 의무 불이행,단일로,승용차,보행자,126.8815648,37.65037155,1.0,13,2,1,0
2023,4,20,0,야,목,경기,차대차,안전운전 의무 불이행,단일로,승용차,승용차,126.8732774,37.21801632,1.0,0,0,0,0
2023,4,20,4,야,목,강원,차량단독,안전운전 의무 불이행,단일로,승용차,없음,127.9962119,37.28294056,1.0,1,0,1,0
2023,4,20,9,주,목,경북,차대차,안전운전 의무 불이행,교차로,화물차,화물차,129.2025035,35.72127109,1.0,1,0,1,0
2023,4,20,9,주,목,경북,차대차,기타,교차로,화물차,이륜차,128.3837926,35.98718383,1.0,2,1,0,0
2023,4,20,10,주,목,충북,차대차,중앙선 침범,단일로,승용차,승용차,127.727606,36.66499201,1.7,0,0,0,0
2023,4,20,13,주,목,전남,차량단독,안전운전 의무 불이행,단일로,화물차,없음,126.9534192,35.00273673,1.0,1,0,0,0
2023,4,20,15,주,목,경북,차대차,안전운전 의무 불이행,단일로,승용차,자전거,129.3418737,36.10317741,1.0,5,1,0,1
2023,4,20,17,주,목,충북,차대차,신호위반,교차로,이륜차,이륜차,127.4880966,36.64625947,1.3,2,4,0,2
2023,4,20,19,야,목,부산,차대사람,안전운전 의무 불이행,단일로,승용차,보행자,129.1147905,35.15473174,1.0,5,3,0,1
2023,4,20,19,야,목,경남,차대사람,기타,단일로,승용차,보행자,127.9909128,35.29212626,1.0,0,0,0,2
2023,4,20,21,야,목,경기,차대사람,안전운전 의무 불이행,단일로,승용차,보행자,127.0482356,37.72774968,1.0,13,0,1,3
2023,4,21,0,야,금,서울,차대사람,안전운전 의무 불이행,단일로,승용차,보행자,126.9921914,37.57077046,1.0,17,0,0,2
2023,4,21,0,야,금,대전,차대차,중앙선 침범,기타,개인형이동장치(PM),자전거,127.3478365,36.32869266,1.3,1,0,0,4
2023,4,21,1,야,금,충남,차대차,안전운전 의무 불이행,단일로,승용차,화물차,127.0886547,36.47936687,2.4,0,0,0,1
2023,4,21,5,야,금,경기,차대차,안전운전 의무 불이행,단일로,이륜차,건설기계,127.2444264,37.32433957,1.0,0,0,1,0
2023,4,21,8,주,금,전남,차대사람,안전운전 의무 불이행,교차로,승용차,보행자,127.7320819,34.73081834,1.0,0,0,1,0
2023,4,21,19,야,금,제주,차대사람,안전운전 의무 불이행,단일로,승합차,보행자,126.1655713,33.33009491,1.0,0,0,0,0
2023,4,21,22,야,금,광주,차대차,신호위반,교차로,승합차,이륜차,126.844775,35.11230738,1.0,1,0,0,0
2023,4,22,5,야,토,경기,차량단독,안전운전 의무 불이행,기타,화물차,없음,126.7165697,37.14451234,1.0,0,0,0,0
2023,4,22,14,주,토,경북,차대차,중앙선 침범,기타,화물차,이륜차,129.0976374,35.85516889,1.0,0,0,1,0
2023,4,23,1,야,일,서울,차대사람,안전운전 의무 불이행,교차로,승용차,보행자,127.0419099,37.57536342,1.0,16,2,0,6
2023,4,23,7,주,일,서울,차대차,기타,단일로,이륜차,승용차,126.9022843,37.5416867,2.6999999999999997,0,0,0,2
2023,4,23,7,주,일,강원,차대차,안전운전 의무 불이행,교차로,승용차,이륜차,127.5858364,37.83561618,1.0,1,0,0,0
2023,4,23,11,주,일,강원,차량단독,안전운전 의무 불이행,교차로,자전거,없음,128.5716988,37.6548396,1.0,2,0,0,0
2023,4,23,11,주,일,제주,차대차,안전운전 의무 불이행,단일로,화물차,이륜차,126.3772185,33.48382669,1.0,0,0,0,0
2023,4,23,13,주,일,경남,차대차,안전운전 의무 불이행,단일로,이륜차,화물차,128.5513302,35.44424839,1.0,0,0,0,0
2023,4,23,14,주,일,경남,차대차,신호위반,교차로,이륜차,승용차,127.797773,35.59249946,1.7,1,0,0,0
2023,4,23,15,주,일,경북,차대차,기타,교차로,화물차,이륜차,128.1084934,36.1303343,1.0,4,0,0,0
2023,4,23,16,주,일,강원,차량단독,안전운전 의무 불이행,단일로,이륜차,없음,127.7491191,37.83474406,1.0,0,0,0,0
2023,4,23,22,야,일,경남,차대사람,기타,교차로,승용차,보행자,128.8546643,35.23154721,1.0,7,1,0,2
2023,4,23,22,야,일,경남,차대차,안전운전 의무 불이행,단일로,화물차,화물차,128.5123923,35.48380204,1.0,3,1,0,1
2023,4,24,5,야,월,전북,차대차,중앙선 침범,교차로,특수차,승용차,127.4589056,35.45614072,1.0,1,0,0,0
2023,4,24,10,주,월,전남,차대사람,안전운전 의무 불이행,단일로,승합차,보행자,126.0923371,34.82370474,1.0,0,0,0,0
2023,4,24,12,주,월,강원,차량단독,안전운전 의무 불이행,단일로,화물차,없음,129.0464882,37.25999751,1.0,0,0,0,0
2023,4,24,14,주,월,경북,차량단독,안전운전 의무 불이행,기타,승용차,없음,128.9521097,36.28493743,1.7,1,0,0,0
2023,4,24,17,주,월,전북,차량단독,안전운전 의무 불이행,단일로,농기계,없음,127.0773733,35.91350108,1.0,3,1,0,1
2023,4,24,20,야,월,충남,차대차,신호위반,교차로,이륜차,승용차,127.0875855,36.79580464,1.7,7,0,0,0
2023,4,24,20,야,월,대전,차대차,기타,단일로,승용차,승용차,127.2933579,36.27625806,1.3,0,0,0,0
2023,4,25,3,야,화,광주,차량단독,안전운전 의무 불이행,단일로,이륜차,없음,126.8155303,35.1988712,1.0,7,4,0,0
2023,4,25,8,주,화,전남,차대차,기타,교차로,화물차,승용차,127.6205773,34.81943504,1.0,2,0,0,0
2023,4,25,11,주,화,강원,차대차,기타,기타,건설기계,승용차,128.0706465,37.54264985,1.7,0,0,0,0
2023,4,25,11,주,화,경북,차량단독,안전운전 의무 불이행,단일로,승용차,없음,128.2341169,36.57039208,1.0,0,0,0,0
2023,4,25,14,주,화,경남,차대차,중앙선 침범,단일로,화물차,승용차,128.5365297,35.240677,1.7,1,0,1,1
2023,4,26,15,주,수,전남,차량단독,안전운전 의무 불이행,단일로,농기계,없음,126.5567677,35.09522407,1.0,0,0,0,0
2023,4,26,19,야,수,부산,차대차,안전운전 의무 불이행,단일로,화물차,기타,128.9898776,35.15688252,1.0,3,1,0,3
2023,4,26,19,야,수,경북,차량단독,안전운전 의무 불이행,단일로,기타,없음,128.6534227,36.93965978,1.0,0,0,0,0
2023,4,27,2,야,목,충북,차대차,안전운전 의무 불이행,단일로,승용차,개인형이동장치(PM),127.8691337,36.96307678,1.0,0,0,0,0
2023,4,27,2,야,목,충북,차량단독,안전운전 의무 불이행,단일로,이륜차,없음,127.5041149,36.60699968,1.0,4,1,0,2
2023,4,27,14,주,목,경남,차대차,중앙선 침범,교차로,화물차,이륜차,127.7286006,35.51366516,1.0,0,0,0,1
2023,4,27,16,주,목,강원,차량단독,안전운전 의무 불이행,교차로,승용차,없음,128.3285104,37.16882285,3.0999999999999996,0,0,0,0
2023,4,27,20,야,목,경북,차대차,중앙선 침범,단일로,화물차,승용차,129.0258931,36.49518085,5.8999999999999995,0,0,0,0
2023,4,27,23,야,목,경기,차량단독,안전운전 의무 불이행,단일로,승용차,없음,126.9930114,37.06598938,1.0,0,0,2,2
2023,4,28,1,야,금,경기,차대차,안전운전 의무 불이행,단일로,승용차,화물차,127.2298641,37.36273339,1.0,2,0,1,0
2023,4,28,4,야,금,대구,차대사람,안전운전 의무 불이행,교차로,승용차,보행자,128.5647838,35.89105067,1.0,3,0,0,4
2023,4,28,5,야,금,전북,차량단독,안전운전 의무 불이행,단일로,이륜차,없음,127.0587273,35.8343362,1.7,4,0,0,1
2023,4,28,10,주,금,전남,차대차,안전운전 의무 불이행,교차로,농기계,이륜차,126.655562,34.91172408,1.0,2,1,0,0
2023,4,28,11,주,금,경북,차대사람,안전운전 의무 불이행,단일로,화물차,보행자,128.6794969,36.84919103,1.0,1,0,0,1
2023,4,28,13,주,금,전북,차량단독,안전운전 의무 불이행,단일로,승용차,없음,127.1784846,36.04497815,1.0,0,0,0,0
2023,4,28,15,주,금,대전,차대사람,안전운전 의무 불이행,단일로,승용차,보행자,127.4255355,36.4497073,1.0,30,4,0,4
2023,4,28,17,주,금,전북,차대차,안전운전 의무 불이행,단일로,화물차,화물차,127.1031502,35.92068463,1.9,2,0,0,2
2023,4,29,1,야,토,경북,차대사람,안전운전 의무 불이행,단일로,승용차,보행자,129.3766431,36.05510514,1.0,6,1,0,0
2023,4,29,5,야,토,경기,차대사람,기타,교차로,승용차,보행자,126.8641995,37.30176101,1.0,15,2,0,2
2023,4,29,16,주,토,충북,차대차,교차로 통행방법 위반,교차로,화물차,화물차,127.5443512,36.32119028,1.6,0,0,1,1
2023,4,30,3,야,일,서울,차대차,안전운전 의무 불이행,단일로,승용차,자전거,127.0343116,37.53342088,1.0,2,3,0,0
2023,4,30,7,주,일,경남,차량단독,안전운전 의무 불이행,단일로,승용차,없음,128.9488511,35.28236193,1.0,0,0,0,0
2023,4,30,10,주,일,대전,차대사람,안전운전 의무 불이행,단일로,승용차,보행자,127.4187654,36.33919278,1.0,16,4,0,1
2023,4,30,15,주,일,경북,차대차,신호위반,교차로,이륜차,승용차,128.4391354,36.14777961,1.0,0,0,0,0
2023,4,30,16,주,일,경북,차대차,안전운전 의무 불이행,단일로,승용차,승용차,128.1224265,36.08203815,1.3,2,0,0,0
2023,4,30,16,주,일,경북,차량단독,안전운전 의무 불이행,단일로,자전거,없음,128.5680867,35.66533839,1.0,0,0,0,0
2023,4,30,17,주,일,충북,차대사람,안전운전 의무 불이행,단일로,화물차,보행자,127.8871182,37.07824082,1.0,0,0,0,1
2023,5,1,2,야,월,서울,차대사람,안전운전 의무 불이행,단일로,승용차,보행자,126.9889887,37.50578722,1.0,8,0,0,1
2023,5,1,4,야,월,충북,차대차,안전운전 의무 불이행,단일로,승용차,화물차,127.4694699,36.95628178,2.9,0,0,1,0
2023,5,1,6,주,월,강원,차량단독,안전운전 의무 불이행,단일로,화물차,없음,128.2850223,37.28089978,1.0,0,0,0,0
2023,5,1,9,주,월,대전,차대사람,안전운전 의무 불이행,단일로,승용차,보행자,127.3738696,36.32508073,1.0,4,3,0,3
2023,5,1,11,주,월,강원,차대차,기타,교차로,화물차,화물차,128.0849854,37.44796444,1.7,0,0,0,0
2023,5,1,14,주,월,부산,차대사람,안전운전 의무 불이행,교차로,화물차,보행자,129.1586747,35.23009752,1.7,10,2,0,1
2023,5,1,15,주,월,서울,차대차,중앙선 침범,단일로,이륜차,화물차,126.9590888,37.52409579,1.0,1,0,0,3
2023,5,1,16,주,월,전북,차대사람,안전운전 의무 불이행,단일로,승용차,보행자,127.1285961,35.96644996,1.7,3,1,0,0
2023,5,1,19,야,월,경기,차량단독,안전운전 의무 불이행,단일로,이륜차,없음,127.25443,37.24696679,1.0,0,0,0,1
2023,5,2,4,야,화,부산,차대사람,안전운전 의무 불이행,단일로,화물차,보행자,129.1597896,35.16719658,1.0,12,1,0,5
2023,5,2,6,주,화,대구,차대사람,안전운전 의무 불이행,교차로,특수차,보행자,128.5515823,35.89397086,1.0,0,0,0,2
2023,5,2,10,주,화,부산,차대사람,안전운전 의무 불이행,단일로,승용차,보행자,128.9589262,35.1093379,1.0,2,1,0,1
2023,5,2,12,주,화,경기,차량단독,안전운전 의무 불이행,단일로,농기계,없음,127.5633941,37.18315927,1.0,8,0,0,0
2023,5,2,15,주,화,강원,차대차,안전운전 의무 불이행,교차로,승용차,자전거,128.8489471,37.73665125,1.0,0,0,1,0
2023,5,2,18,야,화,전북,차대사람,안전운전 의무 불이행,단일로,승용차,보행자,127.3708699,35.43938862,1.0,0,0,0,0
2023,5,2,19,야,화,충남,차대사람,기타,단일로,승용차,보행자,127.1532371,36.80069278,1.0,13,1,0,5
2023,5,2,20,야,화,서울,차대사람,안전운전 의무 불이행,교차로,개인형이동장치(PM),보행자,127.0010285,37.52596596,1.0,0,2,0,3
2023,5,2,23,야,화,전남,차량단독,안전운전 의무 불이행,교차로,승용차,없음,126.4085792,34.82470787,1.0,0,0,0,0
2023,5,3,13,주,수,전북,차대사람,안전운전 의무 불이행,단일로,승용차,보행자,126.9317916,35.91567732,1.0,2,1,0,1
2023,5,3,15,주,수,경북,차대차,안전운전 의무 불이행,교차로,화물차,이륜차,129.3624389,35.96480366,1.0,0,0,0,0
2023,5,3,22,야,수,전남,차량단독,안전운전 의무 불이행,교차로,승용차,없음,125.9446466,34.69465432,1.0,0,0,0,0
2023,5,4,0,야,목,경기,차대차,중앙선 침범,단일로,승용차,승용차,127.2462791,37.40100638,3.8,7,1,0,1
2023,5,4,1,야,목,서울,차대차,안전운전 의무 불이행,단일로,승용차,화물차,127.0791743,37.52801889,1.0,5,1,2,0
2023,5,4,7,주,목,강원,차대차,신호위반,교차로,이륜차,화물차,128.0028747,37.8214959,1.0,0,0,0,0
2023,5,4,11,주,목,전남,차대사람,기타,단일로,승용차,보행자,126.5234891,34.77128327,1.3,0,0,1,0
2023,5,4,12,주,목,경북,차대차,안전운전 의무 불이행,교차로,화물차,화물차,129.265165,35.80094352,1.6,2,1,0,1
2023,5,4,21,야,목,경남,차대사람,안전운전 의무 불이행,교차로,승용차,보행자,128.5765744,35.20125857,1.0,9,0,1,5
2023,5,4,22,야,목,전남,차대사람,안전운전 의무 불이행,단일로,승용차,보행자,126.7114847,34.94983699,1.0,0,0,1,0
2023,5,5,2,야,금,부산,차대사람,안전운전 의무 불이행,단일로,승용차,보행자,129.0120828,35.21178592,1.0,10,2,0,4
2023,5,5,8,주,금,서울,차대사람,안전운전 의무 불이행,단일로,건설기계,보행자,127.0527192,37.6085203,1.0,7,2,0,5
2023,5,5,16,주,금,서울,차대차,안전운전 의무 불이행,단일로,승용차,승용차,126.9433218,37.59138918,1.3,13,2,0,10
2023,5,6,12,주,토,경남,차량단독,안전운전 의무 불이행,단일로,특수차,없음,127.8719184,35.45575513,1.0,0,0,0,0
2023,5,6,18,야,토,전북,차량단독,안전운전 의무 불이행,기타,화물차,없음,127.1236517,35.67284154,1.0,0,0,0,0
2023,5,7,1,야,일,경기,차량단독,안전운전 의무 불이행,단일로,이륜차,없음,127.0701169,37.20196594,1.0,5,0,2,2
2023,5,8,0,야,월,경기,차량단독,안전운전 의무 불이행,교차로,화물차,없음,126.9928211,37.40577936,4.1,0,0,1,0
2023,5,8,9,주,월,제주,차대사람,안전운전 의무 불이행,교차로,승용차,보행자,126.5406672,33.49476013,1.0,1,3,0,2
2023,5,8,11,주,월,전남,차량단독,안전운전 의무 불이행,단일로,화물차,없음,127.3700538,34.74833843,1.0,0,0,0,0
2023,5,8,13,주,월,광주,차대사람,안전운전 의무 불이행,단일로,화물차,보행자,126.8808676,35.24255828,1.0,0,0,0,0
2023,5,8,15,주,월,전남,차량단독,안전운전 의무 불이행,기타,화물차,없음,126.8560467,35.06880612,1.0,0,0,0,0
2023,5,8,17,주,월,광주,차량단독,안전운전 의무 불이행,단일로,승용차,없음,126.8562445,35.19147517,1.7,1,0,0,1
2023,5,8,18,야,월,충북,차대차,안전운전 의무 불이행,단일로,화물차,승용차,127.6147879,36.27135083,3.3999999999999995,1,0,0,1
2023,5,9,2,야,화,부산,차대사람,안전운전 의무 불이행,단일로,화물차,보행자,129.1035053,35.20728251,1.0,3,2,0,1
2023,5,9,3,야,화,경기,차대사람,안전운전 의무 불이행,단일로,화물차,보행자,127.0064425,37.26859249,1.0,3,1,1,4
2023,5,9,7,주,화,경남,차대사람,안전운전 의무 불이행,단일로,화물차,보행자,127.909428,35.69162285,1.0,14,7,0,1
2023,5,9,9,주,화,대전,차대차,기타,교차로,화물차,자전거,127.4324351,36.44589795,1.0,10,1,1,1
2023,5,9,10,주,화,충남,차대사람,안전운전 의무 불이행,교차로,화물차,보행자,126.9783152,36.16377702,1.0,1,0,0,0
2023,5,9,12,주,화,경남,차대차,기타,교차로,승용차,원동기장치자전거,128.0388619,34.99713542,1.0,0,0,0,0
2023,5,9,16,주,화,경기,차량단독,안전운전 의무 불이행,교차로,이륜차,없음,127.147322,36.99015202,1.7,0,0,0,0
2023,5,9,16,주,화,인천,차대사람,안전운전 의무 불이행,교차로,승용차,보행자,126.6765262,37.56440277,1.0,2,4,0,1
2023,5,9,17,주,화,경북,차대차,중앙선 침범,단일로,이륜차,승용차,128.1011856,36.12368162,1.0,0,0,0,1
2023,5,9,20,야,화,인천,차량단독,안전운전 의무 불이행,단일로,승용차,없음,126.4565451,37.63261426,1.0,0,0,0,0
2023,5,10,8,주,수,경북,차대차,중앙선 침범,교차로,건설기계,농기계,128.1780531,36.09160844,1.0,0,0,0,0
2023,5,10,10,주,수,광주,차대사람,안전운전 의무 불이행,단일로,화물차,보행자,126.9140153,35.1601458,1.0,5,1,0,1
2023,5,10,11,주,수,경기,차대차,안전운전 의무 불이행,교차로,화물차,자전거,126.9395198,37.38343707,1.0,2,0,0,4
2023,5,10,11,주,수,경남,차대사람,안전운전 의무 불이행,단일로,농기계,보행자,128.0402138,35.55250716,1.0,0,0,0,0
2023,5,10,12,주,수,경기,차대사람,신호위반,교차로,승합차,보행자,126.9572766,37.26577228,1.0,7,5,0,1
2023,5,10,14,주,수,충북,차량단독,안전운전 의무 불이행,단일로,화물차,없음,127.7522963,36.6288194,1.0,0,0,0,0
2023,5,11,6,주,목,충남,차량단독,안전운전 의무 불이행,단일로,승용차,없음,127.1294538,36.50101969,1.0,0,0,1,1
2023,5,11,6,주,목,대구,차량단독,안전운전 의무 불이행,교차로,화물차,없음,128.4649323,35.73078174,1.0,1,0,0,1
2023,5,11,10,주,목,경기,차대차,안전운전 의무 불이행,단일로,화물차,개인형이동장치(PM),126.7906059,37.72283054,1.0,2,0,0,0
2023,5,11,15,주,목,경북,차대차,안전운전 의무 불이행,단일로,승용차,화물차,128.1771509,36.49851951,1.0,0,0,1,0
2023,5,11,17,주,목,대구,차대차,안전운전 의무 불이행,교차로,화물차,이륜차,128.4344499,35.78116894,1.0,3,1,0,1
2023,5,11,20,야,목,경기,차대사람,안전운전 의무 불이행,기타,승용차,보행자,126.960783,37.13126309,1.0,0,0,0,0
2023,5,12,0,야,금,경기,차대차,안전운전 의무 불이행,기타,승용차,승용차,127.0690428,36.96410347,1.0,0,0,0,0
2023,5,12,4,야,금,대전,차대차,안전운전 의무 불이행,단일로,승합차,자전거,127.4217967,36.3946214,1.0,3,1,1,0
2023,5,12,5,야,금,충북,차대차,중앙선 침범,단일로,승용차,승용차,127.5966838,36.63043561,1.7,0,0,0,0
2023,5,12,8,주,금,충북,차대차,기타,교차로,화물차,이륜차,127.738623,36.65968771,1.0,2,2,0,1
2023,5,12,10,주,금,경남,차대사람,안전운전 의무 불이행,교차로,승용차,보행자,128.8185482,35.08893709,1.0,2,0,0,1
2023,5,12,10,주,금,경남,차량단독,안전운전 의무 불이행,단일로,건설기계,없음,128.8691159,35.31263833,1.0,0,0,0,0
2023,5,12,11,주,금,전남,차량단독,안전운전 의무 불이행,단일로,화물차,없음,127.6131632,34.84313162,1.0,2,1,0,0
2023,5,12,13,주,금,전남,차대사람,안전운전 의무 불이행,교차로,화물차,보행자,126.9748308,34.77086565,1.0,0,1,0,0
2023,5,12,15,주,금,경남,차대차,안전운전 의무 불이행,교차로,화물차,건설기계,128.4074352,35.10027624,1.0,0,1,1,0
2023,5,12,17,주,금,경기,차대사람,기타,단일로,승용차,보행자,127.0728985,36.97971232,1.0,0,0,1,0
2023,5,12,19,야,금,전남,차량단독,안전운전 의무 불이행,단일로,이륜차,없음,127.41625,34.84187492,1.0,0,0,0,1
2023,5,12,20,야,금,전북,차량단독,안전운전 의무 불이행,교차로,화물차,없음,126.910046,35.70016024,1.0,0,0,0,0
2023,5,13,2,야,토,경기,차량단독,안전운전 의무 불이행,기타,승용차,없음,127.1220257,37.70206912,1.0,2,0,0,0
2023,5,13,4,야,토,경남,차대사람,안전운전 의무 불이행,단일로,승용차,보행자,128.6668039,35.15201284,1.0,5,1,1,2
2023,5,13,8,주,토,경기,차대차,안전운전 의무 불이행,단일로,화물차,승용차,127.0814742,37.06121439,1.0,2,0,0,0
2023,5,13,9,주,토,경남,차대사람,중앙선 침범,교차로,승용차,보행자,129.0372685,35.35635468,1.0,6,0,0,1
2023,5,13,12,주,토,전남,차량단독,안전운전 의무 불이행,단일로,화물차,없음,126.4983088,34.91502013,1.0,0,0,0,0
2023,5,13,15,주,토,충북,차대사람,안전운전 의무 불이행,단일로,승용차,보행자,128.1783985,37.03113141,1.0,0,0,0,0
2023,5,13,18,야,토,경기,차량단독,안전운전 의무 불이행,단일로,이륜차,없음,126.844433,37.29889494,1.0,3,2,1,1
2023,5,13,20,야,토,경기,차량단독,안전운전 의무 불이행,기타,승용차,없음,127.2027512,37.3538438,1.0,0,0,0,0
2023,5,13,20,야,토,전남,차대사람,안전운전 의무 불이행,교차로,화물차,보행자,125.929278,34.75283098,1.0,0,0,0,0
2023,5,14,2,야,일,서울,차량단독,안전운전 의무 불이행,단일로,이륜차,없음,126.8352522,37.48909522,1.0,9,3,0,1
2023,5,14,8,주,일,경기,차대차,신호위반,교차로,이륜차,승용차,127.0608446,37.17051788,1.7,8,1,2,1
2023,5,14,11,주,일,충남,차량단독,안전운전 의무 불이행,단일로,자전거,없음,127.2759879,36.81083138,1.0,0,0,0,0
2023,5,14,13,주,일,경기,차대차,안전운전 의무 불이행,단일로,승용차,원동기장치자전거,127.1107821,37.27287553,1.0,5,2,0,0
2023,5,14,16,주,일,전북,차대차,기타,교차로,승용차,승용차,127.3766142,35.40792598,2.2,10,2,1,1
2023,5,14,18,야,일,강원,차대차,안전운전 의무 불이행,단일로,화물차,화물차,128.4731502,37.17707959,1.0,2,1,0,1
2023,5,14,20,야,일,충남,차대차,안전운전 의무 불이행,단일로,승용차,이륜차,126.7204664,36.83834334,1.7,0,0,0,1
2023,5,15,5,야,월,경남,차대사람,기타,교차로,승용차,보행자,127.8801861,34.95186449,1.0,1,0,0,0
2023,5,15,6,주,월,경기,차대차,안전운전 의무 불이행,기타,승용차,승용차,127.44696,37.27891188,1.3,26,1,0,3
2023,5,15,8,주,월,경기,차대사람,안전운전 의무 불이행,교차로,화물차,보행자,126.9543315,37.39395326,1.0,6,3,0,2
2023,5,15,8,주,월,전북,차대사람,기타,단일로,화물차,보행자,126.4732898,35.49321123,1.0,0,0,0,0
2023,5,15,10,주,월,충북,차대사람,기타,단일로,화물차,보행자,127.9302265,36.19238643,1.0,2,1,0,1
2023,5,15,15,주,월,경남,차량단독,안전운전 의무 불이행,단일로,이륜차,없음,128.7858857,35.32961002,1.0,0,0,0,0
2023,5,15,23,야,월,서울,차대사람,기타,단일로,이륜차,보행자,126.9966694,37.51445519,1.0,0,0,0,1
2023,5,16,0,야,화,경북,차대사람,안전운전 의무 불이행,단일로,승용차,보행자,128.3358347,36.11090565,1.0,5,1,0,2
2023,5,16,1,야,화,서울,차대차,기타,단일로,개인형이동장치(PM),승용차,127.0150427,37.50444587,2.4,10,5,1,0
2023,5,16,8,주,화,전북,차대사람,안전운전 의무 불이행,교차로,승용차,보행자,126.9376641,35.94252732,1.0,8,2,0,3
2023,5,16,9,주,화,세종,차대차,안전운전 의무 불이행,단일로,화물차,농기계,127.2861805,36.44178591,1.0,2,1,1,0
2023,5,16,15,주,화,충북,차대차,안전거리 미확보,단일로,승용차,승용차,127.56248,36.96184924,3.0999999999999996,0,0,0,0
2023,5,16,15,주,화,경북,차대차,중앙선 침범,단일로,승용차,화물차,128.3605549,36.19222087,1.3,0,0,0,0
2023,5,16,22,야,화,경기,차대사람,안전운전 의무 불이행,단일로,승용차,보행자,126.8627923,37.47754739,1.3,7,2,2,4
2023,5,17,4,야,수,경북,차대차,안전운전 의무 불이행,단일로,화물차,건설기계,129.3846149,36.9180123,1.0,1,0,0,0
2023,5,17,8,주,수,충남,차대사람,안전운전 의무 불이행,교차로,승용차,보행자,126.7605665,36.89703999,1.0,0,0,0,1
2023,5,17,8,주,수,경기,차대사람,안전운전 의무 불이행,교차로,화물차,보행자,127.3478965,37.65837519,1.0,3,1,0,0
2023,5,17,10,주,수,전남,차대차,신호위반,교차로,화물차,사륜오토바이(ATV),126.3494707,34.96173508,1.0,1,0,0,0
2023,5,17,13,주,수,경남,차대차,안전거리 미확보,교차로,이륜차,화물차,127.9121001,35.68037035,1.0,11,1,0,0
2023,5,17,13,주,수,인천,차량단독,안전운전 의무 불이행,단일로,자전거,없음,126.2444907,37.79683408,1.0,0,0,0,0
2023,5,17,15,주,수,경북,차량단독,안전운전 의무 불이행,단일로,화물차,없음,128.206762,36.62970374,1.0,2,0,0,0