발생년,발생월,발생일,발생시,주야,요일,발생지시도,사고유형_대분류,가해자법규위반,도로형태_대분류,가해자_당사자종별,피해자_당사자종별,경도,위도,사상자수,반경500m카메라수,반경500m학교수,반경500m전광판수,반경500m사고건수
2023,5,18,2,야,목,대구,차대사람,안전운전 의무 불이행,교차로,승용차,보행자,128.7018584,35.87121221,1.0,2,2,0,2
2023,5,18,7,주,목,경북,차대사람,안전운전 의무 불이행,단일로,특수차,보행자,129.3776474,36.02494532,1.0,2,1,0,0
2023,5,18,10,주,목,경북,차량단독,안전운전 의무 불이행,단일로,승용차,없음,128.6734148,36.57661307,1.0,1,0,0,3
2023,5,18,11,주,목,울산,차량단독,안전운전 의무 불이행,단일로,이륜차,없음,129.302784,35.56452614,1.0,7,1,0,1
2023,5,18,12,주,목,경기,차대차,안전운전 의무 불이행,단일로,이륜차,승용차,127.6195941,37.30041579,1.0,3,1,0,2
2023,5,18,16,주,목,충북,차대사람,기타,교차로,승용차,보행자,127.6433647,37.11376132,2.7,4,2,1,3
2023,5,18,17,주,목,충북,차량단독,안전운전 의무 불이행,단일로,화물차,없음,128.2201754,36.87690293,1.3,0,0,0,0
2023,5,18,18,야,목,경남,차대차,중앙선 침범,단일로,승용차,승합차,128.5835103,35.14697066,1.0,0,0,0,0
2023,5,19,1,야,금,경기,차량단독,안전운전 의무 불이행,기타,이륜차,없음,127.198967,37.55172113,1.0,3,3,0,1
2023,5,19,8,주,금,충남,차대차,중앙선 침범,교차로,승용차,화물차,126.1702227,36.69196754,1.3,2,0,0,0
2023,5,19,9,주,금,경북,차량단독,안전운전 의무 불이행,단일로,승용차,없음,129.3400746,36.16837854,1.0,0,0,1,0
2023,5,19,12,주,금,부산,차대사람,안전운전 의무 불이행,단일로,승용차,보행자,129.0505768,35.09202506,1.0,4,1,1,0
2023,5,19,12,주,금,경기,차량단독,안전운전 의무 불이행,기타,자전거,없음,126.9040326,37.40431956,1.0,10,4,0,2
2023,5,19,13,주,금,경남,차대차,중앙선 침범,단일로,화물차,화물차,127.9882515,35.06441106,1.7,1,0,0,0
2023,5,19,13,주,금,인천,차대차,안전운전 의무 불이행,단일로,건설기계,자전거,126.6495986,37.45585287,1.0,4,0,0,4
2023,5,19,16,주,금,부산,차대사람,중앙선 침범,교차로,승용차,보행자,128.9809304,35.06351177,2.3,6,3,0,4
2023,5,19,23,야,금,강원,차대사람,보행자 보호의무 위반,교차로,이륜차,보행자,127.9299896,37.33575062,1.3,2,0,0,0
2023,5,20,2,야,토,경기,차량단독,안전운전 의무 불이행,단일로,이륜차,없음,127.2004825,37.64535706,1.0,0,0,0,2
2023,5,20,10,주,토,전남,차대차,안전운전 의무 불이행,교차로,승용차,승용차,126.45352,34.80750121,1.3,11,5,0,0
2023,5,20,16,주,토,경북,차량단독,안전운전 의무 불이행,단일로,이륜차,없음,129.3139263,35.75880336,1.0,0,0,0,0
2023,5,20,17,주,토,강원,차량단독,안전운전 의무 불이행,단일로,이륜차,없음,127.7689024,37.8654713,1.0,0,0,0,0
2023,5,20,17,주,토,전남,차대사람,안전운전 의무 불이행,교차로,승용차,보행자,126.9871444,34.90528874,1.0,0,0,1,0
2023,5,21,8,주,일,인천,차대차,신호위반,단일로,승용차,승용차,126.6417257,37.56386647,2.2,4,0,0,0
2023,5,21,9,주,일,충북,차량단독,안전운전 의무 불이행,단일로,이륜차,없음,127.994741,37.12342545,1.0,0,0,0,2
2023,5,21,11,주,일,경북,차대차,중앙선 침범,단일로,화물차,화물차,128.6700473,36.19693385,1.7,0,0,0,0
2023,5,21,14,주,일,경기,차대차,안전거리 미확보,단일로,승용차,승용차,127.0241824,37.01716196,1.0,0,0,1,2
2023,5,21,14,주,일,전북,차대차,안전운전 의무 불이행,단일로,승용차,이륜차,126.9049116,35.88198977,1.0,0,0,0,0
2023,5,22,2,야,월,강원,차량단독,안전운전 의무 불이행,기타,승용차,없음,128.8494242,37.86028038,1.0,0,0,0,0
2023,5,22,8,주,월,충남,차대차,기타,교차로,화물차,이륜차,126.457913,36.78307535,1.0,2,1,0,3
2023,5,22,13,주,월,부산,차대사람,안전운전 의무 불이행,교차로,승용차,보행자,129.0724912,35.08616178,1.0,3,0,0,1
2023,5,22,15,주,월,강원,차량단독,안전운전 의무 불이행,교차로,이륜차,없음,128.1843043,37.71034238,1.0,2,3,1,0
2023,5,22,21,야,월,충북,차대사람,안전운전 의무 불이행,단일로,승합차,보행자,127.5833803,36.96757863,1.0,0,0,1,0
2023,5,22,22,야,월,경기,차대사람,안전운전 의무 불이행,단일로,승용차,보행자,126.7929362,37.62080578,1.0,0,0,0,1
2023,5,23,5,야,화,전북,차량단독,안전운전 의무 불이행,단일로,승용차,없음,126.8186312,35.5951068,2.0,0,0,0,0
2023,5,23,6,주,화,경남,차대차,교차로 통행방법 위반,교차로,화물차,원동기장치자전거,128.1602549,35.4069238,1.0,0,0,0,0
2023,5,23,7,주,화,전남,차량단독,안전운전 의무 불이행,교차로,농기계,없음,126.7075442,34.38916755,1.0,0,0,0,0
2023,5,23,7,주,화,경북,차대사람,안전운전 의무 불이행,단일로,승용차,보행자,128.2184762,36.15513981,1.0,0,0,0,0
2023,5,23,8,주,화,전남,차대사람,안전운전 의무 불이행,교차로,승합차,보행자,126.6016049,34.99117484,1.0,0,0,0,0
2023,5,23,10,주,화,경남,차대사람,안전운전 의무 불이행,단일로,승용차,보행자,128.7964997,35.09312411,1.3,2,0,0,0
2023,5,23,13,주,화,경북,차량단독,안전운전 의무 불이행,단일로,승용차,없음,128.1509198,36.37798023,1.7,4,0,0,0
2023,5,23,14,주,화,경북,차대차,안전운전 의무 불이행,단일로,승용차,승합차,128.4319671,36.1178144,1.0,3,2,0,1
2023,5,23,14,주,화,경남,차대차,중앙선 침범,교차로,자전거,화물차,128.7494872,35.48705257,1.0,5,0,0,3
2023,5,23,16,주,화,전북,차대차,안전운전 의무 불이행,단일로,승용차,건설기계,126.7544443,35.70279527,1.3,1,0,0,1
2023,5,23,17,주,화,강원,차대차,안전운전 의무 불이행,교차로,사륜오토바이(ATV),승합차,128.2171213,37.52346374,1.0,0,0,1,0
2023,5,24,4,야,수,경기,차대사람,안전운전 의무 불이행,단일로,승용차,보행자,126.9010244,37.6918339,1.0,0,0,1,1
2023,5,25,8,주,목,충남,차대사람,보행자 보호의무 위반,교차로,화물차,보행자,126.6562972,36.59337575,1.0,0,0,0,1
2023,5,25,8,주,목,경남,차대사람,보행자 보호의무 위반,단일로,화물차,보행자,127.725156,35.52413996,1.0,5,2,0,0
2023,5,25,9,주,목,제주,차대사람,보행자 보호의무 위반,교차로,승용차,보행자,126.6204892,33.26182198,1.0,4,1,0,1
2023,5,25,10,주,목,전남,차대차,안전운전 의무 불이행,단일로,화물차,건설기계,126.467202,34.83685185,1.9,0,0,0,0
2023,5,25,11,주,목,전남,차대사람,안전운전 의무 불이행,단일로,화물차,보행자,127.2863065,34.64816704,1.0,0,0,0,0
2023,5,25,12,주,목,경남,차대차,안전운전 의무 불이행,교차로,건설기계,자전거,128.5656477,35.18049076,1.0,5,1,0,1
2023,5,25,13,주,목,경북,차대사람,보행자 보호의무 위반,교차로,승용차,보행자,129.2452215,35.92001416,1.0,4,1,1,0
2023,5,25,15,주,목,서울,차대차,안전운전 의무 불이행,단일로,이륜차,화물차,127.0765786,37.61472844,1.0,7,1,6,4
2023,5,26,1,야,금,경기,차대사람,안전운전 의무 불이행,교차로,승용차,보행자,126.7833342,37.49830993,1.0,7,4,0,3
2023,5,26,2,야,금,제주,차대사람,안전운전 의무 불이행,단일로,승용차,보행자,126.4951942,33.48569626,1.0,3,1,0,1
2023,5,26,14,주,금,서울,차대사람,중앙선 침범,단일로,승합차,보행자,126.9360642,37.51283836,1.0,3,1,0,5
2023,5,26,16,주,금,경남,차량단독,안전운전 의무 불이행,단일로,사륜오토바이(ATV),없음,128.2099626,34.82560233,1.0,0,0,0,0
2023,5,26,19,야,금,충북,차대차,안전운전 의무 불이행,단일로,승용차,원동기장치자전거,127.5027929,36.84541535,1.7,0,0,0,1
2023,5,26,20,야,금,충남,차대사람,안전운전 의무 불이행,단일로,승용차,보행자,126.9684634,36.56872689,1.0,0,0,0,1
2023,5,26,22,야,금,경기,차대사람,안전운전 의무 불이행,교차로,승합차,보행자,127.0296509,37.29991117,1.0,2,1,0,0
2023,5,27,6,주,토,대구,차대사람,안전운전 의무 불이행,교차로,화물차,보행자,128.7291849,35.87196344,1.0,2,2,0,1
2023,5,27,13,주,토,서울,차대차,안전운전 의무 불이행,교차로,이륜차,승용차,127.1304384,37.51523791,1.0,2,2,0,0
2023,5,27,13,주,토,경기,차대차,기타,단일로,승용차,화물차,126.7988475,37.38409282,2.0,0,1,0,0
2023,5,27,15,주,토,경기,차대차,안전운전 의무 불이행,교차로,승용차,화물차,127.6365508,37.3053461,1.7,8,0,0,0
2023,5,27,19,야,토,경기,차량단독,기타,기타,승용차,없음,126.9671106,37.11192933,1.0,0,0,0,0
2023,5,27,20,야,토,경남,차대사람,안전운전 의무 불이행,단일로,승용차,보행자,127.8285253,34.87513183,1.0,0,0,0,0
2023,5,27,21,야,토,인천,차대사람,안전운전 의무 불이행,단일로,승용차,보행자,126.7207332,37.49129767,1.0,4,4,0,3
2023,5,28,1,야,일,경남,차대사람,기타,단일로,승용차,보행자,128.7069659,35.14928409,1.0,7,2,0,5
2023,5,28,23,야,일,전남,차대차,안전운전 의무 불이행,단일로,승용차,승용차,126.7985197,34.63338719,1.0,0,0,0,0
2023,5,29,9,주,월,충북,차대차,안전운전 의무 불이행,단일로,화물차,화물차,127.5160483,36.3488027,1.3,1,0,1,1
2023,5,29,13,주,월,충남,차대사람,신호위반,교차로,승합차,보행자,126.9309037,36.28555841,1.0,0,0,0,0
2023,5,29,14,주,월,충남,차대차,기타,교차로,이륜차,승용차,126.944945,36.16911746,1.0,0,1,0,0
2023,5,29,14,주,월,경남,차량단독,안전운전 의무 불이행,단일로,이륜차,없음,129.1732176,35.41933464,1.0,0,1,0,0
2023,5,29,23,야,월,경기,차대차,안전운전 의무 불이행,단일로,자전거,승합차,127.133648,37.43496328,1.0,9,3,1,1
2023,5,30,0,야,화,경기,차대사람,안전운전 의무 불이행,교차로,승용차,보행자,127.3214413,37.20359389,1.0,2,1,1,0
2023,5,30,11,주,화,경북,차량단독,안전운전 의무 불이행,기타,사륜오토바이(ATV),없음,128.7600642,36.6589042,1.0,0,0,0,0
2023,5,30,13,주,화,경북,차대차,안전운전 의무 불이행,교차로,화물차,이륜차,129.0706492,35.88652761,1.0,0,0,0,0
2023,5,30,19,야,화,경남,차대사람,안전운전 의무 불이행,단일로,승용차,보행자,127.8349776,35.19400334,1.0,0,0,0,0
2023,5,31,7,주,수,전남,차대사람,안전운전 의무 불이행,단일로,화물차,보행자,126.9579826,34.9920807,1.0,3,1,2,0
2023,5,31,9,주,수,충남,차대차,교차로 통행방법 위반,교차로,화물차,이륜차,126.6847765,36.8577193,1.7,0,0,0,0
2023,5,31,10,주,수,전남,차대차,교차로 통행방법 위반,교차로,승용차,이륜차,127.7298582,34.75614453,1.7,0,3,0,2
2023,5,31,11,주,수,전남,차대차,안전운전 의무 불이행,단일로,자전거,특수차,126.3763947,34.81128597,1.0,6,2,0,1
2023,5,31,12,주,수,광주,차대사람,신호위반,교차로,화물차,보행자,126.8522266,35.16073288,1.0,8,1,0,2
2023,5,31,13,주,수,전북,차대사람,안전운전 의무 불이행,단일로,화물차,보행자,127.2067014,35.98903482,1.0,0,0,0,0
2023,5,31,14,주,수,광주,차대차,신호위반,단일로,승용차,화물차,126.8378754,35.20411707,1.3,0,3,1,0
2023,5,31,20,야,수,전남,차대사람,보행자 보호의무 위반,교차로,승용차,보행자,127.7247221,34.73166178,1.0,4,2,1,2
2023,5,31,22,야,수,서울,차대사람,안전운전 의무 불이행,단일로,승합차,보행자,127.036177,37.5903845,1.0,4,2,0,2
2023,6,1,8,주,목,전남,차대차,기타,단일로,승용차,이륜차,127.3468916,34.84322316,1.0,1,2,0,1
2023,6,1,9,주,목,충북,차대차,안전운전 의무 불이행,교차로,화물차,화물차,128.1916996,37.15001385,1.3,2,0,0,0
2023,6,1,10,주,목,인천,차대차,안전운전 의무 불이행,단일로,화물차,건설기계,126.6845044,37.57000135,1.7,2,0,0,2
2023,6,1,20,야,목,부산,차대사람,신호위반,단일로,이륜차,보행자,129.0564727,35.14133086,1.0,5,1,1,4
2023,6,1,20,야,목,경남,차대사람,안전운전 의무 불이행,단일로,승합차,보행자,128.5222988,34.91989806,1.0,1,0,0,1
2023,6,1,22,야,목,경기,차량단독,안전운전 의무 불이행,단일로,이륜차,없음,126.6956158,37.7976328,1.0,0,0,0,0
2023,6,1,23,야,목,경기,차량단독,안전운전 의무 불이행,단일로,화물차,없음,126.8432903,36.95266697,1.0,0,0,3,0
2023,6,2,0,야,금,서울,차대차,안전운전 의무 불이행,교차로,승용차,이륜차,126.9363685,37.47537044,1.0,11,1,0,2
2023,6,2,4,야,금,경기,차대차,안전운전 의무 불이행,기타,화물차,화물차,127.1999699,37.1955964,1.3,0,1,0,1
2023,6,2,9,주,금,전남,차대차,신호위반,교차로,이륜차,승용차,127.5919889,34.96220862,1.3,0,0,0,1
2023,6,2,11,주,금,경기,차대사람,기타,교차로,승용차,보행자,126.9738461,37.28171156,2.6999999999999997,12,2,0,2
2023,6,2,14,주,금,경북,차대차,신호위반,교차로,승용차,승용차,129.3917522,36.95017492,2.2,0,0,0,1
2023,6,2,17,주,금,전남,차량단독,안전운전 의무 불이행,단일로,농기계,없음,127.3499177,34.86930596,1.0,0,0,0,0
2023,6,2,17,주,금,제주,차대차,기타,교차로,농기계,승용차,126.2803649,33.22625621,1.7,0,0,0,0
2023,6,3,0,야,토,울산,차대사람,안전운전 의무 불이행,단일로,승용차,보행자,129.3408854,35.55407868,1.0,5,1,0,2
2023,6,3,2,야,토,경기,차대차,신호위반,교차로,승용차,이륜차,127.107494,37.00811886,1.0,8,1,0,2
2023,6,3,6,주,토,경북,차대사람,안전운전 의무 불이행,교차로,건설기계,보행자,129.1555862,35.82799733,1.0,0,0,0,0
2023,6,3,8,주,토,경기,차대차,신호위반,교차로,이륜차,승용차,126.8952219,37.65351589,1.3,10,1,1,3
2023,6,3,14,주,토,경남,차량단독,안전운전 의무 불이행,단일로,원동기장치자전거,없음,128.0541701,35.62608096,1.0,0,0,0,0
2023,6,3,18,야,토,경남,차량단독,안전운전 의무 불이행,단일로,화물차,없음,128.0428296,34.71583445,1.7,1,2,0,0
2023,6,3,23,야,토,경기,차대차,안전운전 의무 불이행,단일로,이륜차,특수차,126.9164808,36.98013729,1.0,6,3,0,0
2023,6,4,2,야,일,경기,차량단독,안전운전 의무 불이행,단일로,승용차,없음,127.0556245,37.09047074,1.0,4,0,0,1
2023,6,4,4,야,일,충남,차량단독,안전운전 의무 불이행,단일로,이륜차,없음,127.0949877,36.79925565,1.0,5,1,0,1
2023,6,4,5,야,일,경남,차대차,안전운전 의무 불이행,단일로,이륜차,승용차,128.8067666,35.29535899,1.0,1,0,2,0
2023,6,4,7,주,일,충남,차대차,안전운전 의무 불이행,단일로,승용차,화물차,127.1591931,36.79480538,1.6,9,2,0,2
2023,6,4,10,주,일,경기,차대사람,안전운전 의무 불이행,단일로,승용차,보행자,127.1826414,37.00637845,1.7,0,0,0,1
2023,6,4,19,야,일,대구,차량단독,안전운전 의무 불이행,단일로,개인형이동장치(PM),없음,128.6004427,35.89701308,1.0,4,0,0,1
2023,6,5,6,주,월,강원,차대차,신호위반,교차로,승용차,화물차,127.8806271,37.34085031,2.4,2,0,0,0
2023,6,5,12,주,월,전남,차대차,중앙선 침범,교차로,화물차,건설기계,126.8062674,35.41947662,1.0,0,0,0,0
2023,6,5,14,주,월,경남,차대사람,안전운전 의무 불이행,단일로,승용차,보행자,127.6888128,35.68815873,1.0,2,0,0,0
2023,6,5,17,주,월,전남,차대차,안전운전 의무 불이행,교차로,화물차,원동기장치자전거,126.4541767,35.37963111,1.0,0,0,0,0
2023,6,5,18,야,월,경기,차대차,안전운전 의무 불이행,단일로,승용차,승용차,127.1128074,37.67722553,2.0,0,0,1,0
2023,6,5,20,야,월,경남,차대차,안전운전 의무 불이행,단일로,승용차,농기계,128.5177096,35.44562747,1.0,0,0,0,0
2023,6,5,21,야,월,경북,차대차,신호위반,교차로,자전거,승용차,128.402318,36.0193037,1.7,0,0,0,0
2023,6,5,22,야,월,충남,차대사람,기타,단일로,승용차,보행자,127.1223662,36.64041482,1.0,0,0,0,0
2023,6,5,23,야,월,충북,차대사람,안전운전 의무 불이행,단일로,화물차,보행자,127.8405788,36.87991317,1.0,0,0,0,0
2023,6,6,13,주,화,경기,차량단독,안전운전 의무 불이행,단일로,화물차,없음,127.7728574,37.40009844,1.7,0,0,0,1
2023,6,6,14,주,화,경기,차량단독,안전운전 의무 불이행,교차로,승용차,없음,127.1998701,37.64261543,1.0,0,0,0,2
2023,6,6,16,주,화,경기,차대차,안전운전 의무 불이행,단일로,건설기계,자전거,127.5549653,37.30490733,1.0,0,0,0,0
2023,6,6,18,야,화,인천,차대차,신호위반,교차로,승용차,자전거,126.6489035,37.58981362,1.0,0,0,0,0
2023,6,6,19,야,화,전남,차대차,안전운전 의무 불이행,단일로,사륜오토바이(ATV),승합차,126.9031294,34.99965943,1.0,0,0,0,0
2023,6,6,20,야,화,서울,차대차,신호위반,교차로,승용차,승용차,126.8991167,37.56401498,1.9,9,1,0,4
2023,6,6,20,야,화,광주,차대사람,기타,단일로,승용차,보행자,126.8997239,35.13113108,1.0,3,1,0,5
2023,6,6,22,야,화,대구,차대사람,안전운전 의무 불이행,단일로,승용차,보행자,128.6580546,35.87607816,1.0,3,0,0,1
2023,6,7,10,주,수,경북,차대차,기타,교차로,승용차,이륜차,128.2190235,36.45389357,1.0,0,0,0,0
2023,6,7,10,주,수,경남,차대차,안전운전 의무 불이행,단일로,특수차,특수차,128.5206027,35.43827279,1.0,0,1,0,0
2023,6,7,11,주,수,인천,차대사람,안전운전 의무 불이행,교차로,건설기계,보행자,126.6392224,37.38548131,1.0,3,1,0,0
2023,6,7,12,주,수,경북,차대차,안전운전 의무 불이행,단일로,승용차,승용차,129.098722,36.38280197,1.0,0,0,0,1
2023,6,7,17,주,수,서울,차대사람,안전운전 의무 불이행,교차로,승용차,보행자,126.9179932,37.60605799,1.0,12,0,0,1
2023,6,7,17,주,수,강원,차량단독,안전운전 의무 불이행,기타,농기계,없음,128.8493874,37.84516683,1.0,0,0,0,0
2023,6,7,20,야,수,경북,차대차,기타,단일로,화물차,농기계,128.3892082,35.88146175,1.3,0,0,0,1
2023,6,8,9,주,목,서울,차대사람,안전운전 의무 불이행,단일로,승용차,보행자,126.949335,37.50387842,1.3,8,1,0,1
2023,6,8,10,주,목,경기,차대사람,안전운전 의무 불이행,교차로,승용차,보행자,126.7905903,37.44997814,1.0,5,1,1,0
2023,6,8,13,주,목,전남,차량단독,안전운전 의무 불이행,단일로,화물차,없음,126.4811742,35.12200542,2.0,0,0,0,0
2023,6,8,14,주,목,경남,차대차,교차로 통행방법 위반,교차로,화물차,건설기계,128.7519047,35.31634318,1.3,0,0,0,1
2023,6,8,17,주,목,강원,차대차,중앙선 침범,단일로,화물차,건설기계,128.2216233,37.65463458,1.0,0,0,0,0
2023,6,8,21,야,목,충북,차대사람,안전운전 의무 불이행,단일로,승용차,보행자,127.942511,37.02325831,1.0,0,0,0,0
2023,6,8,23,야,목,서울,차대차,신호위반,교차로,이륜차,승용차,127.1280034,37.50197126,1.0,2,2,0,2
2023,6,8,23,야,목,경남,차대사람,안전운전 의무 불이행,단일로,승용차,보행자,128.6157169,34.88944635,1.0,10,2,0,4
2023,6,9,7,주,금,경기,차대차,안전운전 의무 불이행,교차로,승용차,자전거,126.768335,37.53057627,1.0,2,0,0,1
2023,6,9,9,주,금,서울,차대차,신호위반,교차로,원동기장치자전거,승용차,126.9337117,37.58004063,1.0,12,1,0,2
2023,6,9,10,주,금,전남,차대차,신호위반,교차로,승용차,화물차,126.4094651,34.75246115,3.0,0,0,0,0
2023,6,9,12,주,금,전남,차대사람,안전운전 의무 불이행,단일로,화물차,보행자,126.3132481,34.62084778,1.0,0,0,0,1
2023,6,9,13,주,금,경기,차대차,안전운전 의무 불이행,단일로,화물차,화물차,127.5937043,37.223252,17.2,0,0,0,1
2023,6,9,21,야,금,전남,차대차,신호위반,교차로,이륜차,승용차,127.4833034,34.97798683,1.0,0,0,0,2
2023,6,9,21,야,금,전남,차대사람,안전운전 의무 불이행,단일로,승용차,보행자,126.942516,35.3388515,1.0,0,0,0,0
2023,6,10,10,주,토,전남,차대사람,중앙선 침범,단일로,승용차,보행자,127.4645249,35.20678786,1.0,8,3,1,2
2023,6,10,11,주,토,전남,차대차,기타,단일로,승용차,승용차,127.6975689,34.72777707,1.3,1,0,0,1
2023,6,10,17,주,토,경북,차대차,안전운전 의무 불이행,교차로,승용차,승용차,129.4599446,35.71168215,2.4,0,0,0,0
2023,6,10,22,야,토,경북,차대차,안전운전 의무 불이행,단일로,화물차,농기계,128.8403928,35.79488217,1.0,3,1,0,0
2023,6,11,0,야,일,부산,차대차,기타,교차로,승용차,승용차,129.1145799,35.13907375,1.6,1,0,0,2
2023,6,11,0,야,일,경기,차대사람,안전운전 의무 불이행,단일로,승용차,보행자,126.8005079,37.48370283,1.0,2,0,0,5
2023,6,11,1,야,일,경북,차대차,안전운전 의무 불이행,단일로,승합차,사륜오토바이(ATV),129.3424938,36.09405436,1.0,1,0,0,2
2023,6,11,3,야,일,충북,차량단독,안전운전 의무 불이행,단일로,이륜차,없음,127.7837191,36.79756952,1.0,2,2,0,0
2023,6,11,14,주,일,경기,차대차,신호위반,교차로,승용차,자전거,127.081638,37.2684945,1.0,3,3,0,2
2023,6,11,16,주,일,전남,차대사람,보행자 보호의무 위반,교차로,승용차,보행자,127.4916994,34.93968135,1.0,2,3,0,1
2023,6,11,20,야,일,충남,차대사람,안전운전 의무 불이행,기타,승용차,보행자,126.5772297,36.6886965,1.0,3,0,0,0
2023,6,11,22,야,일,경기,차대차,신호위반,교차로,승용차,이륜차,127.1852397,37.56658472,1.0,3,2,0,0
2023,6,12,0,야,월,전남,차대사람,기타,단일로,승용차,보행자,126.7484587,34.31708236,1.0,1,0,1,0
2023,6,12,4,야,월,대전,차대사람,보행자 보호의무 위반,단일로,이륜차,보행자,127.3702959,36.3234992,1.0,3,2,0,2
2023,6,12,5,야,월,경기,차량단독,안전운전 의무 불이행,단일로,승용차,없음,127.195314,37.52852886,1.0,1,0,0,1
2023,6,12,5,야,월,경북,차량단독,안전운전 의무 불이행,교차로,농기계,없음,128.5547636,36.61607918,1.0,0,0,0,0
2023,6,12,10,주,월,서울,차대차,안전운전 의무 불이행,단일로,이륜차,승용차,127.0951874,37.58058766,1.7,5,3,4,4
2023,6,12,11,주,월,경기,차대차,안전운전 의무 불이행,교차로,원동기장치자전거,건설기계,127.4026354,37.14183326,1.0,1,1,0,0
2023,6,12,13,주,월,서울,차대사람,기타,교차로,승용차,보행자,127.0156891,37.5899597,1.0,8,3,0,5
2023,6,13,3,야,화,경북,차량단독,안전운전 의무 불이행,단일로,승용차,없음,129.3678029,35.97644812,1.0,0,0,0,0
2023,6,13,5,야,화,서울,차량단독,안전운전 의무 불이행,단일로,승용차,없음,126.9191944,37.4542315,1.7,0,5,0,1
2023,6,13,10,주,화,광주,차대사람,안전운전 의무 불이행,교차로,화물차,보행자,126.9107563,35.24351,1.0,2,1,0,1
2023,6,13,15,주,화,부산,차대사람,안전운전 의무 불이행,교차로,화물차,보행자,129.227877,35.26584113,1.0,5,0,1,0
2023,6,13,16,주,화,경기,차대차,안전운전 의무 불이행,단일로,화물차,화물차,126.9571151,37.29924913,3.2,0,0,0,0
2023,6,13,18,야,화,서울,차대차,안전운전 의무 불이행,교차로,이륜차,승용차,127.0333561,37.63578298,1.0,6,3,0,6
2023,6,14,7,주,수,부산,차대사람,신호위반,교차로,승합차,보행자,129.0053942,35.19997708,1.0,2,1,0,2
2023,6,14,8,주,수,전남,차대차,안전운전 의무 불이행,단일로,승용차,화물차,127.2635393,35.08162885,1.0,0,0,0,0
2023,6,14,10,주,수,부산,차대사람,보행자 보호의무 위반,교차로,화물차,보행자,129.0966014,35.19803323,1.0,7,2,1,1
2023,6,14,11,주,수,인천,차대사람,신호위반,단일로,승용차,보행자,126.6466578,37.39023127,1.0,0,0,0,2
2023,6,14,11,주,수,경기,차대차,안전운전 의무 불이행,단일로,화물차,특수차,126.7596884,37.21682899,1.3,0,0,0,0
2023,6,14,16,주,수,대전,차대사람,기타,단일로,개인형이동장치(PM),보행자,127.3784994,36.34263858,1.0,8,5,1,2
2023,6,14,20,야,수,충북,차대사람,신호위반,단일로,승용차,보행자,127.6029401,37.00172804,1.3,0,0,0,1
2023,6,14,23,야,수,대구,차대차,중앙선 침범,단일로,승용차,승합차,128.4845011,35.80146992,3.4,0,0,0,1
2023,6,15,0,야,목,경기,차대사람,안전운전 의무 불이행,단일로,화물차,보행자,126.7306209,37.73313485,1.0,14,2,1,1
2023,6,15,3,야,목,서울,차대사람,신호위반,교차로,승용차,보행자,126.8471652,37.50187071,1.0,4,3,0,2
2023,6,15,12,주,목,전남,차대차,중앙선 침범,단일로,승용차,특수차,127.1741353,35.294,1.3,0,0,0,0
2023,6,15,15,주,목,충남,차대차,안전운전 의무 불이행,단일로,화물차,화물차,127.0055991,36.51118147,1.7,0,0,0,0
2023,6,15,16,주,목,경남,차대차,안전운전 의무 불이행,교차로,승용차,승용차,127.7553077,35.52671277,1.0,0,0,1,0
2023,6,15,16,주,목,제주,차대차,중앙선 침범,교차로,건설기계,화물차,126.5680649,33.26585966,3.0,0,0,0,1
2023,6,15,20,야,목,전남,차대사람,안전운전 의무 불이행,단일로,승용차,보행자,126.350873,34.48741614,1.0,0,0,0,1
2023,6,15,21,야,목,서울,차대사람,기타,단일로,승용차,보행자,126.9129759,37.56403063,1.0,11,7,0,5
2023,6,16,5,야,금,제주,차대사람,기타,교차로,화물차,보행자,126.3659139,33.47087169,1.0,1,1,0,0
2023,6,16,6,주,금,광주,차대차,신호위반,교차로,승용차,화물차,126.8370064,35.19073117,1.0,11,4,0,2
2023,6,16,9,주,금,경기,차대사람,안전운전 의무 불이행,교차로,승용차,보행자,126.9319584,37.35707184,1.0,21,4,0,4
2023,6,16,13,주,금,서울,차대차,안전운전 의무 불이행,교차로,자전거,건설기계,127.1102765,37.52994636,1.0,5,1,0,1
2023,6,16,15,주,금,대구,차대차,안전운전 의무 불이행,단일로,화물차,화물차,128.6554374,35.91476193,1.3,0,0,0,1
2023,6,16,18,야,금,경기,차대차,중앙선 침범,교차로,승용차,승합차,126.7783414,37.79043541,3.3999999999999995,0,0,0,1
2023,6,16,20,야,금,충북,차량단독,안전운전 의무 불이행,단일로,승용차,없음,127.6852002,36.59207121,1.0,0,0,0,0
2023,6,16,23,야,금,강원,차량단독,안전운전 의무 불이행,기타,승용차,없음,128.8618523,37.7584306,1.0,1,0,0,0
2023,6,17,7,주,토,충남,차량단독,안전운전 의무 불이행,단일로,화물차,없음,127.5293036,36.15152156,1.0,0,0,0,0
2023,6,17,13,주,토,부산,차대사람,안전운전 의무 불이행,단일로,화물차,보행자,129.0432073,35.09097404,1.0,6,4,1,6
2023,6,17,20,야,토,경북,차대사람,안전운전 의무 불이행,단일로,화물차,보행자,128.8247486,36.19173349,1.0,0,0,0,0
2023,6,18,0,야,일,경기,차대차,중앙선 침범,단일로,승용차,승용차,126.9934708,37.45023763,2.4,6,0,0,1