발생년,발생월,발생일,발생시,주야,요일,발생지시도,사고유형_대분류,가해자법규위반,도로형태_대분류,가해자_당사자종별,피해자_당사자종별,경도,위도,사상자수,반경500m카메라수,반경500m학교수,반경500m전광판수,반경500m사고건수
2023,6,18,1,야,일,전남,차대차,기타,단일로,승용차,화물차,126.3149121,34.58741865,3.0,0,0,0,0
2023,6,18,4,야,일,부산,차대차,신호위반,교차로,이륜차,승용차,129.0671325,35.1683318,1.7,3,4,1,3
2023,6,18,4,야,일,전북,차대사람,안전운전 의무 불이행,교차로,화물차,보행자,126.93558,35.95028923,1.0,7,1,0,1
2023,6,18,13,주,일,경기,차대차,안전운전 의무 불이행,단일로,이륜차,승용차,127.2395048,37.22954681,1.3,0,0,0,0
2023,6,18,13,주,일,충북,차량단독,안전운전 의무 불이행,단일로,농기계,없음,127.7134878,36.332773,1.0,0,0,0,0
2023,6,18,13,주,일,충남,차대차,안전운전 의무 불이행,단일로,이륜차,승용차,126.2746569,36.75739596,1.0,2,0,0,1
2023,6,18,17,주,일,대전,차대사람,안전운전 의무 불이행,단일로,승용차,보행자,127.3740167,36.31672356,1.0,6,3,0,0
2023,6,19,6,주,월,강원,차대차,중앙선 침범,교차로,승용차,자전거,127.5875132,37.83120752,1.0,0,0,0,0
2023,6,19,9,주,월,강원,차량단독,안전운전 의무 불이행,단일로,승용차,없음,127.6926663,37.85869866,1.0,0,2,0,0
2023,6,19,11,주,월,충북,차대차,안전운전 의무 불이행,단일로,승용차,화물차,127.6711643,36.27957771,1.0,0,0,0,3
2023,6,19,23,야,월,충남,차대사람,안전운전 의무 불이행,기타,승용차,보행자,127.1641696,36.82565873,1.0,3,1,0,2
2023,6,20,6,주,화,전북,차량단독,안전운전 의무 불이행,교차로,사륜오토바이(ATV),없음,127.4047435,35.59428133,1.0,0,0,0,0
2023,6,20,9,주,화,서울,차대사람,안전운전 의무 불이행,교차로,화물차,보행자,126.9060985,37.58026547,1.0,16,3,0,4
2023,6,20,10,주,화,부산,차량단독,안전운전 의무 불이행,단일로,자전거,없음,129.0422603,35.21524602,1.0,3,1,0,1
2023,6,20,11,주,화,전북,차대차,신호위반,교차로,자전거,건설기계,126.7374135,35.98010873,1.0,11,3,0,1
2023,6,20,14,주,화,강원,차량단독,안전운전 의무 불이행,단일로,승합차,없음,127.7836259,37.93672978,1.3,2,1,0,0
2023,6,20,18,야,화,경기,차량단독,안전운전 의무 불이행,단일로,이륜차,없음,127.4369042,37.51396944,1.0,0,0,1,0
2023,6,20,20,야,화,제주,차대차,보행자 보호의무 위반,교차로,승용차,승용차,126.6173564,33.26054606,1.0,4,1,0,1
2023,6,20,21,야,화,경기,차대사람,안전운전 의무 불이행,교차로,승합차,보행자,127.1878752,37.62423296,1.0,0,0,0,1
2023,6,20,23,야,화,충북,차량단독,안전운전 의무 불이행,교차로,화물차,없음,127.744311,36.49769383,1.0,2,0,0,0
2023,6,21,2,야,수,서울,차량단독,안전운전 의무 불이행,단일로,이륜차,없음,126.8636981,37.53874498,1.0,0,4,0,0
2023,6,21,4,야,수,경기,차대차,안전운전 의무 불이행,단일로,승용차,화물차,126.747536,37.38581453,1.9,1,1,0,3
2023,6,21,8,주,수,전남,차량단독,안전운전 의무 불이행,단일로,농기계,없음,127.2669264,34.69494347,1.0,0,0,0,0
2023,6,21,12,주,수,부산,차대차,교차로 통행방법 위반,교차로,승용차,이륜차,129.0739432,35.18843035,1.0,15,0,1,3
2023,6,21,13,주,수,경기,차대차,안전운전 의무 불이행,기타,화물차,자전거,127.2966404,37.42059153,1.0,0,0,0,0
2023,6,21,16,주,수,경북,차대차,안전거리 미확보,교차로,화물차,화물차,129.2044042,35.73939151,1.3,1,0,0,1
2023,6,21,20,야,수,인천,차대차,안전운전 의무 불이행,단일로,화물차,자전거,126.6795245,37.52123162,1.0,3,0,2,0
2023,6,21,23,야,수,부산,차대차,신호위반,교차로,원동기장치자전거,승용차,129.0983387,35.19420557,1.3,11,2,1,1
2023,6,22,0,야,목,전남,차대차,안전운전 의무 불이행,단일로,승용차,화물차,126.4395083,34.77646892,1.3,0,0,0,0
2023,6,22,12,주,목,경기,차대사람,안전운전 의무 불이행,교차로,화물차,보행자,126.9034575,37.43408878,1.0,3,0,0,2
2023,6,22,18,야,목,경남,차량단독,안전운전 의무 불이행,단일로,승용차,없음,128.2870253,35.15208158,1.0,0,0,0,0
2023,6,22,19,야,목,전북,차량단독,안전운전 의무 불이행,단일로,승용차,없음,127.6749617,36.01954123,1.0,0,0,1,0
2023,6,22,22,야,목,서울,차대차,안전운전 의무 불이행,교차로,승용차,이륜차,127.0508166,37.59142359,1.0,10,10,0,0
2023,6,23,7,주,금,경기,차대사람,신호위반,교차로,건설기계,보행자,127.1186664,37.18331978,1.0,5,2,0,0
2023,6,23,7,주,금,강원,차량단독,안전운전 의무 불이행,단일로,이륜차,없음,127.9432774,37.35704633,1.0,0,0,0,5
2023,6,23,10,주,금,경기,차량단독,안전운전 의무 불이행,단일로,승용차,없음,126.8049189,37.75756227,1.0,0,0,0,1
2023,6,23,15,주,금,부산,차대사람,안전운전 의무 불이행,단일로,승용차,보행자,129.1384128,35.21807591,1.7,0,0,0,0
2023,6,23,17,주,금,경기,차대차,안전운전 의무 불이행,기타,화물차,화물차,126.8753354,37.02678413,1.0,0,0,0,0
2023,6,24,0,야,토,충북,차대차,안전운전 의무 불이행,단일로,화물차,특수차,127.9353146,36.86312531,1.0,0,0,0,0
2023,6,24,12,주,토,부산,차대사람,기타,단일로,승용차,보행자,129.1441982,35.16281112,1.3,12,5,2,0
2023,6,24,12,주,토,강원,차대차,안전운전 의무 불이행,교차로,건설기계,자전거,128.900512,37.77081136,1.0,2,1,0,0
2023,6,24,17,주,토,강원,차대차,중앙선 침범,단일로,승용차,자전거,128.0852639,37.24816376,1.0,0,0,0,0
2023,6,24,17,주,토,경남,차대차,교차로 통행방법 위반,교차로,화물차,승합차,128.7909596,35.38504131,2.2,0,0,0,0
2023,6,25,6,주,일,경북,차량단독,안전운전 의무 불이행,단일로,승용차,없음,129.2715357,35.84461685,3.0,0,0,0,0
2023,6,25,12,주,일,전남,차대사람,안전운전 의무 불이행,교차로,승용차,보행자,127.0866054,34.67193867,1.0,2,1,0,0
2023,6,25,13,주,일,충북,차대사람,안전운전 의무 불이행,단일로,건설기계,보행자,128.2277565,37.13585325,1.0,3,2,0,1
2023,6,25,14,주,일,전남,차대차,안전거리 미확보,단일로,승용차,이륜차,127.2913088,35.2771627,1.0,6,0,0,0
2023,6,25,21,야,일,전북,차대차,중앙선 침범,단일로,화물차,승용차,127.260602,36.05279764,2.4,0,0,0,0
2023,6,26,7,주,월,전남,차량단독,안전운전 의무 불이행,단일로,승용차,없음,126.9395692,35.30504284,1.0,1,0,0,0
2023,6,26,9,주,월,대구,차대사람,신호위반,교차로,승용차,보행자,128.6903913,35.87398598,1.3,1,1,0,0
2023,6,26,10,주,월,경남,차대사람,보행자 보호의무 위반,단일로,화물차,보행자,127.7302205,35.52095655,1.0,11,2,0,0
2023,6,27,8,주,화,강원,차대사람,보행자 보호의무 위반,교차로,화물차,보행자,129.0447134,37.23658645,1.0,1,1,0,0
2023,6,27,9,주,화,경기,차량단독,안전운전 의무 불이행,단일로,이륜차,없음,126.8672522,36.96978007,1.0,0,0,1,3
2023,6,27,13,주,화,경기,차대사람,신호위반,교차로,승용차,보행자,127.0702825,37.14887353,2.5999999999999996,4,2,0,5
2023,6,27,18,야,화,전남,차대차,안전거리 미확보,단일로,승용차,승용차,126.8123857,35.24740934,1.3,1,1,2,1
2023,6,27,19,야,화,울산,차대차,신호위반,단일로,이륜차,승용차,129.2826519,35.56269802,1.6,1,0,0,0
2023,6,27,20,야,화,경남,차대사람,안전운전 의무 불이행,단일로,승용차,보행자,128.0863437,35.18874605,1.0,5,0,0,3
2023,6,28,0,야,수,서울,차대사람,기타,교차로,승용차,보행자,127.0450482,37.67739823,1.0,1,0,0,1
2023,6,28,3,야,수,대전,차대차,기타,기타,자전거,승용차,127.3802391,36.32724197,1.0,4,2,0,2
2023,6,28,10,주,수,전북,차량단독,안전운전 의무 불이행,단일로,승용차,없음,127.3657394,35.51664729,1.0,0,0,0,0
2023,6,28,16,주,수,충북,차량단독,안전운전 의무 불이행,단일로,개인형이동장치(PM),없음,127.6112696,36.78608261,1.0,0,0,0,0
2023,6,28,20,야,수,대구,차대차,안전운전 의무 불이행,단일로,승용차,승용차,128.6425389,35.82771382,1.0,1,1,0,1
2023,6,28,21,야,수,전남,차대사람,안전운전 의무 불이행,교차로,승용차,보행자,126.6876224,34.88303324,1.0,1,1,1,0
2023,6,28,23,야,수,서울,차대차,중앙선 침범,교차로,이륜차,승용차,127.0763695,37.61562903,3.3,7,1,6,3
2023,6,29,0,야,목,경기,차대사람,안전운전 의무 불이행,교차로,승용차,보행자,126.6230867,37.65663782,1.0,4,3,0,2
2023,6,29,4,야,목,충북,차대차,안전운전 의무 불이행,단일로,화물차,농기계,127.7337925,36.48276774,1.7,0,0,0,1
2023,6,29,5,야,목,서울,차대사람,신호위반,교차로,승용차,보행자,127.0797141,37.58103834,1.7,10,1,4,2
2023,6,29,12,주,목,경남,차대차,중앙선 침범,단일로,승용차,승합차,127.8079884,35.64549967,3.2,0,0,0,0
2023,6,29,13,주,목,충북,차대차,안전거리 미확보,단일로,화물차,승용차,127.9853735,37.11965118,1.3,0,0,0,0
2023,6,29,15,주,목,전남,차량단독,안전운전 의무 불이행,단일로,승용차,없음,126.762941,34.65695705,1.7,0,0,0,0
2023,6,29,16,주,목,경기,차대차,안전거리 미확보,단일로,승용차,화물차,127.0243316,37.26123823,3.9,1,1,1,4
2023,6,29,20,야,목,충남,차량단독,안전운전 의무 불이행,기타,개인형이동장치(PM),없음,127.1374212,36.77668455,1.0,11,1,0,1
2023,6,30,11,주,금,전북,차량단독,안전운전 의무 불이행,단일로,승용차,없음,127.1986875,35.89375197,1.0,0,0,0,0
2023,6,30,12,주,금,경기,차량단독,안전운전 의무 불이행,단일로,승용차,없음,126.7963566,37.88589268,1.0,0,0,0,1
2023,6,30,15,주,금,서울,차량단독,안전운전 의무 불이행,교차로,이륜차,없음,126.937514,37.58947784,1.0,1,1,0,2
2023,6,30,15,주,금,충북,차대차,안전운전 의무 불이행,교차로,승용차,자전거,127.7205594,36.48922978,1.0,0,2,0,1
2023,6,30,17,주,금,서울,차대차,기타,단일로,자전거,승용차,126.9287729,37.54307969,1.0,8,0,0,1
2023,6,30,19,야,금,대구,차대차,안전운전 의무 불이행,교차로,승용차,이륜차,128.4708943,35.79012145,1.0,2,0,1,0
2023,7,1,0,야,토,부산,차량단독,안전운전 의무 불이행,기타,개인형이동장치(PM),없음,129.0647946,35.15805667,1.0,9,2,0,4
2023,7,1,8,주,토,서울,차대차,안전운전 의무 불이행,교차로,건설기계,이륜차,126.952283,37.48132214,1.0,18,1,0,0
2023,7,1,8,주,토,경남,차대사람,기타,교차로,화물차,보행자,128.5401887,35.2561,1.0,1,0,0,0
2023,7,1,10,주,토,충남,차량단독,안전운전 의무 불이행,단일로,승용차,없음,126.6056507,36.82172382,1.3,0,0,0,0
2023,7,1,16,주,토,경북,차대차,중앙선 침범,단일로,승용차,승용차,128.9067433,35.98026207,2.4,0,0,0,1
2023,7,1,20,야,토,경북,차대사람,기타,단일로,승용차,보행자,128.8702624,35.93465271,1.0,2,2,0,3
2023,7,2,7,주,일,대전,차량단독,안전운전 의무 불이행,단일로,농기계,없음,127.3631593,36.44798427,1.0,1,0,0,0
2023,7,2,18,야,일,충남,차량단독,안전운전 의무 불이행,교차로,이륜차,없음,126.7161023,36.75159515,1.0,0,0,0,0
2023,7,2,18,야,일,제주,차량단독,안전운전 의무 불이행,교차로,승용차,없음,126.5592019,33.28637538,1.0,0,0,0,0
2023,7,2,20,야,일,전남,차대사람,안전운전 의무 불이행,교차로,화물차,보행자,126.8012577,34.48221854,1.0,1,0,0,0
2023,7,3,5,야,월,전남,차대차,안전운전 의무 불이행,단일로,이륜차,화물차,127.3276851,34.85873488,1.0,2,0,0,0
2023,7,3,7,주,월,경기,차량단독,안전운전 의무 불이행,단일로,승용차,없음,127.2243086,37.35639284,1.0,0,0,2,0
2023,7,3,8,주,월,전북,차대사람,보행자 보호의무 위반,교차로,화물차,보행자,127.3876699,35.40933438,1.0,7,1,0,3
2023,7,3,12,주,월,전남,차량단독,안전운전 의무 불이행,단일로,농기계,없음,127.7799078,34.58946132,2.6,0,0,0,0
2023,7,3,14,주,월,울산,차대차,안전운전 의무 불이행,교차로,화물차,승용차,129.3356618,35.46860447,1.0,2,0,0,0
2023,7,3,22,야,월,충남,차대차,기타,단일로,승용차,개인형이동장치(PM),126.6523346,36.96424858,1.0,0,0,0,0
2023,7,4,0,야,화,충북,차대차,신호위반,교차로,승용차,승합차,127.4147508,36.70848658,2.9,1,1,0,1
2023,7,4,0,야,화,울산,차대사람,기타,단일로,승용차,보행자,129.3710314,35.5605651,1.0,2,1,0,2
2023,7,4,5,야,화,인천,차대사람,신호위반,교차로,승합차,보행자,126.7173609,37.42525142,1.7,3,0,0,0
2023,7,4,7,주,화,충남,차대차,안전운전 의무 불이행,교차로,승용차,승용차,126.4366572,36.87196606,1.7,0,0,0,0
2023,7,4,8,주,화,전북,차량단독,기타,단일로,승용차,없음,127.3866536,35.44294806,2.0,0,0,0,0
2023,7,4,12,주,화,대구,차량단독,안전운전 의무 불이행,기타,승용차,없음,128.5249833,35.84526369,1.0,4,1,0,1
2023,7,4,18,야,화,경기,차대사람,신호위반,기타,승용차,보행자,126.9262965,36.97922961,1.0,15,1,0,2
2023,7,4,19,야,화,충남,차대사람,기타,기타,승용차,보행자,126.6675205,36.59345467,1.6,3,3,0,0
2023,7,4,22,야,화,충북,차대사람,안전운전 의무 불이행,교차로,승용차,보행자,127.4671665,36.64291098,1.0,3,0,0,0
2023,7,4,23,야,화,강원,차량단독,안전운전 의무 불이행,단일로,화물차,없음,128.3700792,37.56053527,1.0,0,0,0,0
2023,7,5,0,야,수,전남,차대차,안전운전 의무 불이행,단일로,승용차,승용차,127.6649236,34.95933606,1.0,0,0,0,0
2023,7,5,1,야,수,경기,차대차,안전운전 의무 불이행,단일로,이륜차,화물차,126.812104,37.34131953,1.0,12,5,0,1
2023,7,5,14,주,수,경기,차대사람,신호위반,교차로,승합차,보행자,127.1069878,37.24986835,1.0,9,3,3,3
2023,7,5,20,야,수,대구,차대차,신호위반,기타,이륜차,이륜차,128.5645323,35.83913175,1.3,10,2,1,0
2023,7,6,0,야,목,경기,차량단독,안전운전 의무 불이행,단일로,승용차,없음,126.7621406,37.66973044,1.0,23,5,1,2
2023,7,6,10,주,목,경기,차대사람,신호위반,교차로,건설기계,보행자,127.5078298,37.29079494,1.0,2,0,1,1
2023,7,6,18,야,목,서울,차대차,기타,단일로,승용차,승용차,127.002185,37.51200885,1.7,8,1,0,0
2023,7,7,9,주,금,경남,차대차,기타,단일로,화물차,이륜차,128.3551077,34.9915596,1.0,0,0,0,0
2023,7,7,12,주,금,경북,차량단독,안전운전 의무 불이행,기타,이륜차,없음,128.5335954,36.87582518,1.0,0,0,0,1
2023,7,7,15,주,금,충남,차대차,중앙선 침범,단일로,화물차,승합차,127.1500767,36.86452518,2.2,1,0,0,2
2023,7,7,16,주,금,강원,차량단독,안전운전 의무 불이행,단일로,사륜오토바이(ATV),없음,128.4529615,37.53679432,1.0,1,1,0,0
2023,7,7,16,주,금,경기,차대사람,안전운전 의무 불이행,단일로,승용차,보행자,127.1956435,37.73385572,1.0,11,2,0,0
2023,7,7,21,야,금,경남,차대차,신호위반,교차로,승용차,이륜차,128.0749515,35.18533814,1.0,0,0,0,4
2023,7,7,21,야,금,인천,차대사람,신호위반,교차로,승용차,보행자,126.7400509,37.40442485,1.0,11,0,0,7
2023,7,7,23,야,금,서울,차대사람,안전운전 의무 불이행,단일로,승용차,보행자,126.9822968,37.4885061,1.0,9,3,0,0
2023,7,8,1,야,토,전남,차대사람,기타,교차로,승용차,보행자,126.7694034,34.63560594,1.0,5,1,0,1
2023,7,8,5,야,토,경기,차량단독,안전운전 의무 불이행,교차로,이륜차,없음,127.0676729,37.82748126,1.0,1,0,0,1
2023,7,8,6,주,토,경기,차대사람,안전운전 의무 불이행,단일로,화물차,보행자,126.9490899,37.35065393,1.0,6,0,0,3
2023,7,8,7,주,토,부산,차대차,안전거리 미확보,단일로,이륜차,승용차,128.9918592,35.20524774,1.0,0,0,1,2
2023,7,8,11,주,토,대전,차대차,안전거리 미확보,교차로,이륜차,승용차,127.3722119,36.30996005,1.0,6,4,0,2
2023,7,8,14,주,토,강원,차대차,중앙선 침범,단일로,이륜차,건설기계,128.4805023,37.66041889,1.3,0,0,0,0
2023,7,8,17,주,토,충북,차량단독,안전운전 의무 불이행,단일로,개인형이동장치(PM),없음,127.3788699,36.62773581,1.0,0,0,0,0
2023,7,8,20,야,토,전북,차대사람,안전운전 의무 불이행,단일로,승용차,보행자,127.5888908,36.00508421,1.0,0,0,1,0
2023,7,9,0,야,일,서울,차대차,신호위반,교차로,이륜차,이륜차,126.8453159,37.54650423,1.7,4,2,0,2
2023,7,9,1,야,일,서울,차대차,신호위반,교차로,승합차,이륜차,127.1445089,37.55469743,1.3,9,4,0,2
2023,7,9,1,야,일,경북,차대차,안전운전 의무 불이행,단일로,승합차,화물차,128.363856,35.9696854,1.0,0,0,0,0
2023,7,9,7,주,일,경기,차대차,신호위반,교차로,이륜차,화물차,126.7926388,37.75127016,1.0,1,0,1,1
2023,7,9,8,주,일,경기,차대차,중앙선 침범,교차로,승용차,이륜차,126.7753708,37.52045249,1.0,6,2,2,4
2023,7,9,12,주,일,충북,차대차,안전운전 의무 불이행,단일로,이륜차,승용차,127.5043882,36.6953012,1.0,0,0,1,0
2023,7,9,21,야,일,경남,차량단독,안전운전 의무 불이행,교차로,이륜차,없음,127.8982662,34.84488585,1.0,5,0,0,2
2023,7,10,7,주,월,경기,차대차,안전운전 의무 불이행,교차로,건설기계,자전거,126.7743485,37.64103591,1.0,0,0,0,0
2023,7,10,11,주,월,경남,차대사람,안전운전 의무 불이행,교차로,승용차,보행자,128.4827432,35.39256728,1.0,0,1,0,0
2023,7,10,13,주,월,경북,차량단독,안전운전 의무 불이행,단일로,특수차,없음,129.4216503,35.66906504,1.0,0,0,0,0
2023,7,10,13,주,월,대전,차량단독,안전운전 의무 불이행,단일로,승용차,화물차,127.3084222,36.23083577,1.0,0,0,0,0
2023,7,10,15,주,월,경기,차대차,안전거리 미확보,단일로,승용차,승합차,127.0978021,37.21723381,1.0,2,0,1,1
2023,7,10,20,야,월,대전,차대사람,기타,교차로,화물차,보행자,127.4338937,36.34433188,1.0,6,1,0,5
2023,7,11,0,야,화,경기,차대차,신호위반,교차로,승용차,이륜차,127.0224659,37.26023017,1.0,3,1,1,2
2023,7,11,6,주,화,전남,차대차,신호위반,교차로,화물차,화물차,126.2747527,34.48270887,1.0,2,0,0,0
2023,7,11,7,주,화,경남,차대차,안전운전 의무 불이행,교차로,승용차,개인형이동장치(PM),129.045801,35.35884238,1.0,6,2,0,1
2023,7,11,7,주,화,경남,차대사람,안전운전 의무 불이행,기타,화물차,보행자,127.8513673,35.54215103,1.0,0,0,0,0
2023,7,11,20,야,화,충북,차대사람,안전운전 의무 불이행,교차로,승용차,보행자,127.9464508,36.97413334,1.0,1,1,0,1
2023,7,11,20,야,화,충북,차대사람,신호위반,단일로,승용차,보행자,127.916606,37.00629694,1.0,6,1,0,0
2023,7,11,21,야,화,경기,차대차,안전운전 의무 불이행,단일로,화물차,개인형이동장치(PM),127.0990436,37.30415976,1.0,1,0,3,0
2023,7,12,4,야,수,서울,차대사람,기타,교차로,승용차,보행자,126.8262297,37.55532015,1.0,5,2,0,1
2023,7,12,7,주,수,전남,차대차,안전운전 의무 불이행,단일로,승용차,화물차,126.8495079,35.05800475,1.3,0,0,0,0
2023,7,12,11,주,수,인천,차대사람,안전운전 의무 불이행,단일로,승용차,보행자,126.630181,37.4806247,1.0,22,3,0,1
2023,7,12,14,주,수,인천,차대차,안전운전 의무 불이행,단일로,승합차,자전거,126.734151,37.49775794,1.0,3,4,1,1
2023,7,12,17,주,수,충남,차대차,안전거리 미확보,단일로,이륜차,승용차,126.4482409,36.81591946,1.0,0,0,0,1
2023,7,12,18,야,수,전남,차대사람,보행자 보호의무 위반,교차로,승합차,보행자,127.5249577,34.94332215,1.0,8,1,0,5
2023,7,12,21,야,수,전북,차량단독,안전운전 의무 불이행,단일로,원동기장치자전거,없음,126.9118362,35.76789863,1.0,0,0,0,0
2023,7,13,9,주,목,충북,차대차,중앙선 침범,단일로,승용차,승용차,127.6867066,36.53981748,1.3,0,0,0,0
2023,7,13,13,주,목,경기,차대차,신호위반,단일로,화물차,이륜차,126.6331686,37.65244912,1.3,4,2,0,0
2023,7,13,16,주,목,경기,차대차,신호위반,교차로,이륜차,승용차,126.9686999,37.38141749,1.0,5,2,0,4
2023,7,13,23,야,목,서울,차대사람,안전운전 의무 불이행,단일로,화물차,보행자,126.9692291,37.53045126,1.0,1,0,0,2
2023,7,13,23,야,목,서울,차대차,안전거리 미확보,단일로,승용차,승용차,126.9503249,37.52934626,1.9,3,0,0,1
2023,7,14,0,야,금,광주,차대차,안전운전 의무 불이행,교차로,화물차,이륜차,126.903235,35.1688938,1.0,4,3,0,6
2023,7,14,5,야,금,경북,차대사람,안전운전 의무 불이행,기타,승용차,보행자,128.3733056,35.75162343,1.0,0,0,0,0
2023,7,14,13,주,금,인천,차대사람,안전운전 의무 불이행,단일로,승용차,보행자,126.6936021,37.42123393,1.0,4,4,1,1
2023,7,14,18,야,금,충북,차량단독,안전운전 의무 불이행,단일로,승용차,없음,127.7503806,36.19690967,2.4,0,0,0,0
2023,7,14,19,야,금,경기,차량단독,안전운전 의무 불이행,기타,승용차,없음,127.3429013,37.82266289,1.7,0,0,0,0
2023,7,15,1,야,토,경기,차대사람,안전운전 의무 불이행,단일로,화물차,보행자,127.4793323,37.16309988,1.0,1,0,0,0
2023,7,15,10,주,토,전북,차대사람,기타,단일로,화물차,보행자,127.6167141,35.40970893,1.0,0,0,0,0
2023,7,15,17,주,토,전북,차대사람,기타,단일로,승용차,보행자,126.7137609,35.98608674,1.0,5,1,2,3
2023,7,15,18,야,토,울산,차대사람,안전운전 의무 불이행,교차로,승용차,보행자,129.3405446,35.38540032,1.0,3,1,0,0
2023,7,15,20,야,토,강원,차대사람,중앙선 침범,교차로,승용차,보행자,128.5775804,38.19882373,1.0,3,1,0,0
2023,7,15,21,야,토,경기,차대차,안전운전 의무 불이행,단일로,승용차,승용차,127.2233016,37.43377396,1.3,0,0,0,0
2023,7,16,4,야,일,경북,차대사람,안전운전 의무 불이행,단일로,승용차,보행자,129.3463451,36.01696693,1.7,5,1,0,2
2023,7,16,4,야,일,대구,차대사람,안전운전 의무 불이행,교차로,승용차,보행자,128.5310561,35.8721326,1.0,0,1,1,1
2023,7,16,5,야,일,부산,차대사람,안전운전 의무 불이행,교차로,승합차,보행자,129.038271,35.11199038,1.0,6,2,1,3
2023,7,17,0,야,월,충남,차대차,안전거리 미확보,교차로,이륜차,화물차,126.4855878,36.78606397,1.0,4,0,0,4
2023,7,17,0,야,월,경남,차대사람,안전운전 의무 불이행,교차로,승용차,보행자,129.0650618,35.4215694,1.0,1,0,1,1
2023,7,17,3,야,월,경기,차대차,안전운전 의무 불이행,단일로,화물차,화물차,127.1036538,37.27283385,1.3,6,1,3,4
2023,7,17,3,야,월,광주,차량단독,안전운전 의무 불이행,단일로,승용차,없음,126.8826892,35.15292989,1.0,2,2,0,3
2023,7,17,7,주,월,경남,차대차,안전운전 의무 불이행,단일로,자전거,승용차,128.8040465,35.40875728,1.0,1,0,0,2
2023,7,17,8,주,월,충남,차대사람,안전운전 의무 불이행,기타,승용차,보행자,126.4437616,36.82776957,1.0,0,0,0,1
2023,7,17,17,주,월,울산,차대차,안전운전 의무 불이행,교차로,승용차,개인형이동장치(PM),129.4175358,35.49857728,1.0,3,3,0,0
2023,7,17,20,야,월,경남,차대차,신호위반,교차로,이륜차,승합차,128.7054502,35.21170235,1.0,7,2,0,3
2023,7,18,5,야,화,경기,차대차,안전운전 의무 불이행,단일로,화물차,화물차,127.0785666,37.84810664,1.3,3,0,2,0
2023,7,18,9,주,화,대구,차대차,교차로 통행방법 위반,교차로,승용차,화물차,128.630161,35.8214027,1.0,5,3,0,1
2023,7,18,11,주,화,대구,차대차,중앙선 침범,단일로,화물차,화물차,128.5245368,35.89402433,1.0,1,0,0,2
2023,7,18,12,주,화,경남,차량단독,안전운전 의무 불이행,단일로,이륜차,없음,128.64028,34.8661439,1.0,4,0,1,1
2023,7,18,15,주,화,충북,차대사람,기타,단일로,승용차,보행자,127.9295769,37.09013765,1.3,0,0,0,0
2023,7,18,19,야,화,경남,차대사람,안전운전 의무 불이행,단일로,승용차,보행자,128.567096,35.22992508,1.0,7,1,0,3
2023,7,18,20,야,화,충남,차대차,안전운전 의무 불이행,단일로,승용차,승용차,126.7687055,36.21979305,1.0,1,1,0,0
2023,7,18,20,야,화,전북,차량단독,안전운전 의무 불이행,단일로,이륜차,없음,127.1615547,35.95408739,1.0,0,0,0,0
2023,7,19,1,야,수,서울,차대사람,안전운전 의무 불이행,단일로,승용차,보행자,127.1003679,37.48850479,1.0,10,4,0,6
2023,7,19,12,주,수,경북,차대차,안전운전 의무 불이행,교차로,화물차,이륜차,128.2816831,35.89748249,1.7,0,0,1,0
2023,7,19,15,주,수,경북,차대차,안전운전 의무 불이행,교차로,특수차,승용차,129.3700254,36.24506662,2.4,0,0,0,1
2023,7,19,15,주,수,인천,차대차,신호위반,교차로,개인형이동장치(PM),화물차,126.7134016,37.59271272,1.0,2,0,1,1
2023,7,20,0,야,목,전남,차대차,중앙선 침범,단일로,승용차,화물차,126.6886704,34.86658364,1.3,1,0,0,0
2023,7,20,1,야,목,경기,차량단독,안전운전 의무 불이행,단일로,승용차,없음,126.6797975,37.790079,1.0,0,0,0,0
2023,7,20,2,야,목,광주,차대차,안전운전 의무 불이행,기타,승용차,원동기장치자전거,126.9369465,35.10838822,1.0,1,0,0,0
2023,7,20,5,야,목,경북,차량단독,안전운전 의무 불이행,단일로,자전거,없음,128.9000231,35.68354659,1.0,0,0,0,1
2023,7,20,8,주,목,인천,차대사람,보행자 보호의무 위반,단일로,승용차,보행자,126.5203703,37.64923188,1.0,1,0,0,0
2023,7,20,9,주,목,경기,차대사람,안전운전 의무 불이행,단일로,승용차,보행자,127.6164795,37.3002296,1.0,3,1,0,2
2023,7,20,9,주,목,충남,차대차,중앙선 침범,단일로,화물차,승용차,126.7022636,36.60998199,1.3,0,0,1,0
2023,7,20,9,주,목,경남,차대차,안전운전 의무 불이행,교차로,승용차,이륜차,127.91702,35.68505995,2.3,25,1,0,5
2023,7,20,11,주,목,경기,차량단독,안전운전 의무 불이행,단일로,이륜차,없음,126.9584425,37.21632707,1.0,15,5,0,0
2023,7,20,13,주,목,울산,차량단독,안전운전 의무 불이행,기타,사륜오토바이(ATV),없음,129.331414,35.38763969,1.0,1,0,0,1
2023,7,20,20,야,목,전남,차량단독,안전운전 의무 불이행,단일로,사륜오토바이(ATV),없음,127.1208789,34.44615757,1.0,0,0,0,1
2023,7,20,21,야,목,전남,차대사람,기타,단일로,승용차,보행자,126.3771493,34.78063467,1.0,2,1,0,0
2023,7,20,22,야,목,충북,차대사람,기타,교차로,승용차,보행자,128.1998433,37.13678753,1.0,4,2,0,1
2023,7,21,8,주,금,서울,차량단독,안전운전 의무 불이행,단일로,이륜차,없음,127.1004174,37.63187397,1.3,0,0,0,0