발생년,발생월,발생일,발생시,주야,요일,발생지시도,사고유형_대분류,가해자법규위반,도로형태_대분류,가해자_당사자종별,피해자_당사자종별,경도,위도,사상자수,반경500m카메라수,반경500m학교수,반경500m전광판수,반경500m사고건수
2023,7,21,8,주,금,전북,차대사람,안전운전 의무 불이행,단일로,건설기계,보행자,126.6196049,35.95395005,1.0,1,0,0,0
2023,7,21,18,야,금,충남,차대차,안전거리 미확보,교차로,이륜차,승용차,127.1474118,36.48322412,1.0,0,0,0,1
2023,7,21,21,야,금,경기,차량단독,안전운전 의무 불이행,교차로,승용차,없음,127.2202851,37.40298486,1.7,2,0,0,1
2023,7,22,0,야,토,경기,차량단독,안전운전 의무 불이행,단일로,이륜차,없음,127.1380839,37.45742106,1.0,0,1,0,1
2023,7,22,2,야,토,충남,차대차,기타,단일로,승용차,화물차,127.1203907,36.63037493,1.0,0,0,1,0
2023,7,22,9,주,토,강원,차대차,안전운전 의무 불이행,단일로,승용차,농기계,127.7980207,37.6395472,1.0,0,0,0,0
2023,7,22,10,주,토,충남,차대차,안전운전 의무 불이행,교차로,건설기계,자전거,127.1428247,36.80278042,1.0,13,2,0,2
2023,7,22,15,주,토,경기,차량단독,안전운전 의무 불이행,단일로,이륜차,없음,126.912642,37.31743401,1.0,2,0,0,0
2023,7,22,21,야,토,경북,차량단독,안전운전 의무 불이행,단일로,화물차,없음,128.1592537,36.32315796,1.0,0,0,0,0
2023,7,22,23,야,토,경남,차량단독,안전운전 의무 불이행,교차로,원동기장치자전거,없음,128.4091459,35.35041436,1.0,0,0,0,0
2023,7,23,3,야,일,충북,차량단독,안전운전 의무 불이행,단일로,승용차,없음,127.7240275,36.94286817,1.0,0,0,0,0
2023,7,23,7,주,일,제주,차대사람,안전운전 의무 불이행,단일로,승합차,보행자,126.5306457,33.4985784,1.0,0,1,1,7
2023,7,23,15,주,일,서울,차량단독,안전운전 의무 불이행,단일로,승용차,없음,126.9544189,37.52509283,1.0,1,0,0,2
2023,7,24,1,야,월,경기,차대차,신호위반,교차로,이륜차,승용차,126.8027478,37.45931643,1.0,0,0,0,0
2023,7,24,14,주,월,경기,차대차,안전운전 의무 불이행,교차로,이륜차,화물차,127.0316134,37.14144361,1.0,0,0,0,0
2023,7,24,22,야,월,경남,차대차,안전운전 의무 불이행,단일로,승용차,화물차,128.9834287,35.28039201,1.0,2,0,2,0
2023,7,24,23,야,월,서울,차대차,신호위반,교차로,이륜차,승용차,127.0651495,37.65883446,1.3,3,3,0,2
2023,7,25,2,야,화,충북,차대차,안전운전 의무 불이행,단일로,특수차,특수차,127.3493335,36.7126317,1.3,0,0,0,2
2023,7,25,8,주,화,인천,차량단독,안전운전 의무 불이행,단일로,원동기장치자전거,없음,126.689857,37.46357185,1.0,6,1,0,4
2023,7,25,11,주,화,충남,차량단독,안전운전 의무 불이행,단일로,이륜차,없음,126.9332923,36.2955678,1.0,1,0,0,0
2023,7,25,11,주,화,경북,차대차,중앙선 침범,교차로,승용차,건설기계,129.2227115,35.88571347,1.3,1,0,0,1
2023,7,25,13,주,화,울산,차대차,중앙선 침범,단일로,승용차,승용차,129.4028736,35.5027671,2.4,1,0,0,0
2023,7,25,16,주,화,전남,차량단독,안전운전 의무 불이행,교차로,화물차,없음,127.1763373,34.55448943,1.0,0,0,0,0
2023,7,26,8,주,수,경남,차대사람,안전운전 의무 불이행,교차로,승합차,보행자,128.6381022,35.25246862,1.0,3,2,0,0
2023,7,26,9,주,수,경북,차량단독,안전운전 의무 불이행,단일로,승용차,없음,129.4267659,35.69619888,1.0,0,0,0,0
2023,7,26,15,주,수,제주,차대차,안전운전 의무 불이행,교차로,이륜차,승용차,126.5293461,33.24766874,1.9,2,1,1,0
2023,7,26,19,야,수,경기,차대사람,안전운전 의무 불이행,교차로,승용차,보행자,126.8187964,37.49004705,1.0,2,2,0,1
2023,7,26,22,야,수,충남,차대사람,기타,단일로,승용차,보행자,126.9508183,36.35957725,1.0,0,1,0,0
2023,7,27,3,야,목,경기,차량단독,안전운전 의무 불이행,단일로,이륜차,없음,127.1343408,37.81139333,1.0,1,0,1,2
2023,7,27,8,주,목,강원,차량단독,안전운전 의무 불이행,교차로,이륜차,없음,127.3061964,38.14022338,1.3,1,0,0,1
2023,7,27,8,주,목,경북,차대차,안전운전 의무 불이행,단일로,승용차,화물차,128.8556907,35.9875121,1.3,0,0,0,0
2023,7,27,11,주,목,전북,차량단독,안전운전 의무 불이행,단일로,건설기계,없음,127.0983134,35.33423079,1.0,0,0,0,0
2023,7,27,15,주,목,경기,차량단독,안전운전 의무 불이행,단일로,승용차,없음,127.5810975,37.62761038,1.0,0,0,0,0
2023,7,28,1,야,금,경남,차대사람,안전운전 의무 불이행,교차로,화물차,보행자,128.8827066,35.22631624,1.0,8,0,0,1
2023,7,28,1,야,금,울산,차대차,안전운전 의무 불이행,단일로,승용차,개인형이동장치(PM),129.3231102,35.55004862,1.0,2,0,0,3
2023,7,28,4,야,금,충북,차량단독,안전운전 의무 불이행,단일로,승용차,없음,127.4447808,36.89394632,1.0,0,0,0,0
2023,7,28,4,야,금,충북,차량단독,안전운전 의무 불이행,단일로,개인형이동장치(PM),없음,127.433098,36.62217127,1.0,6,4,0,0
2023,7,28,12,주,금,경남,차대사람,안전운전 의무 불이행,교차로,화물차,보행자,127.9175332,35.68386801,1.0,18,1,0,4
2023,7,28,16,주,금,대전,차대차,안전운전 의무 불이행,단일로,승용차,승용차,127.3299288,36.36076339,3.3999999999999995,8,1,1,2
2023,7,28,17,주,금,경기,차대차,안전운전 의무 불이행,단일로,화물차,화물차,127.423022,37.2468088,2.9,2,0,1,0
2023,7,28,21,야,금,충북,차량단독,안전운전 의무 불이행,단일로,사륜오토바이(ATV),없음,127.7152063,37.09648053,1.0,0,0,0,0
2023,7,28,23,야,금,경기,차대차,안전운전 의무 불이행,단일로,특수차,승용차,127.2407875,37.04543469,1.0,0,0,0,0
2023,7,29,0,야,토,경기,차량단독,기타,기타,이륜차,없음,126.7295502,37.61397345,1.0,2,1,1,2
2023,7,29,1,야,토,경기,차대차,중앙선 침범,단일로,이륜차,승용차,127.1617984,37.46413439,1.0,0,1,0,0
2023,7,29,5,야,토,경기,차대차,안전운전 의무 불이행,단일로,화물차,승용차,127.0969063,37.40637833,1.9,6,0,0,2
2023,7,29,7,주,토,충남,차대차,중앙선 침범,단일로,이륜차,건설기계,126.8251612,36.40180983,1.0,0,0,0,0
2023,7,29,10,주,토,충남,차대차,신호위반,교차로,사륜오토바이(ATV),승용차,127.1400476,36.79017853,2.0,10,1,0,0
2023,7,29,16,주,토,충북,차대사람,안전운전 의무 불이행,교차로,승용차,보행자,127.453132,36.61615881,1.0,3,1,0,1
2023,7,29,16,주,토,대전,차량단독,기타,단일로,이륜차,없음,127.2716202,36.27365812,1.0,5,1,0,0
2023,7,29,19,야,토,경기,차대사람,안전운전 의무 불이행,단일로,승용차,보행자,127.4870787,37.50770307,1.0,0,0,0,0
2023,7,30,0,야,일,전남,차대사람,기타,단일로,이륜차,보행자,126.3899911,34.81077957,1.0,2,3,0,0
2023,7,30,0,야,일,경북,차대차,안전운전 의무 불이행,단일로,이륜차,이륜차,128.3776601,35.75636119,2.0,0,0,1,0
2023,7,30,2,야,일,경기,차량단독,안전운전 의무 불이행,단일로,이륜차,없음,127.0242069,37.29540049,1.0,2,2,0,0
2023,7,30,5,야,일,충북,차량단독,안전운전 의무 불이행,단일로,농기계,없음,128.3078945,37.06255484,1.0,0,0,0,0
2023,7,30,9,주,일,충남,차량단독,안전운전 의무 불이행,단일로,이륜차,없음,127.1422909,36.35359648,1.0,2,1,1,1
2023,7,30,11,주,일,경기,차대차,중앙선 침범,단일로,승용차,승용차,127.5616094,37.38504667,1.6,4,0,1,0
2023,7,30,18,야,일,충북,차량단독,안전운전 의무 불이행,단일로,사륜오토바이(ATV),없음,128.6053094,37.07041406,1.0,0,0,0,0
2023,7,30,18,야,일,전남,차대차,중앙선 침범,단일로,이륜차,화물차,126.2877712,35.1066373,1.0,0,0,0,0
2023,7,31,0,야,월,강원,차대차,중앙선 침범,단일로,승용차,승용차,127.7249193,38.00866261,1.0,0,0,0,0
2023,7,31,8,주,월,부산,차대차,기타,교차로,승용차,이륜차,128.9880907,35.17329587,1.0,3,4,0,2
2023,7,31,9,주,월,경북,차량단독,안전운전 의무 불이행,단일로,자전거,없음,128.6179585,36.51548614,1.0,0,0,0,0
2023,7,31,10,주,월,울산,차대사람,중앙선 침범,단일로,승용차,보행자,129.2808281,35.42671156,1.0,0,0,0,0
2023,7,31,12,주,월,경기,차대차,안전운전 의무 불이행,교차로,승용차,이륜차,127.5266404,37.075985,1.0,0,0,0,0
2023,7,31,14,주,월,부산,차대차,안전운전 의무 불이행,단일로,화물차,이륜차,129.0044613,35.20597536,1.0,10,2,0,4
2023,7,31,14,주,월,경북,차대차,안전거리 미확보,단일로,화물차,승용차,128.1335408,36.66313684,1.6,0,0,1,0
2023,7,31,14,주,월,경남,차대차,기타,교차로,승용차,승용차,128.6858668,34.89503995,1.6,4,1,0,0
2023,7,31,15,주,월,경기,차대사람,신호위반,교차로,승용차,보행자,126.769309,37.60238285,7.0,0,0,0,2
2023,7,31,15,주,월,강원,차량단독,안전운전 의무 불이행,단일로,승용차,없음,127.7364577,37.87696951,1.0,11,1,0,2
2023,7,31,16,주,월,서울,차대차,안전운전 의무 불이행,교차로,승용차,승용차,126.8321883,37.49145751,1.9,4,1,0,3
2023,7,31,16,주,월,전남,차량단독,기타,교차로,화물차,없음,126.9069395,34.62167129,1.3,0,0,0,0
2023,7,31,22,야,월,부산,차대사람,안전운전 의무 불이행,단일로,승용차,보행자,128.9823049,35.06372038,1.0,6,3,0,4
2023,8,1,9,주,화,경남,차대차,안전운전 의무 불이행,단일로,승용차,자전거,129.0140754,35.33014985,1.0,15,4,0,1
2023,8,1,10,주,화,충남,차대차,교차로 통행방법 위반,교차로,자전거,승용차,127.0042461,36.78199153,1.0,25,1,0,3
2023,8,1,12,주,화,경남,차대차,안전운전 의무 불이행,단일로,화물차,화물차,128.0024104,35.23770696,2.0,0,0,0,1
2023,8,1,13,주,화,광주,차대사람,안전운전 의무 불이행,단일로,이륜차,보행자,126.9346202,35.13221864,1.0,2,1,0,1
2023,8,1,14,주,화,전남,차량단독,안전운전 의무 불이행,단일로,화물차,없음,126.5461233,35.08038015,1.0,0,0,0,1
2023,8,1,19,야,화,경남,차량단독,안전거리 미확보,단일로,이륜차,없음,128.8486842,35.22676326,1.0,6,0,0,0
2023,8,1,22,야,화,경기,차대사람,안전운전 의무 불이행,단일로,승용차,보행자,126.7819188,37.44170539,1.0,3,2,1,1
2023,8,1,23,야,화,충남,차량단독,안전운전 의무 불이행,단일로,이륜차,없음,127.1427287,36.88612026,1.0,1,0,1,2
2023,8,2,4,야,수,충북,차대차,안전운전 의무 불이행,단일로,이륜차,승용차,127.5563572,36.74712335,1.3,0,0,0,2
2023,8,2,6,주,수,충남,차량단독,안전운전 의무 불이행,단일로,화물차,없음,126.7595654,36.07255893,1.0,0,0,0,1
2023,8,2,10,주,수,경남,차대차,기타,교차로,승용차,이륜차,128.5703947,35.22506307,3.0999999999999996,5,3,0,3
2023,8,2,11,주,수,부산,차대차,안전운전 의무 불이행,교차로,건설기계,원동기장치자전거,129.0920082,35.19455946,2.0,7,2,0,4
2023,8,2,11,주,수,경기,차대차,안전운전 의무 불이행,단일로,화물차,화물차,127.0437981,37.70190959,1.0,1,2,0,1
2023,8,2,12,주,수,경기,차대사람,안전운전 의무 불이행,단일로,화물차,보행자,127.1564168,37.5897592,1.0,2,3,2,0
2023,8,2,14,주,수,충북,차대차,안전운전 의무 불이행,단일로,승용차,자전거,127.5217508,36.69527225,1.0,0,0,0,1
2023,8,2,14,주,수,제주,차대차,안전운전 의무 불이행,단일로,화물차,이륜차,126.6862414,33.39201578,1.0,1,0,0,1
2023,8,2,16,주,수,경남,차대사람,안전운전 의무 불이행,단일로,승용차,보행자,127.9761503,35.00316868,1.0,0,0,0,0
2023,8,2,20,야,수,전북,차대사람,안전운전 의무 불이행,단일로,승용차,보행자,126.840143,35.56453474,1.0,2,0,0,1
2023,8,2,21,야,수,울산,차량단독,안전운전 의무 불이행,단일로,이륜차,없음,129.3426408,35.51267246,1.0,3,0,0,0
2023,8,2,22,야,수,울산,차대사람,안전운전 의무 불이행,교차로,승용차,보행자,129.3698681,35.60401746,1.0,13,1,0,0
2023,8,3,0,야,목,경기,차량단독,안전운전 의무 불이행,교차로,개인형이동장치(PM),없음,126.7516686,37.49723025,1.0,16,5,0,0
2023,8,3,8,주,목,경남,차대차,중앙선 침범,교차로,승용차,승용차,128.4034117,35.31676244,2.4,0,0,0,0
2023,8,3,9,주,목,충북,차량단독,안전운전 의무 불이행,기타,건설기계,없음,128.3452986,36.92186246,1.0,1,0,1,0
2023,8,3,9,주,목,전북,차대차,안전운전 의무 불이행,교차로,승용차,자전거,127.1112813,35.8513778,1.0,6,2,0,3
2023,8,3,15,주,목,전남,차량단독,안전운전 의무 불이행,단일로,승용차,없음,126.5497249,34.44312471,1.0,0,0,0,0
2023,8,3,15,주,목,경북,차량단독,안전운전 의무 불이행,교차로,화물차,없음,128.9086376,35.9807537,1.0,0,0,0,1
2023,8,3,16,주,목,충북,차대차,안전운전 의무 불이행,교차로,건설기계,개인형이동장치(PM),127.4280045,36.62743306,1.7,6,1,0,2
2023,8,3,18,야,목,경남,차량단독,안전운전 의무 불이행,단일로,이륜차,없음,128.650261,34.74366088,1.0,0,0,1,0
2023,8,3,20,야,목,경기,차대차,기타,단일로,승용차,농기계,127.2197694,37.29253668,2.0,0,0,0,0
2023,8,3,20,야,목,충남,차대차,안전운전 의무 불이행,단일로,승용차,자전거,127.162707,36.47274762,1.0,1,0,1,0
2023,8,3,23,야,목,경기,차량단독,안전운전 의무 불이행,단일로,이륜차,없음,127.1381228,37.45640263,1.0,0,0,0,1
2023,8,4,0,야,금,경남,차대사람,안전운전 의무 불이행,단일로,승용차,보행자,128.5488447,35.15567927,1.0,0,0,0,2
2023,8,4,2,야,금,서울,차대사람,안전운전 의무 불이행,단일로,승용차,보행자,126.926165,37.4845332,1.0,30,1,0,3
2023,8,4,2,야,금,인천,차대차,안전운전 의무 불이행,교차로,화물차,건설기계,126.76279,37.44186705,1.0,2,0,0,0
2023,8,4,7,주,금,경남,차대차,안전운전 의무 불이행,교차로,화물차,이륜차,128.0933435,34.9421282,1.0,0,2,0,1
2023,8,4,8,주,금,전남,차대차,안전운전 의무 불이행,단일로,건설기계,사륜오토바이(ATV),126.1052886,35.09998648,1.0,0,0,0,0
2023,8,4,11,주,금,경남,차량단독,안전운전 의무 불이행,교차로,화물차,없음,128.0572411,35.01526737,1.0,1,0,0,1
2023,8,4,12,주,금,경남,차대차,안전운전 의무 불이행,단일로,화물차,화물차,128.764354,35.46216677,1.3,0,0,0,0
2023,8,4,13,주,금,경기,차량단독,안전운전 의무 불이행,단일로,승용차,없음,127.3370234,37.79838241,3.0,0,0,0,0
2023,8,4,15,주,금,강원,차대사람,안전운전 의무 불이행,단일로,승합차,보행자,127.9077853,37.36092376,1.0,0,0,0,2
2023,8,4,19,야,금,충남,차대사람,안전운전 의무 불이행,단일로,화물차,보행자,127.2903108,36.21654274,1.0,0,0,0,0
2023,8,4,20,야,금,충북,차대차,안전운전 의무 불이행,단일로,승용차,원동기장치자전거,127.4487189,36.72786095,1.0,0,0,0,0
2023,8,5,2,야,토,부산,차량단독,안전운전 의무 불이행,단일로,이륜차,없음,129.0578207,35.14467654,1.0,6,1,1,3
2023,8,5,3,야,토,경기,차대차,안전운전 의무 불이행,기타,건설기계,자전거,126.9060085,37.85021078,1.0,0,0,0,0
2023,8,5,4,야,토,전북,차대차,안전운전 의무 불이행,단일로,승용차,승용차,126.6863698,35.93549722,2.3,1,0,0,0
2023,8,5,11,주,토,경기,차대차,중앙선 침범,단일로,승용차,승용차,127.2982009,37.63452322,3.8,3,1,0,1
2023,8,5,13,주,토,경남,차대차,안전운전 의무 불이행,단일로,화물차,화물차,127.950968,35.06929848,1.3,0,0,0,0
2023,8,5,15,주,토,서울,차대사람,보행자 보호의무 위반,교차로,승합차,보행자,127.0378723,37.62760758,1.0,5,1,0,1
2023,8,5,19,야,토,경북,차대차,신호위반,교차로,화물차,화물차,128.7988809,35.81231404,2.0,0,0,0,0
2023,8,5,19,야,토,경남,차대차,중앙선 침범,교차로,승용차,승용차,128.5707101,35.22565537,4.2,6,2,1,3
2023,8,6,1,야,일,서울,차대사람,안전운전 의무 불이행,단일로,승용차,보행자,126.9303234,37.61002095,1.0,9,2,0,7
2023,8,6,1,야,일,경기,차대사람,기타,단일로,승용차,보행자,126.9722982,37.28206523,1.0,7,1,0,2
2023,8,6,1,야,일,대구,차대차,신호위반,교차로,승용차,원동기장치자전거,128.6849157,35.87523919,1.0,2,0,1,0
2023,8,6,3,야,일,대구,차대차,안전거리 미확보,단일로,원동기장치자전거,승용차,128.5542107,35.82389603,1.0,2,1,1,1
2023,8,6,4,야,일,경남,차량단독,안전운전 의무 불이행,단일로,이륜차,없음,128.3063948,35.29123687,1.0,0,1,1,0
2023,8,6,9,주,일,전남,차대차,교차로 통행방법 위반,교차로,화물차,이륜차,126.560252,34.16693887,1.0,0,1,0,0
2023,8,6,15,주,일,울산,차대사람,보행자 보호의무 위반,교차로,승용차,보행자,129.3266689,35.54596499,1.0,3,1,0,3
2023,8,6,23,야,일,경기,차량단독,안전운전 의무 불이행,단일로,승용차,없음,127.2973157,38.07090955,1.0,4,0,0,1
2023,8,7,7,주,월,경기,차대사람,안전운전 의무 불이행,단일로,화물차,보행자,126.6614847,37.15990081,1.0,0,0,0,0
2023,8,7,8,주,월,부산,차대사람,신호위반,단일로,화물차,보행자,129.023585,35.16237782,1.0,1,3,0,1
2023,8,7,11,주,월,전남,차량단독,안전운전 의무 불이행,기타,화물차,없음,126.8998249,34.67195576,1.0,2,1,0,2
2023,8,7,14,주,월,전남,차대차,기타,교차로,승용차,화물차,126.768174,34.63024205,1.3,2,0,0,1
2023,8,7,15,주,월,전북,차대사람,보행자 보호의무 위반,교차로,승용차,보행자,126.698353,35.43518248,1.0,0,3,1,3
2023,8,7,17,주,월,강원,차대차,기타,교차로,승용차,원동기장치자전거,128.5823838,38.16379404,1.0,1,0,0,0
2023,8,7,18,야,월,경남,차량단독,안전운전 의무 불이행,단일로,화물차,없음,128.4021307,35.50999462,1.0,0,0,0,0
2023,8,7,18,야,월,인천,차량단독,안전운전 의무 불이행,단일로,화물차,없음,126.7207561,37.43679317,1.0,2,0,0,1
2023,8,7,22,야,월,전남,차대차,안전운전 의무 불이행,단일로,화물차,승용차,127.5661213,34.92737273,1.3,0,0,0,1
2023,8,7,23,야,월,서울,차대차,신호위반,교차로,승용차,승용차,127.0079059,37.53338591,2.5999999999999996,0,0,0,6
2023,8,7,23,야,월,전북,차대사람,안전운전 의무 불이행,단일로,승용차,보행자,127.1098249,35.92253675,1.0,1,0,1,1
2023,8,8,7,주,화,서울,차대사람,안전운전 의무 불이행,단일로,승용차,보행자,126.8149326,37.56747732,1.0,5,3,0,1
2023,8,8,9,주,화,경북,차대사람,안전운전 의무 불이행,교차로,화물차,보행자,129.3855917,36.35921908,1.0,0,0,0,1
2023,8,8,9,주,화,경남,차대차,안전운전 의무 불이행,단일로,화물차,특수차,127.8354034,35.48629343,1.7,1,0,0,1
2023,8,8,21,야,화,서울,차대사람,안전운전 의무 불이행,단일로,승용차,보행자,127.0775281,37.61112647,1.0,8,1,6,2
2023,8,9,9,주,수,전남,차대차,안전운전 의무 불이행,교차로,화물차,사륜오토바이(ATV),126.3015495,35.11281543,1.0,0,1,0,0
2023,8,9,10,주,수,경기,차량단독,안전운전 의무 불이행,단일로,이륜차,없음,126.6118179,37.62426832,1.0,0,0,1,0
2023,8,9,10,주,수,전북,차대사람,안전운전 의무 불이행,단일로,화물차,보행자,127.5980613,35.48622378,1.0,0,0,0,0
2023,8,9,11,주,수,경기,차량단독,안전운전 의무 불이행,기타,승용차,없음,126.8639878,37.14169931,1.0,0,0,1,0
2023,8,10,1,야,목,전북,차대차,중앙선 침범,단일로,이륜차,승용차,127.076436,35.87724434,1.0,8,3,0,1
2023,8,10,2,야,목,경기,차량단독,안전운전 의무 불이행,단일로,승용차,없음,127.3062114,38.06976191,1.7,1,0,0,1
2023,8,10,3,야,목,경기,차대차,안전운전 의무 불이행,단일로,화물차,화물차,127.1414795,37.02584043,1.0,0,0,1,2
2023,8,10,6,주,목,경기,차대차,안전운전 의무 불이행,단일로,화물차,승합차,126.8999179,37.32230072,5.6,0,0,0,1
2023,8,10,10,주,목,경기,차대차,안전운전 의무 불이행,단일로,건설기계,건설기계,126.9590948,37.38510563,5.1,10,6,0,0
2023,8,10,14,주,목,경기,차량단독,안전운전 의무 불이행,단일로,화물차,없음,127.6166994,37.09882689,1.0,0,0,0,0
2023,8,10,16,주,목,충북,차량단독,안전운전 의무 불이행,단일로,승용차,없음,128.0022912,36.9983842,1.0,0,0,0,0
2023,8,10,18,야,목,전남,차대사람,안전운전 의무 불이행,단일로,화물차,보행자,126.5969797,34.57511516,1.0,19,5,0,2
2023,8,10,20,야,목,광주,차대차,기타,단일로,승용차,자전거,126.8901097,35.15456349,1.0,2,0,0,3
2023,8,10,21,야,목,충북,차대사람,안전운전 의무 불이행,교차로,승합차,보행자,127.490884,36.63185378,1.0,1,0,0,2
2023,8,10,22,야,목,전북,차량단독,안전운전 의무 불이행,교차로,원동기장치자전거,없음,126.5336762,35.38778578,1.0,0,0,0,0
2023,8,10,22,야,목,대구,차량단독,안전운전 의무 불이행,단일로,이륜차,없음,128.6493647,35.95155829,1.0,0,0,0,0
2023,8,10,22,야,목,경기,차대사람,신호위반,교차로,이륜차,보행자,127.2478923,37.66069155,1.0,8,0,0,0
2023,8,11,6,주,금,전북,차량단독,안전운전 의무 불이행,교차로,화물차,없음,126.6533675,35.78337906,1.0,0,0,0,0
2023,8,11,11,주,금,충남,차대차,안전운전 의무 불이행,교차로,승용차,승용차,126.5619873,37.01255186,4.7,0,0,0,0
2023,8,11,11,주,금,경기,차대사람,안전운전 의무 불이행,교차로,화물차,보행자,126.9261254,37.64910954,1.0,7,2,0,0
2023,8,11,13,주,금,충북,차대차,안전운전 의무 불이행,단일로,승용차,자전거,127.9398453,36.97035392,1.0,4,3,0,4
2023,8,11,15,주,금,전북,차대차,중앙선 침범,단일로,자전거,승용차,126.9413104,36.03241413,1.0,0,0,0,1
2023,8,11,20,야,금,전북,차대사람,기타,단일로,승용차,보행자,126.9224148,35.78438631,1.0,0,0,0,0
2023,8,11,21,야,금,경기,차대차,안전운전 의무 불이행,단일로,승용차,승용차,126.7428955,37.38335123,1.9,1,1,0,2
2023,8,12,9,주,토,경북,차량단독,안전운전 의무 불이행,단일로,이륜차,없음,129.0828862,36.62764838,1.0,0,0,0,0
2023,8,12,10,주,토,경북,차대차,안전운전 의무 불이행,단일로,승용차,승용차,129.3773817,36.30133436,2.3,0,0,0,1
2023,8,12,11,주,토,대구,차대차,안전운전 의무 불이행,기타,자전거,이륜차,128.5722289,35.88609797,1.7,5,2,0,3
2023,8,12,17,주,토,전남,차량단독,안전운전 의무 불이행,단일로,화물차,없음,126.4482204,35.22583938,1.0,0,0,0,0
2023,8,12,17,주,토,경북,차량단독,안전운전 의무 불이행,교차로,승합차,없음,128.6967094,36.57026062,3.8,0,1,0,2
2023,8,12,18,야,토,경북,차대사람,기타,교차로,승용차,보행자,129.0915993,36.63205729,1.0,0,0,0,1
2023,8,12,19,야,토,경북,차대사람,안전운전 의무 불이행,단일로,승용차,보행자,129.2299234,35.85210162,1.0,1,1,0,1
2023,8,12,20,야,토,충남,차대차,안전운전 의무 불이행,단일로,화물차,농기계,126.694377,36.14877026,1.0,0,0,0,0
2023,8,13,2,야,일,경남,차량단독,안전운전 의무 불이행,단일로,자전거,없음,128.9166947,35.21950366,1.0,1,0,0,1
2023,8,13,3,야,일,경기,차대사람,안전운전 의무 불이행,기타,승합차,보행자,127.0674908,37.14672702,1.0,3,1,0,4
2023,8,13,14,주,일,강원,차량단독,안전운전 의무 불이행,단일로,승합차,없음,128.5367433,38.18929602,3.0999999999999996,0,0,0,0
2023,8,13,15,주,일,충북,차량단독,안전운전 의무 불이행,단일로,이륜차,없음,127.5263828,36.81868391,1.0,0,0,0,1
2023,8,13,17,주,일,인천,차대사람,안전운전 의무 불이행,단일로,승용차,보행자,126.6621532,37.51622441,1.0,2,2,0,1
2023,8,13,18,야,일,충남,차대사람,안전운전 의무 불이행,교차로,화물차,보행자,126.8055633,36.4561036,1.0,3,1,0,0
2023,8,13,21,야,일,전북,차대차,기타,단일로,승용차,승용차,127.1921313,35.87854326,1.0,0,0,0,0
2023,8,13,22,야,일,경기,차량단독,안전운전 의무 불이행,단일로,이륜차,없음,127.0590373,37.21013701,1.0,6,5,1,1
2023,8,14,6,주,월,경남,차량단독,안전운전 의무 불이행,단일로,이륜차,없음,128.5759812,35.22789884,1.0,11,3,1,2
2023,8,14,9,주,월,충북,차량단독,안전운전 의무 불이행,단일로,원동기장치자전거,없음,127.440529,36.86266356,1.0,1,0,0,2
2023,8,14,13,주,월,경기,차대차,안전운전 의무 불이행,단일로,화물차,승용차,127.2292038,37.27926304,2.0,0,0,0,0
2023,8,14,13,주,월,경북,차량단독,안전운전 의무 불이행,단일로,이륜차,없음,129.0763767,36.66821646,1.0,0,0,0,1
2023,8,14,14,주,월,경북,차대사람,안전운전 의무 불이행,단일로,승합차,보행자,129.2873487,35.64938989,1.0,0,0,0,0
2023,8,14,17,주,월,전북,차대사람,안전운전 의무 불이행,단일로,승용차,보행자,127.3842679,35.73843628,1.3,2,0,0,0
2023,8,14,20,야,월,충남,차량단독,안전운전 의무 불이행,단일로,승용차,없음,126.8290985,36.42248569,1.0,0,0,0,0
2023,8,14,20,야,월,전남,차대사람,보행자 보호의무 위반,기타,승용차,보행자,127.7246784,34.73164382,1.0,4,2,1,2
2023,8,15,0,야,화,울산,차대사람,안전운전 의무 불이행,단일로,승용차,보행자,129.2392627,35.56288119,1.0,0,0,0,1
2023,8,15,1,야,화,경기,차대차,안전운전 의무 불이행,단일로,화물차,화물차,127.3559864,37.24817047,1.9,3,1,0,3
2023,8,15,2,야,화,서울,차대차,안전거리 미확보,단일로,화물차,화물차,127.1743554,37.56194027,1.0,6,2,0,1
2023,8,15,20,야,화,경기,차대사람,안전운전 의무 불이행,단일로,이륜차,보행자,126.7687203,37.7582986,1.3,19,2,0,1
2023,8,15,23,야,화,경북,차대차,안전운전 의무 불이행,단일로,화물차,화물차,128.2349015,35.97427701,1.7,0,0,0,0
2023,8,16,5,야,수,경기,차대차,안전운전 의무 불이행,교차로,화물차,화물차,126.5872784,37.69605088,1.0,1,0,0,1
2023,8,16,7,주,수,경남,차량단독,안전운전 의무 불이행,단일로,화물차,없음,128.063898,35.60072683,1.0,0,0,0,0
2023,8,16,10,주,수,서울,차대차,신호위반,교차로,승용차,자전거,127.044381,37.66411,1.0,3,3,0,3
2023,8,16,15,주,수,충북,차량단독,안전운전 의무 불이행,단일로,승용차,없음,128.0641999,37.14199979,1.0,0,0,0,0
2023,8,16,16,주,수,제주,차량단독,안전운전 의무 불이행,단일로,원동기장치자전거,없음,126.4866799,33.24094263,1.0,0,0,0,0
2023,8,16,22,야,수,서울,차량단독,안전운전 의무 불이행,단일로,승용차,없음,126.8983853,37.51130944,1.7,6,2,0,3
2023,8,16,23,야,수,경기,차대사람,기타,교차로,승용차,보행자,127.0296603,37.25851026,1.0,2,1,0,4
2023,8,17,3,야,목,인천,차대사람,신호위반,단일로,승용차,보행자,126.7324624,37.48699391,1.0,10,2,1,4