발생년,발생월,발생일,발생시,주야,요일,발생지시도,사고유형_대분류,가해자법규위반,도로형태_대분류,가해자_당사자종별,피해자_당사자종별,경도,위도,사상자수,반경500m카메라수,반경500m학교수,반경500m전광판수,반경500m사고건수
2023,9,14,9,주,목,제주,차대차,안전운전 의무 불이행,단일로,승용차,원동기장치자전거,126.3180026,33.4606475,1.0,0,0,0,1
2023,9,14,9,주,목,대전,차대사람,안전운전 의무 불이행,교차로,화물차,보행자,127.4276299,36.45352205,1.0,19,0,0,3
2023,9,14,12,주,목,전남,차량단독,안전운전 의무 불이행,교차로,화물차,없음,126.606676,35.15439214,1.0,0,0,0,0
2023,9,15,3,야,금,충북,차대사람,안전운전 의무 불이행,교차로,화물차,보행자,127.4872397,36.61936767,1.0,3,1,0,4
2023,9,15,3,야,금,대구,차대사람,기타,교차로,승용차,보행자,128.5828355,35.84161881,1.0,6,1,1,1
2023,9,15,11,주,금,전남,차량단독,안전운전 의무 불이행,단일로,화물차,없음,126.365395,34.83449305,1.0,2,0,0,0
2023,9,15,12,주,금,제주,차량단독,안전운전 의무 불이행,단일로,화물차,없음,126.8994064,33.41222578,1.0,0,1,0,0
2023,9,15,13,주,금,충남,차량단독,안전운전 의무 불이행,단일로,승용차,없음,126.4280221,36.6938739,1.0,0,0,0,0
2023,9,15,23,야,금,충북,차대사람,기타,교차로,이륜차,보행자,127.4722194,36.65285578,1.0,3,1,0,1
2023,9,16,0,야,토,경기,차량단독,안전운전 의무 불이행,단일로,개인형이동장치(PM),없음,127.1287402,37.64768587,1.0,7,0,1,1
2023,9,16,14,주,토,서울,차대사람,안전운전 의무 불이행,단일로,자전거,보행자,126.9166314,37.51341999,1.0,4,4,0,2
2023,9,16,16,주,토,대전,차대사람,안전운전 의무 불이행,교차로,승용차,보행자,127.4375447,36.32166903,1.0,5,0,0,3
2023,9,16,23,야,토,대전,차대사람,안전운전 의무 불이행,교차로,승용차,보행자,127.3219276,36.30118678,1.0,4,1,1,4
2023,9,17,0,야,일,경기,차대차,안전운전 의무 불이행,단일로,승용차,건설기계,126.7087031,37.33714874,1.0,0,0,0,0
2023,9,17,5,야,일,경기,차대차,중앙선 침범,단일로,승용차,승합차,126.7593943,37.66995658,3.7,22,5,1,2
2023,9,17,6,주,일,경북,차대차,기타,교차로,화물차,이륜차,129.3649144,36.0360425,1.0,11,0,0,6
2023,9,17,7,주,일,경북,차량단독,안전운전 의무 불이행,단일로,화물차,없음,128.3872018,35.99245985,1.0,0,0,1,1
2023,9,17,9,주,일,강원,차량단독,안전운전 의무 불이행,단일로,이륜차,없음,128.3066326,37.15574133,1.0,0,0,0,0
2023,9,17,9,주,일,충북,차량단독,안전운전 의무 불이행,단일로,화물차,없음,127.8240614,36.12166848,1.0,0,0,0,0
2023,9,17,16,주,일,경기,차대차,신호위반,교차로,승합차,이륜차,127.1513952,37.42998729,1.0,9,3,0,4
2023,9,17,16,주,일,충북,차량단독,안전운전 의무 불이행,단일로,농기계,없음,127.4163825,36.65947368,1.0,0,0,0,0
2023,9,17,17,주,일,전북,차량단독,안전운전 의무 불이행,교차로,승용차,없음,127.0532818,35.95625769,1.0,1,0,0,0
2023,9,17,18,야,일,대구,차대사람,보행자 보호의무 위반,단일로,승용차,보행자,128.6835661,36.17953706,1.0,0,0,0,0
2023,9,17,19,야,일,전북,차량단독,안전운전 의무 불이행,교차로,화물차,없음,126.8404144,35.60277467,1.0,2,0,0,1
2023,9,17,23,야,일,서울,차량단독,안전운전 의무 불이행,단일로,화물차,없음,126.8986204,37.55391739,1.0,4,0,0,0
2023,9,18,5,야,월,충북,차대사람,안전운전 의무 불이행,교차로,승용차,보행자,127.4670612,36.62751336,1.0,5,1,0,0
2023,9,18,7,주,월,경기,차대사람,신호위반,단일로,이륜차,보행자,126.9918403,37.4221891,1.3,9,3,1,2
2023,9,18,8,주,월,경기,차대사람,신호위반,기타,승용차,보행자,126.9043858,37.42963171,2.2,3,1,0,2
2023,9,18,8,주,월,경남,차량단독,안전운전 의무 불이행,단일로,농기계,없음,127.9459954,35.30773716,1.0,0,0,0,0
2023,9,18,9,주,월,경기,차량단독,안전운전 의무 불이행,단일로,이륜차,없음,127.3527241,37.08753402,1.0,0,0,0,1
2023,9,18,10,주,월,서울,차대차,신호위반,교차로,화물차,자전거,127.0411625,37.60118407,1.0,8,1,0,2
2023,9,18,11,주,월,경남,차량단독,안전운전 의무 불이행,단일로,이륜차,없음,128.5712026,35.21379421,1.0,13,0,0,2
2023,9,18,14,주,월,경남,차대사람,안전운전 의무 불이행,교차로,화물차,보행자,128.5576572,35.23420965,1.0,0,1,0,0
2023,9,18,16,주,월,전북,차대차,안전운전 의무 불이행,단일로,화물차,이륜차,127.666877,35.86934593,1.0,0,0,0,0
2023,9,18,21,야,월,경남,차대차,안전거리 미확보,단일로,특수차,승용차,128.296353,35.2753979,1.0,0,0,0,0
2023,9,18,22,야,월,세종,차대차,안전운전 의무 불이행,기타,화물차,화물차,127.2289769,36.48581726,1.0,0,0,1,0
2023,9,18,23,야,월,경기,차량단독,안전운전 의무 불이행,단일로,이륜차,없음,127.1900403,37.90971453,1.0,0,0,1,0
2023,9,19,0,야,화,경북,차대사람,안전운전 의무 불이행,단일로,승용차,보행자,129.2210046,35.99097627,1.0,2,1,0,2
2023,9,19,7,주,화,전남,차량단독,안전운전 의무 불이행,단일로,원동기장치자전거,없음,127.344668,34.49403739,1.0,0,0,0,0
2023,9,19,8,주,화,인천,차대차,안전거리 미확보,교차로,승용차,이륜차,126.7188764,37.45233812,1.0,18,2,0,0
2023,9,19,9,주,화,전남,차량단독,안전운전 의무 불이행,기타,농기계,없음,126.8749466,34.97628909,1.0,1,0,0,0
2023,9,19,14,주,화,경기,차량단독,안전운전 의무 불이행,기타,개인형이동장치(PM),없음,126.8589434,37.3041754,1.0,9,2,0,2
2023,9,19,14,주,화,충북,차대차,기타,단일로,화물차,승용차,127.9834286,36.21111603,2.4,0,0,0,0
2023,9,19,15,주,화,전남,차량단독,안전운전 의무 불이행,단일로,화물차,없음,127.095051,34.83364589,1.0,1,0,0,0
2023,9,19,17,주,화,경북,차대차,안전운전 의무 불이행,단일로,화물차,화물차,128.2499366,35.91860168,1.3,0,0,0,1
2023,9,19,19,야,화,충남,차대사람,안전운전 의무 불이행,교차로,승용차,보행자,126.6220905,36.51416807,1.0,1,0,0,2
2023,9,19,21,야,화,경기,차대차,안전운전 의무 불이행,단일로,이륜차,승용차,126.7130827,37.35342059,1.0,0,0,0,2
2023,9,20,0,야,수,전북,차대차,기타,단일로,승용차,승용차,127.6466525,35.84056571,1.0,0,0,0,0
2023,9,20,6,주,수,경남,차대차,안전운전 의무 불이행,교차로,승용차,승용차,127.9166864,34.91655864,1.0,0,0,0,0
2023,9,20,8,주,수,부산,차대사람,안전운전 의무 불이행,단일로,화물차,보행자,129.0600371,35.13715564,1.0,8,2,0,5
2023,9,20,13,주,수,경기,차량단독,안전운전 의무 불이행,단일로,이륜차,없음,126.8688004,37.84147289,1.0,0,0,0,0
2023,9,20,14,주,수,충남,차대사람,안전운전 의무 불이행,단일로,이륜차,보행자,127.127987,36.79029467,1.0,25,4,0,2
2023,9,20,19,야,수,경기,차대사람,안전운전 의무 불이행,교차로,승합차,보행자,126.7883079,37.52018865,1.0,2,4,0,1
2023,9,20,19,야,수,전북,차대사람,안전운전 의무 불이행,단일로,화물차,보행자,127.3692412,35.39730541,1.7,1,0,1,0
2023,9,20,19,야,수,경북,차량단독,안전운전 의무 불이행,단일로,승용차,없음,128.9267821,35.96465464,1.0,2,2,0,1
2023,9,20,21,야,수,전남,차대사람,안전운전 의무 불이행,단일로,승용차,보행자,127.571194,34.8804604,1.0,2,1,0,1
2023,9,21,5,야,목,충남,차대사람,안전운전 의무 불이행,단일로,승용차,보행자,127.114652,36.71133709,1.0,1,1,0,0
2023,9,21,5,야,목,제주,차대차,안전운전 의무 불이행,단일로,승용차,승용차,126.4192166,33.43265606,2.9,0,0,0,1
2023,9,21,15,주,목,대전,차대차,안전운전 의무 불이행,단일로,자전거,승용차,127.4307945,36.37074525,1.0,16,2,0,2
2023,9,21,23,야,목,경기,차량단독,안전운전 의무 불이행,단일로,승용차,없음,126.804736,37.15066904,1.0,0,0,0,0
2023,9,22,9,주,금,전북,차량단독,안전운전 의무 불이행,단일로,승용차,없음,126.8261962,35.5446215,1.3,0,0,0,0
2023,9,22,9,주,금,대구,차대차,안전운전 의무 불이행,단일로,화물차,자전거,128.6177188,35.86166569,1.0,2,2,0,1
2023,9,22,15,주,금,대구,차대차,안전운전 의무 불이행,교차로,건설기계,이륜차,128.5372417,35.84358977,1.0,12,1,0,1
2023,9,22,15,주,금,인천,차대사람,안전운전 의무 불이행,교차로,승용차,보행자,126.7351132,37.40554675,1.0,16,4,0,6
2023,9,22,17,주,금,경기,차대사람,보행자 보호의무 위반,교차로,승용차,보행자,126.7669431,37.51205403,1.0,4,5,0,1
2023,9,22,18,야,금,전남,차대차,신호위반,교차로,승용차,원동기장치자전거,127.5296499,34.95756877,1.3,5,2,0,0
2023,9,22,19,야,금,경기,차대차,안전운전 의무 불이행,단일로,화물차,승합차,127.1791775,37.01221045,2.5999999999999996,0,0,0,0
2023,9,22,21,야,금,부산,차량단독,안전운전 의무 불이행,교차로,승용차,없음,129.158331,35.35068779,1.3,1,0,0,0
2023,9,22,23,야,금,경기,차대차,신호위반,교차로,이륜차,승용차,127.2262736,37.01292337,1.6,4,1,0,0
2023,9,23,0,야,토,경북,차대차,안전운전 의무 불이행,단일로,승합차,개인형이동장치(PM),129.1770045,35.88625233,1.0,2,1,0,0
2023,9,23,1,야,토,경기,차량단독,안전운전 의무 불이행,단일로,승용차,없음,127.1182607,37.22139389,1.0,1,0,0,0
2023,9,23,4,야,토,경기,차대차,안전운전 의무 불이행,단일로,승용차,승합차,126.7698622,37.33516237,1.3,2,0,0,4
2023,9,23,8,주,토,대전,차대사람,안전운전 의무 불이행,교차로,화물차,보행자,127.4252962,36.44325222,1.0,3,3,1,4
2023,9,23,10,주,토,경기,차대사람,안전운전 의무 불이행,단일로,승용차,보행자,127.0273881,37.28284785,1.7,2,0,0,2
2023,9,23,10,주,토,인천,차대차,안전운전 의무 불이행,단일로,승합차,건설기계,126.688924,37.38658078,13.399999999999999,5,0,0,1
2023,9,23,12,주,토,충남,차대차,교차로 통행방법 위반,교차로,승용차,이륜차,126.7759387,36.80590842,1.0,2,1,0,0
2023,9,23,14,주,토,경북,차량단독,안전운전 의무 불이행,단일로,이륜차,없음,129.4805808,35.98630343,1.0,0,0,0,0
2023,9,23,19,야,토,서울,차대사람,안전운전 의무 불이행,기타,승용차,보행자,127.0361573,37.51135395,1.0,26,1,0,2
2023,9,24,0,야,일,충북,차량단독,안전운전 의무 불이행,단일로,이륜차,없음,127.6283146,36.7647906,1.0,0,0,0,0
2023,9,24,0,야,일,대구,차대차,기타,단일로,승용차,승용차,128.4373219,35.70434877,1.6,1,0,0,1
2023,9,24,0,야,일,경남,차대사람,보행자 보호의무 위반,교차로,승용차,보행자,128.418432,34.83065452,1.0,2,3,0,1
2023,9,24,5,야,일,부산,차대차,안전거리 미확보,단일로,승용차,화물차,128.9744675,35.20510918,1.6,0,0,1,1
2023,9,24,5,야,일,경기,차대사람,신호위반,교차로,승용차,보행자,127.0347754,37.277622,1.0,4,1,1,1
2023,9,24,11,주,일,충남,차대차,교차로 통행방법 위반,교차로,승용차,이륜차,126.4301835,36.75918459,1.0,3,0,0,0
2023,9,24,14,주,일,경기,차량단독,안전운전 의무 불이행,단일로,승용차,없음,127.1230054,37.77735092,1.0,0,0,1,2
2023,9,24,17,주,일,경남,차대차,중앙선 침범,단일로,화물차,승용차,128.228482,35.19463797,2.0,0,0,0,0
2023,9,24,20,야,일,경기,차대사람,기타,단일로,승용차,보행자,127.1472237,37.82576351,1.0,3,1,0,2
2023,9,24,22,야,일,서울,차대차,중앙선 침범,단일로,승용차,승합차,127.0434645,37.46526879,1.6,1,0,3,3
2023,9,25,8,주,월,경기,차대차,안전운전 의무 불이행,단일로,화물차,화물차,126.9688327,37.00704746,1.0,0,0,1,1
2023,9,25,12,주,월,경기,차대차,기타,단일로,건설기계,건설기계,127.4730389,37.40854065,1.0,0,0,0,1
2023,9,25,13,주,월,전북,차대사람,안전운전 의무 불이행,교차로,승용차,보행자,127.3859302,35.40903519,1.0,9,1,0,1
2023,9,25,14,주,월,경북,차량단독,안전운전 의무 불이행,단일로,승합차,없음,129.3772299,36.05971131,1.0,9,3,0,1
2023,9,25,14,주,월,인천,차대차,안전운전 의무 불이행,단일로,화물차,화물차,126.7393327,37.43298427,1.0,0,0,0,2
2023,9,25,15,주,월,대구,차대사람,안전운전 의무 불이행,단일로,화물차,보행자,128.6377943,35.8954569,1.0,2,2,1,2
2023,9,25,17,주,월,경기,차대사람,안전운전 의무 불이행,교차로,승합차,보행자,126.9409083,37.37595323,1.0,9,1,1,1
2023,9,25,18,야,월,경기,차대사람,안전운전 의무 불이행,단일로,승용차,보행자,127.0657,37.97579172,1.0,2,0,0,0
2023,9,26,6,주,화,강원,차량단독,안전운전 의무 불이행,단일로,화물차,없음,128.9363637,37.35081404,1.3,1,1,0,1
2023,9,26,7,주,화,경남,차량단독,안전운전 의무 불이행,단일로,이륜차,없음,128.1503651,35.25034736,1.0,0,0,0,0
2023,9,26,15,주,화,경남,차량단독,안전운전 의무 불이행,단일로,승용차,없음,128.1643034,35.61790521,1.0,0,0,0,0
2023,9,26,18,야,화,충남,차대사람,안전운전 의무 불이행,단일로,승용차,보행자,127.1338456,36.8380635,1.0,12,5,0,0
2023,9,26,20,야,화,충북,차대사람,안전운전 의무 불이행,단일로,승용차,보행자,127.4492364,36.7583493,1.7,2,0,0,0
2023,9,26,23,야,화,경북,차대차,안전운전 의무 불이행,단일로,화물차,화물차,128.344555,36.12736082,1.7,2,0,0,1
2023,9,27,8,주,수,경기,차대차,안전운전 의무 불이행,단일로,승합차,자전거,127.362933,37.80446325,1.0,0,0,0,0
2023,9,27,13,주,수,광주,차대차,안전운전 의무 불이행,교차로,승용차,자전거,126.9108801,35.15030201,1.0,0,1,0,4
2023,9,27,16,주,수,서울,차량단독,안전운전 의무 불이행,교차로,화물차,없음,126.9159024,37.45010506,1.0,6,6,0,0
2023,9,27,16,주,수,인천,차량단독,안전운전 의무 불이행,기타,이륜차,없음,126.7146739,37.38167092,1.0,0,0,0,3
2023,9,27,19,야,수,경기,차대사람,안전운전 의무 불이행,교차로,승용차,보행자,127.0175061,37.27047694,1.0,2,2,0,3
2023,9,27,23,야,수,경기,차대사람,안전운전 의무 불이행,단일로,승용차,보행자,127.6316689,37.11313487,1.0,5,1,0,1
2023,9,28,2,야,목,경북,차량단독,안전운전 의무 불이행,교차로,승용차,없음,129.2696966,35.79571135,1.0,0,0,0,2
2023,9,28,3,야,목,경기,차량단독,안전운전 의무 불이행,단일로,이륜차,없음,126.9718348,37.26605446,1.0,1,1,0,0
2023,9,28,3,야,목,대전,차량단독,기타,단일로,이륜차,없음,127.3784263,36.34665938,2.0,10,2,1,1
2023,9,28,21,야,목,서울,차량단독,안전운전 의무 불이행,기타,이륜차,없음,126.9957628,37.51633515,1.0,2,0,0,1
2023,9,28,22,야,목,전남,차대사람,안전운전 의무 불이행,교차로,승용차,보행자,126.7481908,34.86740807,1.0,0,0,0,0
2023,9,28,22,야,목,경북,차대사람,안전운전 의무 불이행,기타,승용차,보행자,128.8217246,35.88496363,1.0,2,1,0,1
2023,9,29,15,주,금,대구,차량단독,안전운전 의무 불이행,단일로,원동기장치자전거,없음,128.5990771,35.91044074,1.0,2,0,0,1
2023,9,29,22,야,금,전남,차대사람,기타,단일로,승용차,보행자,126.3859578,34.72044457,1.0,0,0,0,0
2023,9,30,4,야,토,전북,차대사람,기타,기타,승용차,보행자,127.1227463,35.82269798,1.0,5,2,0,1
2023,9,30,4,야,토,전남,차대사람,안전운전 의무 불이행,단일로,승용차,보행자,127.5820989,34.95235056,1.0,6,0,0,1
2023,9,30,4,야,토,경기,차대사람,안전운전 의무 불이행,교차로,승용차,보행자,127.1330447,37.61142933,1.0,16,2,2,2
2023,9,30,5,야,토,경기,차대사람,안전운전 의무 불이행,교차로,승용차,보행자,127.1088436,37.3357682,1.0,10,4,2,0
2023,9,30,7,주,토,경기,차대차,기타,교차로,승합차,자전거,127.4177848,37.73677072,1.0,3,1,0,1
2023,9,30,9,주,토,경북,차량단독,안전운전 의무 불이행,단일로,이륜차,없음,128.4310777,36.1488252,1.0,2,0,0,1
2023,9,30,12,주,토,충남,차대사람,안전운전 의무 불이행,교차로,이륜차,보행자,126.4511376,36.77944612,1.0,11,2,0,2
2023,9,30,14,주,토,경북,차량단독,안전운전 의무 불이행,단일로,이륜차,없음,129.2690143,36.4499081,1.0,0,0,0,0
2023,9,30,16,주,토,전북,차대차,기타,교차로,승용차,승용차,127.1251852,35.90667243,2.3,0,0,0,0
2023,10,1,2,야,일,전남,차대사람,안전운전 의무 불이행,단일로,승용차,보행자,126.8231814,34.43345525,1.0,1,0,0,1
2023,10,1,3,야,일,부산,차량단독,기타,단일로,이륜차,없음,129.0175792,35.15231908,1.0,11,2,0,4
2023,10,1,5,야,일,전남,차대사람,안전운전 의무 불이행,단일로,승용차,보행자,126.3156304,34.86391902,1.0,2,2,0,2
2023,10,1,15,주,일,경기,차대차,안전운전 의무 불이행,교차로,화물차,자전거,126.7912993,37.59270142,1.0,1,0,1,1
2023,10,1,19,야,일,충북,차대사람,안전운전 의무 불이행,기타,승용차,보행자,127.4816377,36.75658279,3.2,1,0,1,2
2023,10,1,22,야,일,경기,차대사람,안전운전 의무 불이행,단일로,화물차,보행자,127.1041165,37.277099,1.0,7,1,3,2
2023,10,2,1,야,월,인천,차대사람,안전운전 의무 불이행,단일로,승용차,보행자,126.6685609,37.45369838,1.0,8,3,1,5
2023,10,2,7,주,월,경북,차대차,교차로 통행방법 위반,단일로,화물차,농기계,128.6007706,35.66556695,1.0,0,0,0,1
2023,10,2,7,주,월,경남,차량단독,안전운전 의무 불이행,교차로,승용차,없음,128.5634136,35.18771469,1.0,4,1,0,1
2023,10,2,9,주,월,인천,차량단독,안전운전 의무 불이행,단일로,이륜차,없음,126.5099011,37.73841851,1.0,1,0,0,1
2023,10,2,17,주,월,전북,차대차,안전운전 의무 불이행,단일로,승용차,원동기장치자전거,127.1053768,35.84725623,1.0,3,1,0,0
2023,10,2,18,야,월,경북,차대차,안전운전 의무 불이행,단일로,화물차,농기계,128.3486726,36.04420872,1.0,1,0,1,0
2023,10,2,18,야,월,경남,차량단독,안전운전 의무 불이행,단일로,이륜차,없음,128.9914976,35.25512006,1.0,0,0,0,0
2023,10,2,18,야,월,경기,차대사람,보행자 보호의무 위반,교차로,이륜차,보행자,127.238489,37.64897168,1.0,14,3,1,0
2023,10,2,22,야,월,경남,차대사람,기타,교차로,승용차,보행자,128.7040279,34.91038848,1.0,2,0,1,0
2023,10,3,0,야,화,경남,차대사람,기타,단일로,승용차,보행자,128.0597155,35.17382263,1.0,9,0,0,2
2023,10,3,4,야,화,충남,차대차,안전운전 의무 불이행,단일로,화물차,화물차,127.1132263,36.66513139,1.0,0,0,0,0
2023,10,3,4,야,화,경북,차대차,안전운전 의무 불이행,단일로,승용차,화물차,128.0609582,36.74695039,1.0,0,0,0,1
2023,10,3,11,주,화,경기,차대사람,안전운전 의무 불이행,단일로,승용차,보행자,126.879112,37.19509748,1.0,1,0,0,0
2023,10,3,17,주,화,충남,차량단독,안전운전 의무 불이행,단일로,화물차,없음,126.8822016,36.21287789,1.0,0,0,0,1
2023,10,3,19,야,화,경남,차대차,안전운전 의무 불이행,단일로,화물차,농기계,128.5126467,35.48474662,1.0,3,1,0,1
2023,10,3,19,야,화,인천,차대차,신호위반,교차로,이륜차,화물차,126.658782,37.47883983,1.0,6,0,1,0
2023,10,3,20,야,화,전북,차량단독,안전운전 의무 불이행,단일로,승용차,없음,126.7590845,36.01012259,1.0,0,1,0,0
2023,10,3,23,야,화,경기,차량단독,안전운전 의무 불이행,기타,개인형이동장치(PM),없음,127.1945486,37.56357161,1.0,2,0,0,3
2023,10,4,2,야,수,강원,차대사람,안전운전 의무 불이행,단일로,특수차,보행자,128.0040785,37.28013104,1.0,0,0,1,0
2023,10,4,5,야,수,대구,차대사람,안전운전 의무 불이행,교차로,화물차,보행자,128.5711922,35.87410742,1.0,2,3,0,3
2023,10,4,7,주,수,인천,차대사람,안전거리 미확보,교차로,화물차,보행자,126.728207,37.54326407,1.0,6,5,0,2
2023,10,4,8,주,수,전남,차량단독,안전운전 의무 불이행,기타,화물차,없음,126.510695,34.854319,1.0,0,0,0,0
2023,10,4,12,주,수,강원,차량단독,안전운전 의무 불이행,단일로,자전거,없음,129.0118128,37.70834899,1.0,0,0,0,0
2023,10,4,13,주,수,경기,차대사람,안전운전 의무 불이행,교차로,화물차,보행자,127.0633026,37.84020965,1.0,12,1,0,0
2023,10,4,23,야,수,경남,차대사람,안전운전 의무 불이행,단일로,화물차,보행자,128.0965418,35.17140163,1.0,7,1,0,2
2023,10,5,8,주,목,전북,차대사람,안전운전 의무 불이행,교차로,건설기계,보행자,126.6750913,35.97107742,1.0,1,0,0,2
2023,10,5,11,주,목,강원,차량단독,신호위반,기타,화물차,없음,128.8183747,37.22826359,2.3,7,0,0,0
2023,10,5,15,주,목,경기,차대사람,보행자 보호의무 위반,교차로,승합차,보행자,126.7760265,37.48302355,1.0,4,0,0,6
2023,10,6,4,야,금,충북,차량단독,안전운전 의무 불이행,단일로,이륜차,없음,127.7420625,36.39938719,1.0,2,1,0,0
2023,10,6,7,주,금,전남,차대사람,안전운전 의무 불이행,단일로,승용차,보행자,127.3624743,34.8257565,1.0,0,0,1,0
2023,10,6,7,주,금,경남,차대사람,안전운전 의무 불이행,단일로,승용차,보행자,128.5753673,35.23383719,1.0,9,1,0,5
2023,10,6,8,주,금,전북,차량단독,안전운전 의무 불이행,단일로,이륜차,없음,127.3356787,35.42311564,1.0,2,0,0,0
2023,10,6,9,주,금,경기,차대사람,보행자 보호의무 위반,단일로,승합차,보행자,127.0867101,36.99169625,1.0,26,1,0,3
2023,10,6,9,주,금,충남,차대차,안전운전 의무 불이행,교차로,승용차,화물차,127.2354118,36.92223166,2.6999999999999997,1,0,1,0
2023,10,6,9,주,금,전남,차대차,안전운전 의무 불이행,교차로,이륜차,화물차,126.5683937,34.69712428,1.0,0,0,0,1
2023,10,6,16,주,금,서울,차대차,중앙선 침범,단일로,승용차,승용차,126.9825807,37.60298782,2.7,1,0,0,0
2023,10,6,16,주,금,광주,차대차,안전거리 미확보,단일로,자전거,승용차,126.7896251,35.14612613,1.6,1,0,0,0
2023,10,6,19,야,금,인천,차대차,안전운전 의무 불이행,기타,승용차,이륜차,126.7174517,37.50765341,1.6,3,0,0,1
2023,10,6,23,야,금,경북,차량단독,안전운전 의무 불이행,단일로,이륜차,없음,128.3602396,36.12673533,1.0,1,2,0,1
2023,10,7,0,야,토,제주,차대사람,안전운전 의무 불이행,단일로,승용차,보행자,126.4062018,33.48397767,1.0,2,0,0,0
2023,10,7,3,야,토,충남,차대사람,안전운전 의무 불이행,단일로,승용차,보행자,127.1513983,36.79830753,1.0,7,0,0,4
2023,10,7,3,야,토,경남,차대사람,안전운전 의무 불이행,교차로,승용차,보행자,128.5892336,35.22133346,1.0,7,0,1,2
2023,10,7,7,주,토,서울,차대차,중앙선 침범,단일로,승용차,원동기장치자전거,126.9167415,37.58789882,2.0,9,1,0,2
2023,10,7,11,주,토,전남,차대차,안전운전 의무 불이행,단일로,사륜오토바이(ATV),승용차,127.6334337,34.78372945,1.0,1,0,0,0
2023,10,7,12,주,토,경기,차대차,신호위반,교차로,자전거,승합차,126.8895498,37.65260337,1.0,10,1,1,2
2023,10,7,15,주,토,전북,차량단독,안전운전 의무 불이행,단일로,승용차,없음,127.3330051,36.12014217,2.4,0,0,0,0
2023,10,7,15,주,토,광주,차량단독,안전운전 의무 불이행,단일로,승용차,없음,126.7305702,35.23165135,2.0,0,0,0,0
2023,10,7,16,주,토,경북,차량단독,안전운전 의무 불이행,단일로,승용차,없음,129.0319244,35.85916215,1.0,0,0,0,0
2023,10,7,18,야,토,경북,차대사람,보행자 보호의무 위반,교차로,승용차,보행자,128.8271061,35.91202241,1.0,0,1,0,1
2023,10,7,19,야,토,충남,차대사람,안전운전 의무 불이행,교차로,승합차,보행자,126.7279673,36.00242529,2.0,1,0,0,2
2023,10,8,4,야,일,경기,차대차,신호위반,교차로,승용차,이륜차,127.0430935,37.76121397,1.0,8,0,2,2
2023,10,8,8,주,일,전남,차대차,중앙선 침범,단일로,승용차,승용차,126.9190955,35.29015861,4.2,1,0,0,0
2023,10,8,9,주,일,경기,차대차,신호위반,교차로,이륜차,승용차,127.4972701,37.2807716,1.3,0,0,0,0
2023,10,8,13,주,일,부산,차대사람,안전운전 의무 불이행,단일로,승합차,보행자,129.1047552,35.196555,1.0,2,0,2,0
2023,10,8,13,주,일,광주,차대차,신호위반,교차로,승용차,승용차,126.7970787,35.13468194,4.6,7,2,0,1
2023,10,8,15,주,일,강원,차대사람,안전운전 의무 불이행,기타,승용차,보행자,128.5153096,38.16869199,3.3999999999999995,0,0,0,0
2023,10,8,19,야,일,대구,차대차,신호위반,교차로,화물차,이륜차,128.5713112,35.87965097,1.0,1,2,0,2
2023,10,8,20,야,일,부산,차대차,신호위반,교차로,화물차,이륜차,128.9646091,35.10440058,1.0,7,1,0,2
2023,10,8,21,야,일,강원,차대사람,안전운전 의무 불이행,기타,화물차,보행자,128.7606531,37.46538362,1.0,0,0,0,0
2023,10,8,22,야,일,서울,차대차,안전운전 의무 불이행,교차로,이륜차,승용차,126.945561,37.55673402,1.6,14,1,0,1
2023,10,9,5,야,월,경북,차대차,안전운전 의무 불이행,단일로,승용차,기타,129.2364765,35.72385965,2.0,0,0,0,0
2023,10,9,8,주,월,경기,차량단독,안전운전 의무 불이행,기타,화물차,없음,127.1505812,37.63866707,1.0,5,0,1,1
2023,10,9,15,주,월,충남,차대차,중앙선 침범,단일로,이륜차,승용차,126.3452795,36.52357359,1.3,2,0,0,0
2023,10,9,17,주,월,충남,차대차,안전운전 의무 불이행,단일로,농기계,자전거,126.7022386,36.66882092,1.0,0,0,0,0
2023,10,9,20,야,월,경기,차대차,안전운전 의무 불이행,단일로,승용차,승용차,127.3373845,37.25200439,3.6999999999999997,0,0,0,0
2023,10,9,21,야,월,경북,차대차,안전운전 의무 불이행,교차로,승용차,자전거,129.2213022,35.98935836,1.0,2,0,0,3
2023,10,10,7,주,화,인천,차량단독,안전운전 의무 불이행,단일로,특수차,없음,126.6171137,37.51651823,1.0,0,0,0,0
2023,10,10,12,주,화,충남,차대차,중앙선 침범,단일로,승용차,승용차,126.7198894,36.83884437,1.3,0,0,0,1
2023,10,10,14,주,화,대전,차대사람,안전운전 의무 불이행,단일로,승용차,보행자,127.440541,36.27845931,1.0,0,0,0,0
2023,10,10,14,주,화,광주,차대차,기타,단일로,승용차,이륜차,126.8229384,35.18777693,1.0,15,3,0,0
2023,10,10,15,주,화,경남,차량단독,안전운전 의무 불이행,단일로,승용차,없음,127.8822446,35.16353884,1.0,0,0,0,0
2023,10,10,16,주,화,경기,차대차,안전운전 의무 불이행,교차로,화물차,화물차,127.4291573,37.11256483,1.3,1,0,0,0
2023,10,10,16,주,화,충남,차대사람,안전운전 의무 불이행,단일로,승용차,보행자,126.9923419,36.78405977,1.0,8,2,0,1