발생년,발생월,발생일,발생시,주야,요일,발생지시도,사고유형_대분류,가해자법규위반,도로형태_대분류,가해자_당사자종별,피해자_당사자종별,경도,위도,사상자수,반경500m카메라수,반경500m학교수,반경500m전광판수,반경500m사고건수
2023,10,10,16,주,화,전남,차대차,기타,교차로,이륜차,승용차,127.6763487,34.98527228,1.3,0,0,0,0
2023,10,10,18,야,화,충남,차대사람,보행자 보호의무 위반,단일로,승용차,보행자,126.6110431,36.34412696,1.0,1,0,0,0
2023,10,10,19,야,화,경북,차대사람,안전운전 의무 불이행,단일로,승용차,보행자,128.1914843,36.57841782,1.0,5,0,0,1
2023,10,11,0,야,수,경남,차대사람,안전운전 의무 불이행,교차로,승용차,보행자,128.7123373,34.86355321,1.0,0,0,0,0
2023,10,11,1,야,수,울산,차대사람,안전운전 의무 불이행,교차로,화물차,보행자,129.312976,35.55853146,1.0,4,0,0,3
2023,10,11,3,야,수,인천,차대사람,안전운전 의무 불이행,단일로,승용차,보행자,126.6750489,37.49089735,1.0,4,0,0,1
2023,10,11,5,야,수,서울,차대사람,안전운전 의무 불이행,교차로,승용차,보행자,127.0684666,37.63615097,1.0,6,3,0,1
2023,10,11,8,주,수,전남,차량단독,안전운전 의무 불이행,단일로,자전거,없음,127.7276202,34.75284822,1.0,1,3,0,2
2023,10,11,8,주,수,대구,차대차,신호위반,교차로,화물차,승용차,128.4787586,36.25734003,1.3,0,1,0,0
2023,10,11,10,주,수,부산,차대차,안전운전 의무 불이행,단일로,건설기계,이륜차,129.0682936,35.17447472,1.0,7,4,2,1
2023,10,11,12,주,수,전남,차대차,안전운전 의무 불이행,교차로,화물차,이륜차,126.6490098,34.56180012,1.0,0,0,0,0
2023,10,11,17,주,수,경북,차대차,중앙선 침범,단일로,승용차,이륜차,129.0711169,36.37106204,1.0,0,0,0,0
2023,10,11,19,야,수,강원,차대사람,안전운전 의무 불이행,단일로,승용차,보행자,128.015271,37.75607909,1.0,1,0,0,0
2023,10,11,20,야,수,대전,차대사람,안전운전 의무 불이행,교차로,승용차,보행자,127.4379517,36.34232362,1.0,11,1,0,4
2023,10,11,23,야,수,서울,차대차,안전운전 의무 불이행,기타,승용차,승합차,127.0983231,37.53657635,1.0,10,0,5,1
2023,10,11,23,야,수,경기,차대사람,안전운전 의무 불이행,단일로,승용차,보행자,126.7647904,37.49618596,1.0,4,5,0,1
2023,10,11,23,야,수,전북,차량단독,안전운전 의무 불이행,단일로,승용차,없음,127.1211234,35.87064958,1.0,7,0,0,0
2023,10,12,0,야,목,충북,차대차,안전운전 의무 불이행,기타,승용차,특수차,127.6528617,37.1403234,1.3,0,0,0,1
2023,10,12,5,야,목,부산,차대사람,안전운전 의무 불이행,교차로,승용차,보행자,129.0250305,35.08271078,1.0,4,2,0,2
2023,10,12,5,야,목,전북,차대차,안전운전 의무 불이행,단일로,승용차,이륜차,126.8094246,35.76568623,1.0,0,0,0,2
2023,10,12,5,야,목,전북,차량단독,안전운전 의무 불이행,단일로,화물차,없음,126.626619,35.76965482,1.0,0,0,0,0
2023,10,12,6,주,목,충북,차대차,안전운전 의무 불이행,기타,화물차,자전거,127.562494,36.7862174,1.0,0,0,1,2
2023,10,12,7,주,목,경북,차대차,중앙선 침범,단일로,승용차,자전거,129.4528285,35.76744535,1.0,0,0,0,0
2023,10,12,9,주,목,경기,차대차,중앙선 침범,단일로,승용차,승용차,127.0691159,37.24918674,1.7,11,4,0,3
2023,10,12,13,주,목,전북,차대사람,보행자 보호의무 위반,교차로,승용차,보행자,126.7156219,35.9762718,1.0,8,4,0,2
2023,10,12,13,주,목,경북,차대차,안전운전 의무 불이행,단일로,승합차,화물차,128.2191255,36.41414548,1.3,0,0,0,1
2023,10,12,14,주,목,강원,차대차,안전운전 의무 불이행,단일로,승용차,건설기계,128.7823549,37.23590597,1.0,0,0,0,0
2023,10,12,18,야,목,충남,차대사람,안전운전 의무 불이행,단일로,화물차,보행자,127.0814823,36.68748909,1.0,0,0,0,0
2023,10,12,22,야,목,경기,차대차,안전운전 의무 불이행,단일로,승용차,승용차,126.9282191,36.9910747,1.7,11,2,1,1
2023,10,12,23,야,목,부산,차대차,안전운전 의무 불이행,단일로,이륜차,화물차,129.0765438,35.22978887,1.0,3,2,0,0
2023,10,12,23,야,목,전북,차대차,기타,단일로,승용차,승용차,127.1546719,35.89720384,3.0999999999999996,0,0,1,0
2023,10,13,0,야,금,경북,차대사람,안전운전 의무 불이행,단일로,승용차,보행자,128.4125866,36.03209119,1.0,0,0,0,0
2023,10,13,1,야,금,경기,차량단독,안전운전 의무 불이행,단일로,이륜차,없음,127.0434028,37.05323155,1.0,15,3,0,0
2023,10,13,5,야,금,부산,차대사람,안전운전 의무 불이행,단일로,승용차,보행자,129.2307021,35.27307637,1.0,3,0,4,0
2023,10,13,5,야,금,경남,차량단독,안전운전 의무 불이행,단일로,이륜차,없음,129.0461915,35.35334675,1.3,1,1,0,1
2023,10,13,10,주,금,서울,차대사람,안전운전 의무 불이행,단일로,승용차,보행자,127.0661987,37.6499872,1.0,4,8,0,2
2023,10,13,14,주,금,경기,차대사람,보행자 보호의무 위반,단일로,승용차,보행자,127.4655458,37.28787866,1.0,4,1,0,0
2023,10,13,19,야,금,경남,차대사람,안전운전 의무 불이행,단일로,승용차,보행자,128.1616256,35.55685208,1.7,0,0,0,0
2023,10,13,23,야,금,서울,차대사람,안전운전 의무 불이행,교차로,승합차,보행자,127.0958627,37.50588574,1.0,4,1,0,2
2023,10,13,23,야,금,인천,차량단독,안전운전 의무 불이행,단일로,이륜차,없음,126.6678536,37.44814109,2.0,6,0,0,3
2023,10,14,2,야,토,제주,차대사람,안전운전 의무 불이행,교차로,승용차,보행자,126.4302333,33.4842055,1.0,2,0,0,0
2023,10,14,3,야,토,경기,차대사람,기타,교차로,승용차,보행자,126.7953216,37.32508616,1.6,14,1,2,2
2023,10,14,8,주,토,경남,차량단독,안전운전 의무 불이행,교차로,승용차,없음,128.5088998,35.41509997,1.0,0,0,0,1
2023,10,14,10,주,토,강원,차대차,안전운전 의무 불이행,교차로,승용차,자전거,128.843977,37.73229182,1.0,0,0,1,0
2023,10,14,15,주,토,전남,차량단독,안전운전 의무 불이행,기타,농기계,없음,126.403522,34.89434634,1.0,0,0,0,0
2023,10,14,17,주,토,강원,차량단독,안전운전 의무 불이행,교차로,사륜오토바이(ATV),없음,127.9971747,38.0855166,1.0,0,0,0,0
2023,10,14,19,야,토,충남,차대사람,안전운전 의무 불이행,단일로,승용차,보행자,127.102395,36.17267392,1.0,2,0,0,0
2023,10,14,22,야,토,경기,차량단독,안전운전 의무 불이행,단일로,승용차,없음,127.3626834,37.25483078,1.0,0,0,0,1
2023,10,14,23,야,토,경남,차량단독,안전운전 의무 불이행,단일로,승용차,없음,129.0286215,35.31738961,1.0,7,1,1,2
2023,10,15,10,주,일,충북,차대차,기타,단일로,승용차,승합차,128.1591674,37.13062072,3.8,0,0,0,0
2023,10,15,10,주,일,경남,차대차,안전운전 의무 불이행,교차로,화물차,화물차,128.0432631,34.94178537,1.3,0,0,0,0
2023,10,15,12,주,일,경남,차대사람,중앙선 침범,단일로,승용차,보행자,128.9262028,35.35828462,1.0,0,0,0,0
2023,10,15,14,주,일,전북,차량단독,안전운전 의무 불이행,단일로,이륜차,없음,126.47824,35.81669321,1.0,0,0,0,0
2023,10,15,15,주,일,서울,차대차,신호위반,단일로,화물차,승용차,127.0457727,37.68877582,3.6999999999999997,0,1,0,2
2023,10,15,20,야,일,경기,차량단독,안전운전 의무 불이행,단일로,개인형이동장치(PM),없음,126.8222329,37.33353603,1.0,5,2,0,1
2023,10,16,0,야,월,경기,차대차,안전운전 의무 불이행,단일로,승용차,화물차,127.1990626,37.69382738,1.0,2,0,0,1
2023,10,16,5,야,월,전북,차대사람,기타,단일로,승용차,보행자,126.6729944,35.6659102,1.0,1,0,0,1
2023,10,16,12,주,월,경남,차대사람,안전운전 의무 불이행,단일로,승용차,보행자,128.6764648,35.21678427,1.0,7,3,0,2
2023,10,16,13,주,월,충남,차대차,안전운전 의무 불이행,교차로,승용차,이륜차,126.6238331,36.39706776,1.0,0,0,0,1
2023,10,16,15,주,월,전북,차량단독,안전운전 의무 불이행,단일로,농기계,없음,127.4762447,35.77792692,1.0,2,0,0,0
2023,10,16,17,주,월,경기,차대사람,안전운전 의무 불이행,단일로,화물차,보행자,127.2324227,37.54183268,1.0,0,0,0,1
2023,10,16,21,야,월,충남,차대차,안전운전 의무 불이행,단일로,화물차,화물차,127.1147396,36.58821183,3.3,0,0,0,0
2023,10,17,1,야,화,경북,차량단독,안전운전 의무 불이행,교차로,원동기장치자전거,없음,128.4498608,35.8209884,1.0,1,1,0,1
2023,10,17,4,야,화,전남,차량단독,안전운전 의무 불이행,단일로,화물차,없음,127.1186427,35.2603127,1.3,1,0,0,0
2023,10,17,9,주,화,강원,차대차,안전운전 의무 불이행,교차로,승용차,화물차,127.829758,37.31793649,1.7,0,0,0,1
2023,10,17,10,주,화,경기,차대차,신호위반,교차로,이륜차,화물차,126.795554,37.47523674,1.0,8,2,0,3
2023,10,17,10,주,화,전남,차량단독,안전운전 의무 불이행,단일로,화물차,없음,126.3432792,34.85036212,1.0,0,0,0,0
2023,10,17,11,주,화,경기,차대차,안전운전 의무 불이행,교차로,승용차,건설기계,127.2114826,37.88379349,1.3,3,0,0,1
2023,10,17,14,주,화,경기,차대사람,안전운전 의무 불이행,교차로,승용차,보행자,126.8290325,37.33434096,1.0,9,1,0,1
2023,10,17,15,주,화,경기,차량단독,안전운전 의무 불이행,단일로,특수차,없음,127.4175439,37.37949045,1.0,0,0,0,0
2023,10,17,17,주,화,전북,차대사람,보행자 보호의무 위반,교차로,화물차,보행자,126.710608,35.98299168,1.0,8,2,0,4
2023,10,17,23,야,화,충북,차대사람,기타,단일로,승용차,보행자,127.6982119,36.93988518,1.0,0,1,0,0
2023,10,18,1,야,수,서울,차대차,신호위반,교차로,이륜차,승합차,126.9595689,37.4779125,1.0,14,3,0,1
2023,10,18,9,주,수,경남,차대차,안전운전 의무 불이행,교차로,화물차,자전거,128.1158244,35.17566936,1.0,0,1,0,4
2023,10,18,11,주,수,충남,차대차,안전운전 의무 불이행,단일로,화물차,화물차,126.6198259,36.1494626,1.6,0,0,1,0
2023,10,18,15,주,수,전북,차대차,기타,교차로,원동기장치자전거,승용차,126.7725172,35.84489967,1.3,0,0,0,0
2023,10,18,15,주,수,전북,차대차,기타,단일로,화물차,화물차,126.7978038,35.49476988,3.5,0,0,0,0
2023,10,18,15,주,수,전북,차대차,안전운전 의무 불이행,기타,화물차,화물차,126.794417,35.48744677,2.3,0,0,0,0
2023,10,18,17,주,수,경기,차대사람,신호위반,교차로,승용차,보행자,127.0440242,37.72240663,1.7,8,2,1,3
2023,10,18,18,야,수,충남,차대차,안전운전 의무 불이행,단일로,승용차,농기계,127.564199,36.04250696,2.0,0,0,0,0
2023,10,18,20,야,수,경기,차대차,안전운전 의무 불이행,기타,승용차,화물차,127.2086259,36.99515906,1.0,0,0,0,0
2023,10,18,21,야,수,충남,차대차,기타,교차로,개인형이동장치(PM),승용차,127.0037205,36.78007823,1.0,25,1,0,2
2023,10,19,0,야,목,경기,차대차,안전운전 의무 불이행,기타,화물차,승용차,126.8956433,37.13406776,1.6,0,0,0,0
2023,10,19,5,야,목,충남,차대사람,안전운전 의무 불이행,단일로,승용차,보행자,127.3006458,36.75721051,1.0,2,0,0,0
2023,10,19,7,주,목,경기,차대차,신호위반,교차로,자전거,화물차,126.8039216,37.52413946,1.0,6,1,0,1
2023,10,19,7,주,목,경기,차대차,안전운전 의무 불이행,교차로,승용차,화물차,127.1534255,37.57775349,1.3,1,0,1,2
2023,10,19,18,야,목,인천,차대차,안전운전 의무 불이행,단일로,승용차,승합차,126.4041428,37.67414878,1.7,1,0,0,1
2023,10,19,20,야,목,강원,차대사람,안전운전 의무 불이행,교차로,화물차,보행자,127.7482109,37.88249736,1.0,10,1,0,3
2023,10,19,21,야,목,대전,차대차,중앙선 침범,단일로,승용차,이륜차,127.3429748,36.35842823,1.0,10,2,0,2
2023,10,20,3,야,금,경북,차량단독,안전운전 의무 불이행,단일로,화물차,없음,129.1611189,36.74649384,1.0,0,0,0,0
2023,10,20,9,주,금,서울,차대사람,안전운전 의무 불이행,교차로,승용차,보행자,126.8981726,37.57580875,1.0,6,0,0,5
2023,10,20,9,주,금,전북,차대차,안전운전 의무 불이행,단일로,화물차,이륜차,127.1987617,35.40620675,1.0,0,0,0,0
2023,10,20,14,주,금,경북,차대차,신호위반,교차로,이륜차,화물차,128.4557516,36.65122418,1.0,5,1,0,1
2023,10,20,18,야,금,광주,차량단독,안전운전 의무 불이행,단일로,이륜차,없음,126.9279308,35.17213283,1.0,5,1,0,4
2023,10,20,21,야,금,경기,차대사람,안전운전 의무 불이행,단일로,승용차,보행자,126.9636002,37.40437045,1.0,2,3,0,2
2023,10,21,0,야,토,인천,차대차,기타,교차로,승용차,이륜차,126.7398429,37.40376552,1.0,12,1,0,7
2023,10,21,8,주,토,충북,차대차,안전운전 의무 불이행,단일로,승합차,승합차,127.6399232,36.47428717,12.2,0,0,1,0
2023,10,21,12,주,토,충북,차대차,중앙선 침범,교차로,승용차,이륜차,127.5493107,36.30634887,1.0,1,0,0,0
2023,10,21,14,주,토,강원,차량단독,안전운전 의무 불이행,단일로,화물차,없음,128.993135,37.26776691,1.0,0,0,0,0
2023,10,21,14,주,토,전북,차대차,안전운전 의무 불이행,단일로,승용차,특수차,126.7868817,35.98295539,1.7,0,0,1,0
2023,10,21,19,야,토,충남,차대사람,안전운전 의무 불이행,단일로,승용차,보행자,126.4971411,36.78271846,1.0,3,0,0,1
2023,10,21,20,야,토,경북,차량단독,안전운전 의무 불이행,단일로,화물차,없음,128.7237868,36.95723576,1.0,0,0,0,0
2023,10,22,0,야,일,부산,차량단독,안전운전 의무 불이행,단일로,이륜차,없음,129.1226981,35.19247505,1.0,8,2,1,2
2023,10,22,2,야,일,대구,차대사람,안전운전 의무 불이행,단일로,승용차,보행자,128.5319315,35.82772273,1.3,6,2,1,0
2023,10,22,9,주,일,경북,차대차,중앙선 침범,단일로,승용차,승용차,128.6781492,36.592495,1.3,0,0,0,0
2023,10,22,10,주,일,전북,차대차,안전운전 의무 불이행,단일로,이륜차,승용차,127.1931106,35.79402838,1.0,1,0,0,1
2023,10,22,14,주,일,경남,차대차,안전운전 의무 불이행,단일로,이륜차,화물차,128.5971933,35.20208334,1.0,0,0,0,0
2023,10,22,16,주,일,경기,차대차,신호위반,교차로,이륜차,이륜차,127.0930417,37.74560587,1.0,12,4,0,0
2023,10,22,20,야,일,충남,차대차,중앙선 침범,교차로,화물차,이륜차,126.6195754,36.68359939,1.3,1,0,0,0
2023,10,22,20,야,일,대구,차량단독,안전운전 의무 불이행,단일로,개인형이동장치(PM),없음,128.5191212,35.81288391,1.0,11,2,0,1
2023,10,23,12,주,월,경기,차대차,안전거리 미확보,단일로,건설기계,승용차,126.8189222,37.35013835,1.0,2,1,1,4
2023,10,23,15,주,월,경남,차대차,신호위반,교차로,이륜차,승용차,127.8824456,35.1853506,1.0,0,1,0,0
2023,10,23,18,야,월,전북,차대차,안전운전 의무 불이행,단일로,승용차,농기계,127.2301831,35.58747095,1.0,0,0,0,1
2023,10,23,19,야,월,경북,차대차,안전운전 의무 불이행,단일로,화물차,화물차,129.1531342,36.07035011,1.0,0,0,0,1
2023,10,24,1,야,화,경북,차량단독,안전운전 의무 불이행,교차로,승용차,없음,129.2929779,36.41924546,1.0,0,0,0,1
2023,10,24,7,주,화,서울,차대사람,안전운전 의무 불이행,교차로,화물차,보행자,127.0729997,37.64019645,1.0,5,4,0,1
2023,10,24,13,주,화,경북,차량단독,안전운전 의무 불이행,교차로,사륜오토바이(ATV),없음,129.2293044,35.98195037,1.0,0,0,0,0
2023,10,24,16,주,화,부산,차대차,중앙선 침범,단일로,승용차,승용차,129.0336522,35.2096753,3.2,6,2,2,3
2023,10,24,16,주,화,경남,차대사람,안전운전 의무 불이행,단일로,이륜차,보행자,128.5065797,35.54095941,1.0,0,2,0,0
2023,10,24,17,주,화,서울,차대사람,기타,단일로,승용차,보행자,127.0365523,37.48222356,1.0,7,2,0,3
2023,10,24,18,야,화,경기,차량단독,안전운전 의무 불이행,단일로,화물차,없음,127.4641961,37.27936905,1.0,2,1,0,0
2023,10,24,18,야,화,강원,차대사람,안전운전 의무 불이행,단일로,화물차,보행자,128.9384877,37.34970665,1.0,1,1,0,1
2023,10,25,7,주,수,울산,차대차,안전거리 미확보,단일로,화물차,승용차,129.1677543,35.65477501,1.9,3,1,1,1
2023,10,25,11,주,수,전북,차대사람,안전운전 의무 불이행,단일로,화물차,보행자,126.5559488,35.4247399,1.0,1,0,0,0
2023,10,25,13,주,수,대구,차대사람,안전운전 의무 불이행,단일로,화물차,보행자,128.7017671,36.17939177,1.0,0,0,0,1
2023,10,25,13,주,수,경남,차대차,안전운전 의무 불이행,단일로,승용차,농기계,127.7100939,35.49612533,1.0,0,0,0,0
2023,10,25,16,주,수,서울,차량단독,안전운전 의무 불이행,교차로,화물차,없음,127.0331421,37.65548535,1.7,4,5,0,0
2023,10,25,18,야,수,경기,차대사람,보행자 보호의무 위반,교차로,승용차,보행자,126.8266438,37.29715455,1.0,3,1,1,1
2023,10,25,18,야,수,대구,차대사람,기타,단일로,승용차,보행자,128.448602,35.72997394,1.0,1,0,0,2
2023,10,25,21,야,수,경기,차대차,안전운전 의무 불이행,기타,승용차,농기계,127.1551066,37.12004392,1.0,0,0,0,0
2023,10,25,22,야,수,충북,차대차,기타,단일로,화물차,화물차,127.4291878,36.56873685,1.6,0,0,0,1
2023,10,26,0,야,목,강원,차량단독,기타,단일로,원동기장치자전거,없음,128.9144232,37.76619298,1.7,5,1,1,3
2023,10,26,9,주,목,경북,차대사람,안전운전 의무 불이행,단일로,화물차,보행자,129.0462962,36.52857715,1.0,6,1,0,3
2023,10,26,11,주,목,경기,차대사람,안전운전 의무 불이행,단일로,화물차,보행자,126.7723085,37.48852598,1.0,5,2,0,2
2023,10,26,11,주,목,강원,차대사람,보행자 보호의무 위반,교차로,특수차,보행자,128.8917811,37.75446684,1.0,19,2,2,2
2023,10,26,11,주,목,대구,차대사람,안전운전 의무 불이행,교차로,승용차,보행자,128.6272645,35.87564983,1.0,4,0,0,2
2023,10,26,17,주,목,광주,차량단독,안전운전 의무 불이행,단일로,자전거,없음,126.9479955,35.16055787,1.0,0,0,0,0
2023,10,26,20,야,목,부산,차대사람,안전운전 의무 불이행,교차로,승용차,보행자,128.9762298,35.13613202,1.0,4,2,0,2
2023,10,26,20,야,목,경기,차량단독,안전운전 의무 불이행,단일로,승용차,없음,126.7855385,37.45810497,1.7,0,0,0,0
2023,10,27,0,야,금,경북,차대사람,기타,교차로,승용차,보행자,128.6096718,36.8093175,1.0,4,1,0,3
2023,10,27,9,주,금,충북,차대차,중앙선 침범,단일로,승용차,화물차,127.371291,36.67890573,1.7,0,0,0,0
2023,10,27,10,주,금,강원,차량단독,안전운전 의무 불이행,단일로,화물차,없음,128.646291,38.05185865,1.0,1,0,0,0
2023,10,27,11,주,금,서울,차대사람,안전운전 의무 불이행,교차로,화물차,보행자,126.9010322,37.51849765,1.0,2,1,0,4
2023,10,27,16,주,금,전북,차대사람,안전운전 의무 불이행,단일로,화물차,보행자,126.9238686,35.87415714,1.0,2,1,0,0
2023,10,27,16,주,금,제주,차대사람,기타,단일로,승용차,보행자,126.6260788,33.27084488,1.0,0,0,0,0
2023,10,27,18,야,금,충북,차대사람,안전운전 의무 불이행,단일로,화물차,보행자,127.757301,36.67406366,1.0,0,0,0,0
2023,10,27,19,야,금,경남,차대사람,안전운전 의무 불이행,단일로,화물차,보행자,128.2519717,34.9860294,1.0,1,0,0,0
2023,10,27,21,야,금,대구,차대사람,안전운전 의무 불이행,교차로,승합차,보행자,128.5919169,35.89261917,1.0,8,2,0,1
2023,10,28,6,주,토,울산,차량단독,안전거리 미확보,단일로,이륜차,없음,129.3975663,35.51335327,1.7,0,0,0,0
2023,10,28,9,주,토,경기,차대사람,보행자 보호의무 위반,기타,화물차,보행자,126.8131429,37.33261829,1.0,11,2,0,4
2023,10,28,10,주,토,경남,차대차,중앙선 침범,단일로,화물차,화물차,127.7631637,35.76672265,2.4,0,0,0,0
2023,10,28,11,주,토,울산,차대차,중앙선 침범,단일로,특수차,승용차,129.2826299,35.47844196,1.7,0,0,0,2
2023,10,28,13,주,토,경북,차량단독,안전운전 의무 불이행,단일로,화물차,없음,128.2927048,36.7354548,1.0,0,0,0,0
2023,10,28,19,야,토,경기,차대차,안전운전 의무 불이행,단일로,화물차,승용차,127.324175,37.645435,1.3,0,0,0,0
2023,10,29,1,야,일,경기,차대사람,안전운전 의무 불이행,단일로,승용차,보행자,126.8937782,37.62750505,1.0,1,0,1,0
2023,10,29,9,주,일,충남,차량단독,안전운전 의무 불이행,단일로,농기계,없음,126.7416276,36.06474745,1.0,0,0,0,0
2023,10,29,12,주,일,경기,차대차,안전거리 미확보,단일로,승합차,승용차,126.7959919,37.63683166,1.6,0,0,2,0
2023,10,30,8,주,월,서울,차대사람,안전운전 의무 불이행,단일로,승용차,보행자,126.9568088,37.48734608,1.0,24,3,0,4
2023,10,30,9,주,월,충북,차대사람,안전운전 의무 불이행,단일로,승용차,보행자,128.4104601,37.11117251,1.0,0,0,0,0
2023,10,30,16,주,월,충남,차대차,중앙선 침범,단일로,화물차,이륜차,127.3779767,36.14861402,1.0,0,0,0,0
2023,10,30,18,야,월,부산,차대차,중앙선 침범,단일로,자전거,승용차,128.9256592,35.11315096,1.0,3,2,0,1
2023,10,30,18,야,월,충남,차대차,기타,단일로,승용차,농기계,126.859635,36.27622771,1.7,0,0,0,1
2023,10,30,19,야,월,서울,차대차,안전운전 의무 불이행,단일로,승용차,이륜차,126.9050937,37.54426972,1.0,0,0,0,3
2023,10,30,19,야,월,경북,차대사람,안전운전 의무 불이행,단일로,화물차,보행자,128.9245024,35.96244598,1.0,4,2,0,2
2023,10,30,19,야,월,대구,차대사람,안전운전 의무 불이행,단일로,승용차,보행자,128.6414331,35.89036465,1.0,3,3,0,1
2023,10,30,20,야,월,경기,차대사람,보행자 보호의무 위반,교차로,승합차,보행자,127.1047655,37.40304273,1.0,10,0,3,1
2023,10,30,23,야,월,경기,차량단독,중앙선 침범,교차로,이륜차,없음,127.0573223,37.87669919,1.0,2,0,0,1
2023,10,31,2,야,화,강원,차대차,안전운전 의무 불이행,단일로,승용차,승용차,127.728087,37.90224059,1.3,3,1,0,1
2023,10,31,6,주,화,경북,차대차,안전운전 의무 불이행,교차로,승용차,이륜차,128.8172678,35.91618766,1.0,9,3,0,2
2023,10,31,10,주,화,충북,차량단독,안전운전 의무 불이행,단일로,승용차,없음,127.7030635,37.03717876,1.0,0,0,0,0
2023,10,31,11,주,화,경기,차대차,안전운전 의무 불이행,단일로,화물차,화물차,126.7547954,37.24904092,2.0,0,0,0,2
2023,10,31,15,주,화,경북,차대차,안전운전 의무 불이행,단일로,승용차,농기계,128.4220253,36.62813311,1.3,0,0,0,0
2023,10,31,18,야,화,충북,차대사람,안전운전 의무 불이행,단일로,승용차,보행자,127.7802252,36.42452853,1.0,2,1,0,0
2023,11,1,1,야,수,경기,차대차,안전운전 의무 불이행,기타,승용차,승용차,127.0552813,37.3965303,2.4,0,0,2,0
2023,11,1,6,주,수,서울,차대차,안전운전 의무 불이행,단일로,화물차,개인형이동장치(PM),127.0631499,37.49478172,1.0,19,5,0,0
2023,11,1,6,주,수,경기,차대사람,보행자 보호의무 위반,교차로,승합차,보행자,127.1214809,37.37519075,1.0,10,3,1,1
2023,11,1,7,주,수,경북,차대차,기타,교차로,화물차,원동기장치자전거,129.382985,36.92796167,1.0,1,0,0,0
2023,11,1,11,주,수,전북,차대차,기타,교차로,화물차,자전거,126.7144472,35.89325586,1.0,0,0,0,0
2023,11,1,13,주,수,경남,차대차,안전운전 의무 불이행,교차로,화물차,이륜차,128.1196535,35.18676779,1.0,8,2,1,3
2023,11,1,14,주,수,전남,차대사람,기타,단일로,승용차,보행자,127.3427598,34.83603983,2.0,2,4,0,1
2023,11,1,17,주,수,부산,차량단독,안전운전 의무 불이행,교차로,특수차,없음,129.0789536,35.11071885,1.0,7,0,0,0
2023,11,1,18,야,수,경북,차대사람,안전운전 의무 불이행,단일로,승용차,보행자,128.773732,35.66156244,1.0,0,0,0,1
2023,11,1,23,야,수,경남,차량단독,안전운전 의무 불이행,단일로,사륜오토바이(ATV),없음,129.0525742,35.43030457,1.0,0,0,0,0
2023,11,2,2,야,목,인천,차대차,안전운전 의무 불이행,단일로,승용차,승용차,126.67873,37.43567037,1.0,0,0,0,1
2023,11,2,6,주,목,전남,차대차,신호위반,교차로,자전거,승용차,126.3962154,34.79904177,1.0,3,2,0,6
2023,11,2,15,주,목,충북,차대차,중앙선 침범,교차로,승용차,화물차,127.9316714,37.02688593,2.6999999999999997,0,0,0,0
2023,11,2,15,주,목,충북,차대차,중앙선 침범,단일로,승용차,자전거,127.7313563,36.54948454,1.0,1,1,0,0
2023,11,2,18,야,목,강원,차대사람,안전운전 의무 불이행,단일로,승용차,보행자,127.9673321,37.50297559,1.0,0,0,0,0
2023,11,2,18,야,목,경북,차대차,안전운전 의무 불이행,기타,화물차,이륜차,127.9741751,36.67182904,1.0,0,0,0,0
2023,11,2,19,야,목,충남,차량단독,안전운전 의무 불이행,단일로,이륜차,없음,127.1072265,36.79306755,1.0,8,0,0,2
2023,11,2,21,야,목,경남,차대사람,보행자 보호의무 위반,단일로,승용차,보행자,128.4754938,35.3785063,1.0,0,0,0,0
2023,11,2,23,야,목,경기,차대사람,안전운전 의무 불이행,단일로,승용차,보행자,126.907957,37.41821132,1.6,11,1,0,1
2023,11,3,2,야,금,제주,차량단독,안전운전 의무 불이행,단일로,이륜차,없음,126.392274,33.47892957,1.0,0,0,0,0
2023,11,3,5,야,금,경남,차대사람,기타,단일로,승용차,보행자,128.9210537,35.23193996,1.0,4,2,0,0
2023,11,3,10,주,금,대구,차량단독,안전운전 의무 불이행,교차로,원동기장치자전거,없음,128.6798236,35.9538321,1.0,0,0,1,0
2023,11,3,17,주,금,경남,차대사람,기타,교차로,승용차,보행자,128.6177517,34.89101465,2.3,16,2,0,4
2023,11,3,20,야,금,전북,차대사람,안전운전 의무 불이행,단일로,이륜차,보행자,127.1650917,35.92525517,1.0,1,0,0,0
2023,11,4,4,야,토,충남,차량단독,안전운전 의무 불이행,단일로,승용차,없음,127.1288468,36.50420014,1.0,0,0,1,3
2023,11,4,6,주,토,경북,차대사람,보행자 보호의무 위반,교차로,승용차,보행자,128.8124435,35.90727024,1.0,5,0,1,0
2023,11,4,10,주,토,경기,차대차,신호위반,교차로,이륜차,승합차,126.9309559,37.39711505,1.0,3,1,0,4
2023,11,4,13,주,토,전남,차대차,안전운전 의무 불이행,단일로,화물차,승합차,126.7965428,34.38863842,1.9,0,0,0,1
2023,11,4,14,주,토,충남,차대차,안전운전 의무 불이행,단일로,승용차,화물차,127.1613956,36.33003185,1.6,0,0,0,1
2023,11,4,17,주,토,경기,차대차,중앙선 침범,단일로,이륜차,승용차,126.9958013,37.1695018,1.6,0,0,0,1