발생년,발생월,발생일,발생시,주야,요일,발생지시도,사고유형_대분류,가해자법규위반,도로형태_대분류,가해자_당사자종별,피해자_당사자종별,경도,위도,사상자수,반경500m카메라수,반경500m학교수,반경500m전광판수,반경500m사고건수
2023,11,4,22,야,토,인천,차량단독,안전운전 의무 불이행,단일로,이륜차,없음,126.4094909,37.65815523,1.0,0,0,0,0
2023,11,5,6,주,일,서울,차대사람,보행자 보호의무 위반,교차로,승용차,보행자,127.066755,37.6556857,1.0,4,3,0,2
2023,11,5,6,주,일,전남,차량단독,안전운전 의무 불이행,단일로,화물차,없음,127.0484339,34.42596328,1.0,0,0,0,0
2023,11,5,9,주,일,충북,차량단독,안전운전 의무 불이행,단일로,승용차,없음,127.6524462,37.14086478,1.0,0,0,0,1
2023,11,5,10,주,일,울산,차대차,안전운전 의무 불이행,단일로,승용차,자전거,129.3717829,35.6634232,1.0,0,0,0,0
2023,11,5,13,주,일,경북,차량단독,안전운전 의무 불이행,단일로,이륜차,없음,128.3528042,36.0783393,1.0,0,0,0,3
2023,11,5,14,주,일,충남,차량단독,안전운전 의무 불이행,교차로,이륜차,없음,127.2571599,36.36616408,1.0,0,0,0,0
2023,11,5,18,야,일,충남,차대사람,안전운전 의무 불이행,단일로,화물차,보행자,126.9616899,36.20167691,1.0,0,0,0,0
2023,11,5,23,야,일,전북,차량단독,안전운전 의무 불이행,단일로,승용차,없음,127.1517673,35.84689472,1.0,9,0,0,2
2023,11,6,0,야,월,서울,차량단독,안전운전 의무 불이행,단일로,승용차,없음,127.0767007,37.57917981,2.0,13,3,2,3
2023,11,6,4,야,월,경기,차대차,안전운전 의무 불이행,단일로,이륜차,화물차,127.0990234,37.20582617,1.0,3,1,0,0
2023,11,6,5,야,월,인천,차대차,기타,단일로,승용차,자전거,126.6910432,37.46577026,1.0,8,3,0,4
2023,11,6,6,주,월,전남,차대사람,보행자 보호의무 위반,단일로,화물차,보행자,127.4790871,34.97142146,1.0,0,0,0,0
2023,11,6,7,주,월,부산,차대차,안전운전 의무 불이행,단일로,승용차,승용차,128.9357877,35.22123519,2.3,3,1,2,2
2023,11,6,9,주,월,서울,차대사람,안전운전 의무 불이행,교차로,화물차,보행자,127.0519774,37.56594691,1.0,7,1,0,6
2023,11,6,18,야,월,경기,차대차,안전운전 의무 불이행,교차로,이륜차,화물차,128.7239215,35.82500125,1.0,11,2,0,2
2023,11,6,21,야,월,강원,차대차,중앙선 침범,단일로,화물차,화물차,128.0617428,37.46328318,1.0,1,1,0,0
2023,11,6,21,야,월,충남,차대사람,안전운전 의무 불이행,단일로,승용차,보행자,126.9796847,36.91213797,1.0,0,0,0,0
2023,11,7,0,야,화,전남,차대사람,기타,단일로,승용차,보행자,127.702104,34.93907167,1.0,2,0,0,2
2023,11,7,2,야,화,경기,차량단독,안전운전 의무 불이행,단일로,승용차,없음,126.867353,37.38319921,1.0,0,0,0,2
2023,11,7,3,야,화,강원,차량단독,안전운전 의무 불이행,단일로,승용차,없음,127.6092866,37.83136959,1.0,0,0,0,0
2023,11,7,6,주,화,전북,차대사람,안전운전 의무 불이행,단일로,화물차,보행자,126.7055534,35.51632399,1.0,2,0,0,0
2023,11,7,8,주,화,충남,차대차,안전운전 의무 불이행,단일로,원동기장치자전거,승용차,127.0481863,36.84533207,1.3,2,0,0,1
2023,11,7,13,주,화,경남,차량단독,안전운전 의무 불이행,단일로,농기계,없음,128.0612523,35.52689438,1.0,0,0,0,0
2023,11,7,20,야,화,경기,차대차,안전운전 의무 불이행,기타,승합차,승합차,127.1035436,37.3303783,17.5,4,3,3,5
2023,11,8,0,야,수,충북,차량단독,안전운전 의무 불이행,교차로,승용차,없음,127.6785894,36.09261833,1.0,0,0,0,0
2023,11,8,3,야,수,경기,차대차,신호위반,교차로,이륜차,화물차,126.7577554,37.30244828,1.7,0,0,0,0
2023,11,8,5,야,수,대전,차대사람,안전운전 의무 불이행,단일로,승용차,보행자,127.3795819,36.35608165,1.0,6,0,0,2
2023,11,8,6,주,수,경기,차대사람,기타,기타,승용차,보행자,126.7767947,37.30321515,1.0,0,0,0,0
2023,11,8,7,주,수,경기,차대차,안전운전 의무 불이행,기타,승용차,자전거,127.6315723,37.11587531,1.0,8,1,0,3
2023,11,8,8,주,수,경기,차대차,중앙선 침범,단일로,승용차,승합차,127.1205976,38.19978539,1.7,0,0,1,0
2023,11,8,11,주,수,경북,차대사람,안전운전 의무 불이행,기타,화물차,보행자,128.3047123,35.9120532,1.0,0,0,0,0
2023,11,8,11,주,수,경남,차대사람,안전운전 의무 불이행,교차로,이륜차,보행자,128.6896834,35.22213709,1.3,10,2,1,1
2023,11,8,13,주,수,충북,차량단독,안전운전 의무 불이행,단일로,승용차,없음,127.7619739,36.19115092,1.0,0,0,0,0
2023,11,8,18,야,수,전남,차대차,기타,단일로,승용차,농기계,126.8663363,35.05294502,1.7,0,0,0,0
2023,11,9,8,주,목,경기,차대차,안전운전 의무 불이행,단일로,승용차,화물차,127.3749505,37.24919257,1.7,0,0,0,1
2023,11,9,9,주,목,경남,차대사람,기타,단일로,화물차,보행자,128.587612,35.44013113,1.0,0,0,0,0
2023,11,9,11,주,목,경기,차대차,안전운전 의무 불이행,단일로,화물차,화물차,127.1782188,37.26023311,2.4,0,0,0,0
2023,11,9,15,주,목,서울,차대사람,보행자 보호의무 위반,교차로,화물차,보행자,127.0140108,37.61115239,1.0,5,4,0,2
2023,11,9,16,주,목,경북,차량단독,안전운전 의무 불이행,교차로,농기계,없음,129.1410993,36.55181024,1.0,0,0,0,0
2023,11,9,23,야,목,강원,차대사람,안전운전 의무 불이행,단일로,이륜차,보행자,128.8890987,37.75731043,1.0,8,3,1,2
2023,11,10,6,주,금,전북,차대차,신호위반,단일로,자전거,화물차,126.9355284,35.94350904,1.0,8,2,0,3
2023,11,10,6,주,금,경남,차대사람,기타,교차로,화물차,보행자,128.9039213,35.24399618,1.0,10,2,0,1
2023,11,10,6,주,금,경남,차대차,안전운전 의무 불이행,단일로,승용차,화물차,128.7056107,35.27897214,3.0,0,0,0,2
2023,11,10,7,주,금,경남,차대차,안전운전 의무 불이행,교차로,화물차,화물차,128.1641841,35.16019317,1.3,0,0,0,0
2023,11,10,8,주,금,대전,차대사람,안전운전 의무 불이행,단일로,승용차,보행자,127.4129772,36.30350553,1.0,0,0,0,0
2023,11,10,9,주,금,인천,차량단독,안전운전 의무 불이행,단일로,승용차,없음,126.5082209,37.5124633,1.0,0,0,0,0
2023,11,10,12,주,금,충남,차량단독,안전운전 의무 불이행,단일로,원동기장치자전거,없음,126.373321,36.75043865,1.0,2,1,0,0
2023,11,10,13,주,금,서울,차대차,신호위반,교차로,화물차,자전거,127.0739052,37.60468686,1.0,8,2,3,1
2023,11,10,14,주,금,경기,차대차,중앙선 침범,단일로,화물차,화물차,126.6501336,37.22211479,1.7,0,0,0,0
2023,11,10,14,주,금,경북,차량단독,안전운전 의무 불이행,단일로,화물차,없음,128.3864882,35.75250072,1.0,1,0,0,1
2023,11,11,1,야,토,충북,차량단독,안전운전 의무 불이행,단일로,승용차,없음,127.674623,36.2777065,1.0,4,0,0,1
2023,11,11,2,야,토,충북,차량단독,안전운전 의무 불이행,단일로,승용차,없음,127.521762,36.69510097,1.0,0,0,0,1
2023,11,11,5,야,토,대전,차대차,안전운전 의무 불이행,교차로,승용차,원동기장치자전거,127.3488405,36.33961162,1.0,4,0,0,0
2023,11,11,10,주,토,대구,차대사람,안전운전 의무 불이행,단일로,승용차,보행자,128.5551944,35.8647375,1.0,4,3,0,1
2023,11,11,13,주,토,대구,차대차,안전운전 의무 불이행,교차로,승용차,이륜차,128.4535066,35.69801863,1.0,5,3,0,0
2023,11,11,16,주,토,경남,차량단독,안전운전 의무 불이행,단일로,승용차,없음,127.8845885,35.02910257,1.0,0,0,0,0
2023,11,11,17,주,토,경북,차대사람,안전운전 의무 불이행,단일로,이륜차,보행자,128.6277749,36.81760252,1.0,6,2,0,1
2023,11,11,22,야,토,경북,차대사람,안전운전 의무 불이행,단일로,승합차,보행자,129.1414992,35.81910344,1.0,0,0,1,1
2023,11,12,1,야,일,부산,차대사람,안전운전 의무 불이행,교차로,승용차,보행자,129.1163689,35.14073589,1.0,1,0,0,2
2023,11,12,11,주,일,경기,차량단독,안전운전 의무 불이행,단일로,이륜차,없음,127.1509687,37.27080143,1.0,1,0,0,1
2023,11,12,17,주,일,경북,차대사람,안전운전 의무 불이행,단일로,승용차,보행자,128.6132171,36.81492728,1.0,4,1,0,2
2023,11,12,18,야,일,경북,차대차,신호위반,교차로,승용차,이륜차,129.2034826,35.74232545,2.7,1,0,0,1
2023,11,12,19,야,일,경북,차대차,안전운전 의무 불이행,단일로,승용차,자전거,128.5269381,35.93151781,1.0,0,0,1,0
2023,11,13,1,야,월,경기,차대차,안전운전 의무 불이행,단일로,승용차,자전거,127.1032067,36.99175254,1.7,13,4,0,1
2023,11,13,5,야,월,울산,차대사람,신호위반,교차로,승용차,보행자,129.3323393,35.52369268,1.0,4,2,0,0
2023,11,13,6,주,월,대구,차대사람,안전운전 의무 불이행,단일로,승용차,보행자,128.6411335,35.91349232,1.0,0,0,0,0
2023,11,13,10,주,월,경기,차대차,안전운전 의무 불이행,단일로,승용차,화물차,126.8920853,37.4160396,1.9,1,0,2,3
2023,11,13,11,주,월,제주,차대사람,안전운전 의무 불이행,단일로,특수차,보행자,126.5127404,33.49883386,1.0,0,1,1,0
2023,11,13,15,주,월,충북,차대차,안전운전 의무 불이행,기타,승용차,승용차,128.2621835,37.03223634,3.2,2,1,0,0
2023,11,13,16,주,월,전남,차대차,중앙선 침범,교차로,승용차,이륜차,126.4204742,34.81648217,1.0,11,2,0,3
2023,11,13,18,야,월,경기,차대사람,안전운전 의무 불이행,단일로,승용차,보행자,126.8339633,37.43547528,1.0,0,0,0,0
2023,11,13,19,야,월,경북,차대차,기타,단일로,승용차,이륜차,128.305461,35.92687013,1.0,0,0,0,0
2023,11,14,5,야,화,충남,차대사람,기타,단일로,승용차,보행자,127.1290783,36.79641905,1.0,13,1,0,5
2023,11,14,5,야,화,인천,차대차,안전운전 의무 불이행,단일로,이륜차,승용차,126.7243834,37.51679369,1.3,2,0,3,1
2023,11,14,8,주,화,경남,차량단독,안전운전 의무 불이행,단일로,승용차,없음,128.4060783,34.93567155,1.0,0,0,0,0
2023,11,14,10,주,화,경북,차량단독,안전운전 의무 불이행,교차로,농기계,없음,128.5553594,36.69253499,1.0,0,0,1,0
2023,11,14,14,주,화,대구,차량단독,안전운전 의무 불이행,기타,승용차,없음,128.4754042,35.72357472,1.3,0,0,0,0
2023,11,14,20,야,화,강원,차대사람,안전운전 의무 불이행,단일로,승용차,보행자,128.8392585,37.86010806,1.0,0,0,0,0
2023,11,15,0,야,수,전북,차대차,안전운전 의무 불이행,단일로,화물차,승용차,127.3401909,35.5366872,1.7,0,0,1,0
2023,11,15,6,주,수,경기,차대사람,신호위반,교차로,승합차,보행자,126.8810282,37.4262668,1.0,2,2,2,3
2023,11,15,6,주,수,전북,차대사람,안전운전 의무 불이행,교차로,승합차,보행자,126.8484603,35.57444392,1.0,5,1,0,2
2023,11,15,6,주,수,경남,차대사람,안전운전 의무 불이행,교차로,승합차,보행자,128.5672332,35.19927647,1.0,12,2,0,1
2023,11,15,8,주,수,부산,차대사람,보행자 보호의무 위반,교차로,승합차,보행자,129.0919078,35.13589357,1.0,6,1,1,4
2023,11,15,8,주,수,대구,차대차,안전운전 의무 불이행,기타,승용차,이륜차,128.5074693,35.83768533,1.0,2,0,0,2
2023,11,15,9,주,수,전북,차대차,안전운전 의무 불이행,단일로,승용차,화물차,127.0609207,35.91242323,1.0,0,0,0,0
2023,11,15,10,주,수,서울,차대차,안전운전 의무 불이행,교차로,승용차,이륜차,127.1443593,37.49560393,1.0,8,5,0,4
2023,11,15,10,주,수,경기,차대차,안전운전 의무 불이행,단일로,화물차,화물차,126.9651097,36.98495465,1.3,0,0,0,0
2023,11,15,12,주,수,충남,차대차,안전운전 의무 불이행,단일로,화물차,농기계,126.7566975,36.45465537,1.0,0,0,0,0
2023,11,15,18,야,수,강원,차대사람,보행자 보호의무 위반,교차로,승용차,보행자,128.1324699,37.41320669,2.0,0,0,0,1
2023,11,15,18,야,수,전남,차대사람,안전운전 의무 불이행,단일로,승용차,보행자,126.6849188,34.87867782,1.0,1,0,1,0
2023,11,15,20,야,수,부산,차대사람,안전운전 의무 불이행,단일로,승합차,보행자,129.0120924,35.15124265,1.0,7,3,1,5
2023,11,15,21,야,수,경기,차대차,신호위반,교차로,승용차,이륜차,127.2641782,37.00914658,1.0,5,1,0,1
2023,11,15,21,야,수,충북,차대사람,안전운전 의무 불이행,단일로,화물차,보행자,127.5418728,36.72609773,1.0,2,2,0,1
2023,11,16,5,야,목,부산,차대차,신호위반,교차로,이륜차,이륜차,129.0319915,35.15399499,1.3,3,1,0,3
2023,11,16,12,주,목,부산,차대사람,안전운전 의무 불이행,교차로,화물차,보행자,128.9770443,35.15569628,1.0,2,0,0,5
2023,11,16,18,야,목,전남,차대사람,안전운전 의무 불이행,단일로,승용차,보행자,126.7951939,35.31477408,1.0,0,0,1,0
2023,11,16,18,야,목,인천,차대사람,안전운전 의무 불이행,교차로,화물차,보행자,126.6866849,37.46516348,1.0,6,1,0,5
2023,11,16,22,야,목,경기,차대차,신호위반,교차로,이륜차,화물차,127.2606882,37.41060005,1.0,4,1,0,5
2023,11,16,23,야,목,대전,차대차,안전운전 의무 불이행,단일로,이륜차,화물차,127.3249325,36.34707982,1.0,1,1,1,2
2023,11,17,0,야,금,충북,차대차,안전운전 의무 불이행,단일로,승용차,개인형이동장치(PM),127.3189133,36.61624679,1.0,1,0,0,0
2023,11,17,8,주,금,경기,차량단독,안전운전 의무 불이행,단일로,화물차,없음,127.0761977,38.03124091,1.0,5,0,0,0
2023,11,17,11,주,금,경기,차대사람,안전운전 의무 불이행,교차로,건설기계,보행자,127.0268298,37.283738,1.0,3,0,0,3
2023,11,17,11,주,금,경북,차대사람,보행자 보호의무 위반,교차로,화물차,보행자,128.2946736,36.24010617,1.0,2,1,0,1
2023,11,17,11,주,금,경북,차대사람,보행자 보호의무 위반,교차로,화물차,보행자,128.490998,36.13693093,1.0,0,0,0,0
2023,11,17,15,주,금,전북,차대차,안전운전 의무 불이행,단일로,이륜차,건설기계,126.967259,36.0805861,1.0,3,3,0,3
2023,11,17,18,야,금,전북,차대사람,안전운전 의무 불이행,교차로,승용차,보행자,126.5685708,35.94774973,2.0,2,0,0,0
2023,11,18,0,야,토,경북,차대사람,안전운전 의무 불이행,단일로,승용차,보행자,128.6980282,36.56809291,1.0,3,1,0,2
2023,11,18,3,야,토,인천,차대사람,기타,단일로,승용차,보행자,126.6847453,37.44800644,1.0,8,3,0,0
2023,11,18,5,야,토,경기,차대차,안전운전 의무 불이행,단일로,화물차,승합차,126.9948461,37.80914722,1.3,0,0,0,0
2023,11,18,14,주,토,경남,차량단독,안전운전 의무 불이행,단일로,화물차,없음,127.9904234,35.28938711,1.0,0,0,0,2
2023,11,18,15,주,토,경북,차량단독,안전운전 의무 불이행,기타,자전거,없음,128.7040198,36.5595589,1.0,1,1,0,0
2023,11,18,22,야,토,강원,차량단독,안전운전 의무 불이행,단일로,승용차,없음,128.1685659,37.48849681,1.0,0,1,0,0
2023,11,19,5,야,일,인천,차대차,안전운전 의무 불이행,단일로,승용차,건설기계,126.6485009,37.50477891,1.3,0,0,0,0
2023,11,19,6,주,일,대구,차대사람,보행자 보호의무 위반,단일로,승용차,보행자,128.643122,35.82437249,1.0,3,3,0,1
2023,11,19,7,주,일,부산,차대차,안전운전 의무 불이행,기타,이륜차,승용차,128.9566267,35.21488227,1.0,3,1,0,2
2023,11,19,10,주,일,경기,차대차,안전운전 의무 불이행,단일로,원동기장치자전거,원동기장치자전거,127.3404984,37.98851756,1.3,0,0,0,0
2023,11,19,16,주,일,경남,차대사람,안전운전 의무 불이행,교차로,승용차,보행자,128.1103633,35.18554357,1.0,2,1,0,0
2023,11,19,18,야,일,대구,차량단독,기타,단일로,승용차,없음,128.6568838,35.98510453,4.4,0,0,0,0
2023,11,19,19,야,일,서울,차대사람,안전운전 의무 불이행,단일로,화물차,보행자,127.1150586,37.49132977,1.0,4,1,0,3
2023,11,19,21,야,일,경북,차대차,안전운전 의무 불이행,단일로,화물차,농기계,128.125073,36.56510892,1.0,0,0,0,0
2023,11,20,8,주,월,충남,차대사람,보행자 보호의무 위반,교차로,승용차,보행자,126.922979,36.28353705,1.0,6,2,0,0
2023,11,20,8,주,월,전북,차대차,안전운전 의무 불이행,기타,승용차,이륜차,126.6975297,35.47150438,1.0,0,0,0,0
2023,11,20,8,주,월,대구,차량단독,안전운전 의무 불이행,교차로,승용차,없음,128.5563637,35.82764569,1.3,1,0,0,1
2023,11,20,10,주,월,경기,차대차,안전운전 의무 불이행,교차로,이륜차,화물차,127.1761391,37.521294,1.0,1,0,0,0
2023,11,20,10,주,월,전북,차대차,안전운전 의무 불이행,기타,승용차,화물차,127.2616417,35.69536508,1.6,2,0,1,0
2023,11,20,11,주,월,강원,차대차,안전운전 의무 불이행,단일로,화물차,자전거,128.0573114,37.49542859,1.0,0,0,0,0
2023,11,20,11,주,월,대구,차대사람,안전운전 의무 불이행,교차로,승용차,보행자,128.4427713,35.69495661,1.0,1,0,0,2
2023,11,20,13,주,월,경기,차대사람,안전운전 의무 불이행,교차로,화물차,보행자,127.0028566,37.27877223,1.0,1,3,0,2
2023,11,20,17,주,월,충남,차대차,기타,단일로,화물차,자전거,126.4584049,36.7740563,1.0,5,0,0,1
2023,11,20,18,야,월,경북,차대사람,보행자 보호의무 위반,교차로,화물차,보행자,127.9469828,36.44319607,1.0,2,2,0,2
2023,11,20,18,야,월,경기,차대차,안전운전 의무 불이행,단일로,자전거,화물차,127.0494876,37.7814191,1.0,2,0,0,1
2023,11,20,23,야,월,경기,차대차,중앙선 침범,교차로,승용차,승용차,126.9762694,37.22010298,1.7,8,3,0,1
2023,11,21,0,야,화,전북,차대차,안전운전 의무 불이행,단일로,승용차,승용차,126.8265983,35.79267857,1.3,0,0,0,0
2023,11,21,1,야,화,경북,차대사람,기타,교차로,승용차,보행자,128.3761868,36.11077059,1.0,1,0,0,0
2023,11,21,6,주,화,충남,차대사람,안전운전 의무 불이행,단일로,승용차,보행자,126.4318534,36.86242202,1.0,4,3,0,2
2023,11,21,16,주,화,충남,차대차,안전운전 의무 불이행,단일로,화물차,농기계,127.0410338,36.91976467,1.0,0,0,0,0
2023,11,21,16,주,화,전남,차대차,안전거리 미확보,단일로,화물차,자전거,127.238321,34.80217898,1.0,0,0,1,0
2023,11,21,18,야,화,서울,차대차,신호위반,교차로,승합차,이륜차,127.0880631,37.59712978,1.0,14,1,14,2
2023,11,21,18,야,화,강원,차대사람,기타,기타,승용차,보행자,127.8141723,37.29089204,1.0,0,0,0,0
2023,11,21,18,야,화,경북,차량단독,안전운전 의무 불이행,교차로,승용차,없음,128.8212474,36.00676524,1.0,0,0,0,0
2023,11,21,23,야,화,서울,차대사람,안전운전 의무 불이행,단일로,승합차,보행자,126.9734934,37.55817785,1.0,3,0,0,2
2023,11,22,0,야,수,충북,차대차,안전운전 의무 불이행,불명,화물차,화물차,127.6628888,36.81100293,1.0,1,0,0,0
2023,11,22,5,야,수,전남,차량단독,안전운전 의무 불이행,단일로,화물차,없음,127.0137571,34.86947242,1.0,0,0,0,0
2023,11,22,6,주,수,강원,차대사람,신호위반,교차로,승용차,보행자,127.7265199,37.86222562,3.0,16,2,0,3
2023,11,22,6,주,수,경기,차대차,안전운전 의무 불이행,교차로,승용차,승용차,126.9072038,37.98039929,1.7,0,0,1,0
2023,11,22,7,주,수,강원,차대사람,보행자 보호의무 위반,단일로,승용차,보행자,127.9612776,37.34426802,1.0,3,4,0,1
2023,11,22,8,주,수,충북,차대사람,안전운전 의무 불이행,단일로,자전거,보행자,127.5670025,36.77683058,1.0,3,0,2,1
2023,11,22,15,주,수,전남,차대차,안전운전 의무 불이행,단일로,승용차,화물차,126.9941916,35.25041574,3.0999999999999996,0,0,0,0
2023,11,22,18,야,수,전남,차대사람,안전운전 의무 불이행,단일로,이륜차,보행자,127.5054896,34.98894408,1.3,3,0,1,0
2023,11,22,21,야,수,경기,차량단독,안전운전 의무 불이행,단일로,승용차,없음,127.11237,37.2931531,1.0,4,4,0,2
2023,11,22,21,야,수,전남,차대차,안전운전 의무 불이행,단일로,화물차,화물차,126.6255638,34.77360122,4.3999999999999995,0,0,0,1
2023,11,22,23,야,수,경기,차량단독,안전운전 의무 불이행,단일로,원동기장치자전거,없음,127.115771,37.60166687,1.0,1,0,0,1
2023,11,23,0,야,목,광주,차대사람,안전운전 의무 불이행,단일로,승용차,보행자,126.8272174,35.17900924,1.0,5,2,0,3
2023,11,23,1,야,목,충남,차대사람,안전운전 의무 불이행,단일로,승용차,보행자,127.1083106,36.78926693,1.0,5,0,0,3
2023,11,23,4,야,목,충남,차량단독,안전운전 의무 불이행,단일로,이륜차,없음,127.2344498,36.77200062,1.0,0,0,0,1
2023,11,23,6,주,목,경기,차대사람,기타,교차로,화물차,보행자,127.3645432,37.66276699,1.0,0,0,0,1
2023,11,23,7,주,목,충남,차대차,안전운전 의무 불이행,단일로,승용차,건설기계,126.9750848,36.25630713,1.0,0,0,1,0
2023,11,23,19,야,목,대구,차대차,안전운전 의무 불이행,단일로,승용차,화물차,128.720823,35.85686662,1.0,0,0,0,0
2023,11,24,4,야,금,경기,차대차,기타,단일로,자전거,승용차,126.9514108,37.39942909,1.7,9,4,0,1
2023,11,24,5,야,금,경기,차대차,신호위반,교차로,승용차,이륜차,126.7122808,37.32209269,1.0,2,0,1,0
2023,11,24,6,주,금,전북,차대사람,안전운전 의무 불이행,단일로,화물차,보행자,127.1725155,35.93137948,1.0,1,0,0,3
2023,11,24,7,주,금,광주,차대사람,안전운전 의무 불이행,단일로,승용차,보행자,126.9045204,35.17182164,1.0,3,2,0,4
2023,11,24,9,주,금,경남,차대차,중앙선 침범,단일로,화물차,승용차,128.579303,34.87145247,1.3,1,0,0,0
2023,11,24,15,주,금,대구,차량단독,안전운전 의무 불이행,단일로,화물차,없음,128.5991923,36.18304611,2.0,0,0,0,0
2023,11,24,16,주,금,강원,차대사람,신호위반,교차로,승용차,보행자,128.9224917,37.77193598,1.0,2,0,1,0
2023,11,24,16,주,금,대구,차대사람,안전운전 의무 불이행,단일로,승합차,보행자,128.5806506,35.95303515,1.0,0,1,0,0
2023,11,24,17,주,금,부산,차량단독,안전운전 의무 불이행,단일로,원동기장치자전거,없음,128.9790378,35.06315618,1.0,6,2,0,4
2023,11,24,18,야,금,충남,차량단독,안전운전 의무 불이행,단일로,승합차,없음,127.1612249,36.74317477,1.0,0,0,1,2
2023,11,24,20,야,금,충남,차대사람,안전운전 의무 불이행,교차로,승용차,보행자,127.0181447,36.78167904,1.0,28,1,0,3
2023,11,24,20,야,금,인천,차량단독,안전운전 의무 불이행,교차로,승용차,없음,126.6345101,37.48380217,1.6,20,2,0,2
2023,11,25,1,야,토,서울,차대차,중앙선 침범,기타,승용차,이륜차,126.8480279,37.49894609,1.0,4,0,0,4
2023,11,25,1,야,토,경남,차량단독,안전운전 의무 불이행,단일로,승용차,없음,128.6130341,34.88851514,1.0,8,2,0,5
2023,11,25,1,야,토,광주,차대차,안전운전 의무 불이행,단일로,승용차,자전거,126.8513246,35.21207968,1.0,7,2,0,0
2023,11,25,6,주,토,전남,차대차,안전운전 의무 불이행,단일로,화물차,화물차,127.04085,35.33085227,2.0,0,0,0,0
2023,11,25,10,주,토,경남,차량단독,안전운전 의무 불이행,단일로,자전거,없음,128.4769376,35.39507585,1.0,0,0,0,2
2023,11,25,12,주,토,인천,차량단독,안전운전 의무 불이행,단일로,승용차,없음,126.7647217,37.43161263,1.0,1,0,0,0
2023,11,25,14,주,토,전북,차대차,안전운전 의무 불이행,단일로,자전거,자전거,127.1214848,35.75724544,1.0,0,0,0,1
2023,11,25,14,주,토,전남,차대차,중앙선 침범,단일로,화물차,화물차,126.2608808,35.05717084,1.7,1,0,0,0
2023,11,25,16,주,토,경기,차대차,안전운전 의무 불이행,단일로,승용차,화물차,127.6054187,37.11983166,1.0,0,0,0,0
2023,11,25,17,주,토,전남,차대차,안전운전 의무 불이행,단일로,화물차,승용차,127.5105575,35.20336608,1.0,0,0,1,0
2023,11,25,22,야,토,전북,차대차,중앙선 침범,단일로,승용차,승용차,126.4997356,35.64787987,1.7,0,0,0,0
2023,11,26,1,야,일,울산,차대사람,안전운전 의무 불이행,단일로,승용차,보행자,129.3055882,35.53263361,1.0,5,3,0,1
2023,11,26,6,주,일,경기,차량단독,안전운전 의무 불이행,교차로,승용차,없음,127.100373,37.74162007,1.0,8,2,0,0
2023,11,27,6,주,월,전북,차대사람,안전운전 의무 불이행,교차로,승용차,보행자,127.2068203,35.76741961,1.0,6,1,0,0
2023,11,27,10,주,월,경남,차대차,기타,단일로,승용차,이륜차,127.8971811,35.63121805,1.0,0,0,0,0
2023,11,27,14,주,월,경기,차대차,신호위반,교차로,이륜차,승합차,126.721468,37.7726962,2.4,0,1,1,2
2023,11,27,18,야,월,충북,차대사람,기타,단일로,승용차,보행자,127.9257638,37.01790196,1.0,0,0,0,0
2023,11,27,22,야,월,경남,차대사람,보행자 보호의무 위반,교차로,승용차,보행자,128.6412688,35.23684931,1.0,14,1,0,3
2023,11,27,23,야,월,전남,차량단독,안전운전 의무 불이행,단일로,승용차,없음,127.4637141,35.2512329,1.0,0,0,0,0
2023,11,28,10,주,화,충남,차대차,중앙선 침범,단일로,화물차,화물차,126.6071656,36.15429127,2.4,1,0,0,0
2023,11,28,10,주,화,전북,차량단독,안전운전 의무 불이행,교차로,승용차,없음,127.1366253,35.82105472,1.0,16,1,0,1
2023,11,28,17,주,화,전남,차대차,보행자 보호의무 위반,교차로,승용차,승용차,127.6680785,34.76051088,1.3,3,1,0,1
2023,11,28,17,주,화,경북,차대차,신호위반,단일로,승용차,승용차,128.6127961,36.83076018,1.7,2,3,0,2
2023,11,28,19,야,화,경북,차대차,중앙선 침범,단일로,화물차,화물차,128.3447988,36.0619156,1.7,2,1,0,1
2023,11,29,1,야,수,경기,차대차,신호위반,교차로,이륜차,승용차,127.0186283,37.25010998,1.0,8,2,0,3
2023,11,29,6,주,수,서울,차대차,안전운전 의무 불이행,기타,승합차,개인형이동장치(PM),127.0362225,37.59034863,1.0,4,2,0,2
2023,11,29,8,주,수,전북,차대사람,안전운전 의무 불이행,기타,건설기계,보행자,127.4361714,35.87197841,1.0,3,0,0,0
2023,11,29,13,주,수,충북,차량단독,안전운전 의무 불이행,교차로,농기계,없음,127.473184,36.51662041,1.0,0,1,0,0
2023,11,29,15,주,수,서울,차대사람,안전운전 의무 불이행,기타,화물차,보행자,127.0446298,37.69019552,1.0,0,0,0,2
2023,11,29,17,주,수,전남,차대사람,안전운전 의무 불이행,단일로,승용차,보행자,126.663112,35.25676623,1.3,5,2,0,2
2023,11,29,18,야,수,서울,차대사람,안전운전 의무 불이행,단일로,승용차,보행자,126.9770013,37.56817135,1.0,8,1,0,2
2023,11,29,18,야,수,충남,차대사람,안전운전 의무 불이행,단일로,승용차,보행자,127.0765688,36.77105667,1.0,17,2,0,1
2023,11,29,19,야,수,경북,차대차,안전운전 의무 불이행,단일로,승용차,화물차,129.4069276,35.85499311,2.3,0,0,0,0