발생년,발생월,발생일,발생시,주야,요일,발생지시도,사고유형_대분류,가해자법규위반,도로형태_대분류,가해자_당사자종별,피해자_당사자종별,경도,위도,사상자수,반경500m카메라수,반경500m학교수,반경500m전광판수,반경500m사고건수
2023,11,29,19,야,수,경북,차대사람,안전운전 의무 불이행,단일로,승용차,보행자,128.2922252,35.91904234,1.0,1,0,1,1
2023,11,30,0,야,목,전남,차량단독,안전운전 의무 불이행,단일로,화물차,없음,126.4608163,35.02601079,1.6,0,0,0,0
2023,11,30,0,야,목,경남,차량단독,안전운전 의무 불이행,단일로,화물차,없음,128.3021217,35.16668915,1.0,0,0,0,0
2023,11,30,2,야,목,경북,차량단독,안전운전 의무 불이행,단일로,승용차,없음,128.3485351,36.27181256,1.0,0,0,0,0
2023,11,30,6,주,목,강원,차량단독,안전운전 의무 불이행,단일로,화물차,없음,129.034523,37.19487958,1.0,0,0,0,0
2023,11,30,9,주,목,전북,차량단독,안전운전 의무 불이행,단일로,승용차,없음,126.9216351,35.94972697,1.0,0,0,0,1
2023,11,30,14,주,목,전남,차대차,안전운전 의무 불이행,단일로,화물차,자전거,126.7360595,34.91684658,1.0,0,0,0,1
2023,11,30,15,주,목,경북,차대차,안전운전 의무 불이행,단일로,이륜차,승합차,128.6957123,36.88138055,1.0,0,0,0,1
2023,11,30,18,야,목,경남,차대사람,안전운전 의무 불이행,교차로,승용차,보행자,128.0152105,34.84766599,1.0,1,0,0,0
2023,11,30,19,야,목,경북,차대사람,안전운전 의무 불이행,교차로,승용차,보행자,129.3735841,37.11221117,1.3,0,0,0,0
2023,11,30,20,야,목,서울,차대사람,안전운전 의무 불이행,교차로,승용차,보행자,126.9766818,37.57013487,1.3,11,1,0,2
2023,11,30,20,야,목,대전,차대차,안전거리 미확보,교차로,이륜차,승용차,127.39253,36.39081221,1.0,2,0,0,0
2023,11,30,21,야,목,경기,차대사람,안전운전 의무 불이행,단일로,승합차,보행자,127.0371766,37.2133257,1.0,5,4,0,2
2023,12,1,3,야,금,전북,차량단독,중앙선 침범,단일로,승용차,없음,127.070754,35.82773487,1.0,3,0,0,2
2023,12,1,5,야,금,충남,차대사람,안전운전 의무 불이행,단일로,화물차,보행자,127.1260724,36.45644718,1.0,6,2,0,1
2023,12,1,9,주,금,전남,차대차,안전운전 의무 불이행,교차로,화물차,이륜차,127.2157941,34.43916438,1.0,0,0,0,0
2023,12,1,9,주,금,경북,차대사람,보행자 보호의무 위반,교차로,화물차,보행자,128.9444817,35.93852439,1.0,0,0,1,1
2023,12,1,12,주,금,전북,차대차,안전운전 의무 불이행,기타,승용차,승용차,127.1932213,35.79401965,1.0,1,0,0,1
2023,12,1,14,주,금,충남,차대사람,안전거리 미확보,단일로,농기계,보행자,126.6584288,36.5195234,1.0,0,0,0,0
2023,12,1,18,야,금,충남,차대사람,기타,단일로,승용차,보행자,126.6757989,36.04272058,1.0,0,0,0,0
2023,12,1,19,야,금,충북,차대차,안전운전 의무 불이행,교차로,승용차,원동기장치자전거,127.5033888,36.62298332,1.0,1,1,0,2
2023,12,2,4,야,토,울산,차대차,안전운전 의무 불이행,단일로,이륜차,건설기계,129.3093917,35.4790082,1.0,3,0,0,1
2023,12,2,8,주,토,서울,차량단독,안전운전 의무 불이행,교차로,이륜차,없음,126.8971359,37.51331308,1.0,3,1,0,2
2023,12,3,1,야,일,경기,차량단독,안전운전 의무 불이행,단일로,이륜차,없음,127.2013358,37.89301557,1.0,3,2,2,1
2023,12,3,11,주,일,충남,차대차,안전운전 의무 불이행,단일로,이륜차,승합차,127.1290513,36.79271393,1.7,15,2,0,4
2023,12,3,19,야,일,경기,차량단독,안전운전 의무 불이행,단일로,이륜차,없음,127.4918365,37.24690565,1.0,5,1,1,6
2023,12,4,6,주,월,전남,차대사람,안전운전 의무 불이행,교차로,화물차,보행자,126.8316918,35.27361225,1.0,0,0,0,1
2023,12,4,8,주,월,경기,차대사람,신호위반,단일로,승합차,보행자,127.0606384,37.72398395,1.7,13,2,0,1
2023,12,4,9,주,월,충남,차량단독,안전운전 의무 불이행,단일로,이륜차,없음,126.6356182,36.49980701,1.0,0,0,0,0
2023,12,4,11,주,월,전남,차대사람,안전운전 의무 불이행,단일로,승용차,보행자,127.7579918,34.51594018,1.0,0,0,0,0
2023,12,4,11,주,월,경기,차대사람,안전운전 의무 불이행,단일로,건설기계,보행자,126.8462877,37.78199018,1.0,5,2,0,4
2023,12,4,13,주,월,경남,차량단독,안전운전 의무 불이행,단일로,화물차,없음,127.6896744,35.48202999,1.7,0,0,0,0
2023,12,4,13,주,월,경남,차대차,중앙선 침범,단일로,승용차,화물차,127.8009713,35.24518336,2.7,0,0,0,1
2023,12,4,14,주,월,강원,차대사람,안전운전 의무 불이행,교차로,승용차,보행자,128.4551479,37.50054315,1.0,0,1,0,0
2023,12,4,16,주,월,전북,차대사람,안전운전 의무 불이행,교차로,승용차,보행자,126.9412727,35.8866183,1.0,0,0,0,0
2023,12,4,17,주,월,광주,차대사람,안전운전 의무 불이행,기타,승용차,보행자,126.8656883,35.20311179,1.0,1,0,0,2
2023,12,4,18,야,월,인천,차대사람,안전운전 의무 불이행,단일로,승용차,보행자,126.7350638,37.57677532,1.0,10,1,0,1
2023,12,4,20,야,월,경남,차대사람,안전운전 의무 불이행,단일로,승합차,보행자,129.1807722,35.42407104,1.0,2,0,0,1
2023,12,4,22,야,월,경기,차대차,안전운전 의무 불이행,단일로,이륜차,승용차,126.7843599,37.6076307,1.3,0,0,0,1
2023,12,4,23,야,월,경기,차량단독,안전운전 의무 불이행,단일로,이륜차,없음,127.1429157,36.97599525,1.0,0,0,0,0
2023,12,5,7,주,화,전남,차대차,신호위반,교차로,이륜차,화물차,126.5019327,34.84347186,1.0,2,0,0,2
2023,12,5,9,주,화,경기,차대사람,안전운전 의무 불이행,교차로,승용차,보행자,127.0172291,37.27146734,1.0,5,2,0,3
2023,12,5,11,주,화,제주,차대차,안전운전 의무 불이행,단일로,화물차,이륜차,126.1705101,33.31970395,1.0,0,0,0,0
2023,12,5,14,주,화,전북,차대차,신호위반,교차로,승용차,이륜차,126.6760562,35.95507215,1.3,8,1,0,0
2023,12,5,18,야,화,경북,차대차,중앙선 침범,단일로,승용차,이륜차,128.9083858,36.92692239,1.0,0,0,0,0
2023,12,5,23,야,화,서울,차대차,안전운전 의무 불이행,기타,화물차,승용차,126.9575708,37.5227368,1.7,1,0,0,3
2023,12,6,2,야,수,전남,차량단독,안전운전 의무 불이행,교차로,승용차,없음,126.4818703,34.9926643,1.0,3,0,0,0
2023,12,6,6,주,수,전남,차대차,안전운전 의무 불이행,단일로,화물차,농기계,126.8035684,34.99492705,2.0,0,0,0,0
2023,12,6,7,주,수,경북,차대사람,보행자 보호의무 위반,단일로,승용차,보행자,129.3400411,36.01165516,1.0,6,0,0,0
2023,12,6,8,주,수,경기,차대차,안전운전 의무 불이행,교차로,승용차,자전거,126.9910593,37.00119539,1.0,0,0,0,0
2023,12,6,13,주,수,경북,차량단독,안전운전 의무 불이행,단일로,승용차,없음,128.952518,36.14091298,3.0999999999999996,0,0,0,0
2023,12,6,13,주,수,경남,차대차,안전운전 의무 불이행,단일로,화물차,화물차,128.1954267,35.61357307,1.7,0,0,0,0
2023,12,6,14,주,수,경북,차대사람,보행자 보호의무 위반,교차로,건설기계,보행자,128.6119017,36.82552228,1.0,4,1,0,1
2023,12,6,19,야,수,충남,차대사람,기타,단일로,승용차,보행자,127.1593506,36.79719472,1.7,7,1,0,4
2023,12,6,20,야,수,강원,차대차,중앙선 침범,단일로,승용차,승합차,128.1989689,38.10663357,2.4,0,0,0,1
2023,12,6,20,야,수,충북,차대사람,안전운전 의무 불이행,교차로,승합차,보행자,127.5270949,36.70736913,1.0,0,0,0,1
2023,12,6,21,야,수,서울,차대사람,안전운전 의무 불이행,단일로,승합차,보행자,127.0461551,37.47849314,1.0,4,0,0,0
2023,12,6,23,야,수,인천,차대사람,기타,교차로,이륜차,보행자,126.6534887,37.5299621,2.0,5,3,0,0
2023,12,7,4,야,목,전남,차대사람,안전운전 의무 불이행,단일로,화물차,보행자,126.9071242,34.66623814,1.0,0,0,0,0
2023,12,7,9,주,목,충남,차대차,안전운전 의무 불이행,교차로,건설기계,자전거,127.1201221,36.96407955,1.0,0,0,1,1
2023,12,7,14,주,목,경남,차대차,안전운전 의무 불이행,단일로,승용차,이륜차,127.9154374,35.6910162,1.3,12,4,0,0
2023,12,7,17,주,목,서울,차대사람,안전운전 의무 불이행,단일로,승용차,보행자,127.0427324,37.57049031,1.0,5,4,0,4
2023,12,7,19,야,목,경북,차대사람,안전운전 의무 불이행,교차로,승용차,보행자,128.2676825,36.15658346,1.0,1,0,0,0
2023,12,8,2,야,금,충남,차량단독,안전거리 미확보,단일로,승용차,없음,126.7582522,36.94480156,1.3,1,0,0,0
2023,12,8,2,야,금,경북,차대차,안전운전 의무 불이행,단일로,화물차,화물차,128.2572477,36.00412433,1.0,0,0,0,0
2023,12,8,6,주,금,경기,차대차,안전운전 의무 불이행,기타,승용차,농기계,126.9145738,36.94304284,1.0,1,0,0,1
2023,12,8,7,주,금,전북,차대차,안전운전 의무 불이행,교차로,승용차,원동기장치자전거,127.0967866,35.8050322,2.0,7,3,1,0
2023,12,8,11,주,금,경기,차대사람,보행자 보호의무 위반,교차로,승합차,보행자,127.0553909,37.7456952,1.0,12,2,0,5
2023,12,8,11,주,금,경기,차대차,안전운전 의무 불이행,단일로,승용차,화물차,127.2963297,37.87099203,1.7,0,0,0,0
2023,12,8,15,주,금,경기,차대사람,안전운전 의무 불이행,교차로,건설기계,보행자,126.7765323,37.52321773,1.0,6,0,3,4
2023,12,8,17,주,금,서울,차대사람,신호위반,단일로,승합차,보행자,126.9105181,37.6143853,1.0,13,5,0,0
2023,12,8,18,야,금,충북,차량단독,안전운전 의무 불이행,단일로,농기계,없음,127.5402127,36.31086002,1.0,0,0,0,0
2023,12,8,19,야,금,충남,차대사람,안전운전 의무 불이행,단일로,승용차,보행자,127.1208645,36.17270678,1.0,0,0,0,0
2023,12,9,4,야,토,충남,차량단독,안전운전 의무 불이행,기타,승용차,없음,127.0898147,36.48167874,1.0,0,0,0,1
2023,12,9,6,주,토,경남,차대차,안전운전 의무 불이행,단일로,승용차,건설기계,128.7640309,35.11463782,1.0,0,0,0,1
2023,12,9,6,주,토,경남,차대사람,안전운전 의무 불이행,교차로,승용차,보행자,128.4126469,34.87917483,1.0,8,1,0,1
2023,12,9,8,주,토,충남,차대차,안전운전 의무 불이행,단일로,승용차,농기계,126.8879033,36.193578,1.0,0,0,0,0
2023,12,9,11,주,토,서울,차대사람,안전운전 의무 불이행,단일로,화물차,보행자,126.948218,37.5863917,1.0,14,1,0,4
2023,12,9,15,주,토,경기,차량단독,안전운전 의무 불이행,단일로,농기계,없음,127.6354817,37.37609746,1.0,0,0,0,0
2023,12,9,19,야,토,경북,차대차,안전운전 의무 불이행,단일로,승용차,이륜차,129.1479306,35.98264521,1.0,0,0,0,0
2023,12,10,0,야,일,전북,차대사람,안전운전 의무 불이행,단일로,승용차,보행자,127.208589,35.97048462,1.0,1,0,0,0
2023,12,10,7,주,일,경남,차대사람,신호위반,교차로,승용차,보행자,128.6297819,34.89845064,1.0,7,1,0,1
2023,12,10,10,주,일,경북,차대사람,중앙선 침범,교차로,승용차,보행자,129.3703822,36.01194291,1.0,1,0,0,3
2023,12,10,17,주,일,울산,차대사람,안전운전 의무 불이행,단일로,승용차,보행자,129.1009609,35.52849225,1.0,1,0,0,1
2023,12,10,18,야,일,강원,차대차,안전운전 의무 불이행,교차로,승용차,이륜차,127.9600612,37.31697883,1.3,1,2,0,0
2023,12,10,23,야,일,전북,차대차,안전운전 의무 불이행,교차로,자전거,승용차,127.1471099,35.82332196,1.0,19,0,1,7
2023,12,11,3,야,월,경기,차대사람,안전운전 의무 불이행,기타,화물차,보행자,127.0215125,37.2326616,1.0,7,1,1,1
2023,12,11,4,야,월,경기,차대사람,안전운전 의무 불이행,교차로,승용차,보행자,127.129456,37.43004674,1.0,10,1,2,5
2023,12,11,5,야,월,부산,차대사람,기타,단일로,승용차,보행자,129.0860032,35.13477187,1.0,8,2,0,4
2023,12,11,5,야,월,부산,차대사람,안전운전 의무 불이행,단일로,승용차,보행자,129.0913456,35.19381083,1.0,8,2,0,4
2023,12,11,6,주,월,경기,차대사람,안전운전 의무 불이행,단일로,화물차,보행자,127.0667058,37.06515468,1.0,14,3,0,3
2023,12,11,17,주,월,충남,차대사람,안전운전 의무 불이행,단일로,화물차,보행자,127.2307902,36.91464907,1.0,3,1,0,0
2023,12,11,17,주,월,경북,차량단독,안전운전 의무 불이행,교차로,승용차,없음,128.7155142,36.5864136,1.7,0,0,0,0
2023,12,12,0,야,화,경기,차대차,안전운전 의무 불이행,교차로,화물차,승합차,126.7297887,37.35610846,2.9,6,5,0,1
2023,12,12,7,주,화,경남,차대차,안전운전 의무 불이행,교차로,승용차,승용차,128.6737737,35.21836123,1.0,5,0,0,2
2023,12,12,13,주,화,충북,차량단독,안전운전 의무 불이행,단일로,사륜오토바이(ATV),없음,127.8116012,36.74610671,1.0,0,0,0,0
2023,12,12,18,야,화,전남,차대차,중앙선 침범,단일로,자전거,승용차,126.4555222,34.76143133,1.0,0,0,0,0
2023,12,12,21,야,화,서울,차대차,신호위반,교차로,이륜차,승합차,126.8977832,37.46652704,2.2,10,2,0,6
2023,12,12,23,야,화,전북,차대차,안전운전 의무 불이행,단일로,화물차,승용차,126.6850634,35.41689821,1.3,0,0,0,0
2023,12,13,0,야,수,충북,차대차,안전운전 의무 불이행,교차로,승용차,이륜차,127.4886661,36.65375997,1.0,0,2,0,1
2023,12,13,1,야,수,충남,차대차,안전운전 의무 불이행,단일로,승용차,건설기계,126.4173387,36.98219619,1.0,0,0,0,0
2023,12,13,1,야,수,충남,차대차,안전운전 의무 불이행,단일로,승용차,화물차,127.1893472,36.89683437,1.3,0,0,0,0
2023,12,13,4,야,수,전북,차대사람,안전운전 의무 불이행,단일로,승용차,보행자,127.3899271,35.41790243,1.0,8,2,1,3
2023,12,13,18,야,수,전북,차대차,교차로 통행방법 위반,교차로,승용차,승용차,127.552823,35.67943207,2.6999999999999997,0,0,0,1
2023,12,14,0,야,목,대전,차대차,안전운전 의무 불이행,단일로,화물차,자전거,127.3781747,36.36504153,1.0,12,3,0,1
2023,12,14,6,주,목,서울,차대차,안전운전 의무 불이행,단일로,화물차,자전거,126.8913484,37.46657519,1.0,7,2,0,2
2023,12,14,17,주,목,강원,차대사람,보행자 보호의무 위반,단일로,화물차,보행자,129.1266543,37.4828665,1.0,2,2,0,1
2023,12,14,17,주,목,대전,차대사람,기타,교차로,승용차,보행자,127.3974368,36.32247076,1.0,9,2,0,2
2023,12,14,21,야,목,경기,차대사람,기타,단일로,승합차,보행자,127.0009698,37.30656313,1.7,10,3,1,0
2023,12,14,21,야,목,전남,차대차,중앙선 침범,단일로,승용차,승용차,127.6057114,34.96885235,1.7,0,0,0,0
2023,12,15,3,야,금,광주,차대사람,안전운전 의무 불이행,단일로,승합차,보행자,126.886832,35.17291462,1.0,1,2,0,1
2023,12,15,6,주,금,대구,차대사람,안전운전 의무 불이행,단일로,승용차,보행자,128.6579138,35.85345947,1.0,2,2,0,1
2023,12,15,9,주,금,경기,차량단독,안전운전 의무 불이행,단일로,승용차,없음,127.1009438,37.35026313,1.0,3,0,0,2
2023,12,15,20,야,금,경기,차대사람,안전운전 의무 불이행,단일로,승용차,보행자,127.4670082,37.50377823,1.0,0,0,0,1
2023,12,15,21,야,금,대구,차대사람,안전운전 의무 불이행,교차로,승합차,보행자,128.4868314,35.85204738,1.0,4,0,0,2
2023,12,15,23,야,금,서울,차대사람,기타,단일로,화물차,보행자,127.1238769,37.48333604,1.0,4,4,1,1
2023,12,16,10,주,토,서울,차대사람,안전운전 의무 불이행,단일로,승용차,보행자,126.9487116,37.54093912,1.0,25,2,0,5
2023,12,16,18,야,토,경남,차대사람,안전운전 의무 불이행,단일로,승용차,보행자,128.5059938,35.55676062,1.0,1,0,0,0
2023,12,16,22,야,토,경기,차대차,신호위반,교차로,승용차,원동기장치자전거,126.8039958,37.37093622,1.0,3,0,0,1
2023,12,17,6,주,일,경북,차량단독,안전운전 의무 불이행,단일로,승용차,없음,128.2506313,36.2709706,1.0,0,0,0,0
2023,12,17,10,주,일,경기,차대사람,보행자 보호의무 위반,교차로,승용차,보행자,126.7869233,37.49325705,1.0,7,2,0,3
2023,12,17,15,주,일,강원,차량단독,안전운전 의무 불이행,단일로,승용차,없음,127.8864511,37.52307075,1.0,0,0,0,0
2023,12,17,17,주,일,충남,차대차,기타,교차로,승용차,승용차,127.1301581,36.79798195,1.3,13,1,0,3
2023,12,18,2,야,월,대구,차량단독,안전운전 의무 불이행,단일로,이륜차,없음,128.5498453,35.81436855,1.0,2,3,0,3
2023,12,18,4,야,월,충남,차대차,안전운전 의무 불이행,단일로,승용차,원동기장치자전거,126.5306993,36.79208316,1.0,1,0,0,0
2023,12,18,6,주,월,경남,차대사람,안전운전 의무 불이행,단일로,승용차,보행자,128.6053218,35.31538277,1.0,8,0,0,0
2023,12,18,12,주,월,경북,차대사람,안전운전 의무 불이행,교차로,승용차,보행자,129.3552119,36.02979282,1.0,5,1,0,0
2023,12,18,14,주,월,대전,차대사람,안전운전 의무 불이행,교차로,승용차,보행자,127.4199031,36.43598241,1.0,7,1,0,1
2023,12,18,20,야,월,경북,차대사람,안전운전 의무 불이행,단일로,승용차,보행자,128.9169568,36.10651446,1.0,3,0,0,1
2023,12,18,21,야,월,경남,차대차,안전운전 의무 불이행,단일로,특수차,특수차,128.7739201,35.46989208,3.0,1,0,0,0
2023,12,19,7,주,화,대구,차대사람,안전운전 의무 불이행,교차로,화물차,보행자,128.548684,35.93294359,1.0,6,4,0,2
2023,12,19,14,주,화,경남,차대사람,안전운전 의무 불이행,단일로,화물차,보행자,128.6926095,35.27939857,1.0,1,1,0,1
2023,12,19,14,주,화,인천,차대차,안전운전 의무 불이행,교차로,이륜차,승용차,126.6569198,37.41602957,1.0,1,0,0,0
2023,12,20,6,주,수,경남,차대차,신호위반,교차로,화물차,화물차,127.9770386,35.13146241,2.0,0,1,0,0
2023,12,20,6,주,수,세종,차대차,안전운전 의무 불이행,단일로,승용차,자전거,127.2473804,36.51180328,1.0,8,4,0,0
2023,12,20,13,주,수,강원,차량단독,안전운전 의무 불이행,단일로,사륜오토바이(ATV),없음,128.1563007,37.74849208,1.0,0,0,0,0
2023,12,20,14,주,수,전북,차대차,안전운전 의무 불이행,기타,승합차,화물차,126.7917524,35.48078601,1.9,0,0,0,0
2023,12,20,17,주,수,전북,차대차,안전운전 의무 불이행,단일로,승용차,화물차,127.6180249,35.78577862,1.0,4,1,0,0
2023,12,20,21,야,수,경기,차대사람,안전운전 의무 불이행,교차로,승용차,보행자,127.0476433,37.29313074,1.0,2,2,2,1
2023,12,20,22,야,수,경남,차대사람,안전운전 의무 불이행,단일로,승용차,보행자,127.9940577,35.23770528,1.0,1,0,0,0
2023,12,21,3,야,목,충남,차대차,기타,기타,승합차,화물차,126.7436898,36.90919329,1.7,0,0,0,0
2023,12,21,5,야,목,강원,차량단독,안전운전 의무 불이행,단일로,승용차,없음,127.9749788,37.38291903,1.0,0,0,0,1
2023,12,21,18,야,목,경기,차대사람,안전운전 의무 불이행,단일로,화물차,보행자,126.8571799,37.4778595,1.3,13,2,0,2
2023,12,21,19,야,목,경기,차대차,교차로 통행방법 위반,교차로,화물차,이륜차,126.9089662,37.12486844,1.0,0,0,0,0
2023,12,22,8,주,금,서울,차대사람,안전운전 의무 불이행,교차로,화물차,보행자,127.0650723,37.57091724,1.0,6,1,0,3
2023,12,22,11,주,금,인천,차량단독,안전운전 의무 불이행,단일로,이륜차,없음,126.6214658,37.54583504,1.0,2,0,1,0
2023,12,22,13,주,금,경기,차대사람,기타,단일로,승합차,보행자,126.9990637,37.26557788,7.699999999999999,2,1,0,2
2023,12,22,14,주,금,세종,차대차,안전운전 의무 불이행,교차로,화물차,화물차,127.276414,36.46237686,1.0,0,0,0,0
2023,12,22,20,야,금,경북,차량단독,안전운전 의무 불이행,단일로,이륜차,없음,129.4901687,35.91845623,1.0,0,0,0,1
2023,12,22,20,야,금,대구,차대차,안전운전 의무 불이행,단일로,승용차,승용차,128.516256,35.82516961,1.7,1,0,1,1
2023,12,22,21,야,금,전남,차대사람,기타,교차로,승용차,보행자,127.582761,34.97906893,1.0,2,3,0,1
2023,12,23,9,주,토,경기,차대사람,안전운전 의무 불이행,교차로,건설기계,보행자,126.8496554,37.4808649,1.0,8,2,0,0
2023,12,23,11,주,토,세종,차대차,중앙선 침범,단일로,승용차,농기계,127.2485463,36.62766727,1.0,0,0,0,0
2023,12,23,19,야,토,전북,차대사람,안전운전 의무 불이행,단일로,승용차,보행자,127.2348217,35.71703841,1.0,0,0,0,0
2023,12,23,22,야,토,경기,차량단독,신호위반,교차로,승용차,없음,127.1170781,37.40144275,1.3,15,4,3,2
2023,12,24,3,야,일,경기,차량단독,안전운전 의무 불이행,단일로,승용차,없음,127.4875364,37.34055153,1.0,4,1,0,1
2023,12,24,18,야,일,경기,차대사람,신호위반,교차로,승용차,보행자,127.1380369,37.43903297,1.0,15,0,1,6
2023,12,24,18,야,일,전남,차대사람,안전운전 의무 불이행,교차로,승용차,보행자,126.3920929,34.79179058,1.0,5,1,0,1
2023,12,25,15,주,월,경기,차대차,신호위반,교차로,승용차,이륜차,127.0554379,36.95073902,1.0,3,1,0,2
2023,12,25,16,주,월,강원,차량단독,안전운전 의무 불이행,단일로,승용차,없음,128.85385,37.64747714,1.0,0,0,0,0
2023,12,25,17,주,월,인천,차대사람,기타,교차로,승용차,보행자,126.6392149,37.47003698,1.0,5,7,0,1
2023,12,26,6,주,화,경남,차대사람,중앙선 침범,단일로,화물차,보행자,128.3071364,35.11629631,1.0,0,0,0,0
2023,12,26,7,주,화,충남,차대사람,보행자 보호의무 위반,단일로,화물차,보행자,127.4976892,36.10258762,1.0,4,1,1,2
2023,12,26,14,주,화,경남,차대사람,보행자 보호의무 위반,교차로,승용차,보행자,128.1612894,35.56830476,1.0,8,1,0,0
2023,12,26,15,주,화,대구,차대차,안전운전 의무 불이행,단일로,승용차,화물차,128.5422277,35.94104171,1.3,1,2,0,0
2023,12,26,15,주,화,인천,차량단독,안전운전 의무 불이행,기타,승용차,없음,126.4257772,37.47716735,1.0,1,0,0,0
2023,12,26,16,주,화,경북,차량단독,안전운전 의무 불이행,교차로,승용차,없음,128.5549415,35.97921056,1.0,1,0,0,1
2023,12,26,17,주,화,강원,차대사람,안전운전 의무 불이행,단일로,승용차,보행자,128.0014351,37.48651215,1.0,1,0,0,0
2023,12,26,17,주,화,경북,차대차,중앙선 침범,단일로,승용차,화물차,129.0023176,36.96261909,2.0,0,0,0,0
2023,12,26,17,주,화,경남,차대사람,안전운전 의무 불이행,단일로,승용차,보행자,127.7676392,35.55334813,1.0,2,0,0,0
2023,12,26,18,야,화,경남,차대사람,안전운전 의무 불이행,단일로,승용차,보행자,128.5761902,35.213768,1.0,5,1,0,3
2023,12,26,19,야,화,인천,차대차,안전운전 의무 불이행,교차로,승용차,승용차,126.6451673,37.47861592,1.0,16,2,1,3
2023,12,27,2,야,수,충북,차량단독,안전운전 의무 불이행,기타,승용차,없음,127.3489497,36.71421783,1.0,0,0,0,3
2023,12,27,5,야,수,서울,차대차,안전운전 의무 불이행,단일로,승용차,건설기계,126.9495637,37.54205175,1.3,26,2,0,5
2023,12,27,7,주,수,전북,차대사람,기타,교차로,승용차,보행자,127.378962,35.39925417,1.0,1,1,0,1
2023,12,27,10,주,수,서울,차대사람,신호위반,교차로,승합차,보행자,126.9829098,37.56852187,1.0,6,0,0,0
2023,12,27,10,주,수,부산,차대차,안전운전 의무 불이행,교차로,화물차,화물차,128.933875,35.11424419,1.3,0,0,2,0
2023,12,27,10,주,수,강원,차대차,안전운전 의무 불이행,기타,승용차,화물차,129.3346612,37.25067229,2.3,0,0,0,0
2023,12,27,14,주,수,경기,차대차,안전운전 의무 불이행,단일로,화물차,화물차,127.2613777,38.03306943,1.3,1,0,0,1
2023,12,27,16,주,수,제주,차량단독,안전운전 의무 불이행,기타,승용차,없음,126.4916164,33.42565368,1.0,0,0,0,0
2023,12,27,17,주,수,경남,차량단독,안전운전 의무 불이행,단일로,승합차,없음,128.1352197,35.61945959,1.7,0,0,0,0
2023,12,27,18,야,수,전남,차량단독,안전운전 의무 불이행,교차로,원동기장치자전거,없음,127.139728,34.53852414,1.0,0,2,0,0
2023,12,27,23,야,수,강원,차대사람,안전운전 의무 불이행,단일로,승용차,보행자,127.9667433,37.31894472,1.0,5,2,0,2
2023,12,28,6,주,목,경기,차량단독,안전운전 의무 불이행,교차로,화물차,없음,127.4940665,37.13595076,1.0,2,0,0,0
2023,12,28,9,주,목,충남,차량단독,안전운전 의무 불이행,단일로,승용차,없음,126.2409142,36.81561748,1.0,0,0,0,0
2023,12,28,12,주,목,강원,차대사람,안전운전 의무 불이행,교차로,화물차,보행자,128.4029875,37.19361663,1.0,1,0,0,0
2023,12,28,22,야,목,경기,차대차,안전운전 의무 불이행,단일로,승합차,승용차,126.7786547,37.52022923,1.0,4,1,2,3
2023,12,29,1,야,금,경북,차대사람,안전운전 의무 불이행,단일로,승용차,보행자,128.2875521,36.36316611,1.0,1,0,1,0
2023,12,29,16,주,금,경북,차량단독,안전운전 의무 불이행,단일로,승용차,없음,128.9484976,36.69651346,3.0,0,0,0,0
2023,12,30,5,야,토,서울,차대사람,안전운전 의무 불이행,교차로,화물차,보행자,127.0601063,37.64504334,1.0,5,5,0,1
2023,12,30,7,주,토,경남,차대사람,안전운전 의무 불이행,단일로,승용차,보행자,128.4829818,35.14288677,1.0,0,0,0,0
2023,12,30,8,주,토,경남,차대차,중앙선 침범,단일로,승용차,승합차,128.5563657,35.1735481,5.1,7,3,1,1
2023,12,30,9,주,토,전남,차량단독,안전운전 의무 불이행,단일로,사륜오토바이(ATV),없음,126.2336296,34.42527225,1.0,0,0,0,0
2023,12,30,16,주,토,경북,차대차,안전운전 의무 불이행,단일로,승용차,농기계,129.3877,36.1382055,1.0,0,0,0,0
2023,12,30,20,야,토,경기,차대차,중앙선 침범,단일로,화물차,승합차,127.0509287,37.19964124,2.5,6,1,0,1
2023,12,30,21,야,토,경기,차대사람,안전운전 의무 불이행,단일로,화물차,보행자,127.027548,37.29156494,1.0,6,2,0,2
2023,12,30,22,야,토,대구,차대사람,안전운전 의무 불이행,단일로,승용차,보행자,128.570268,35.89432868,1.0,1,0,0,0
2023,12,31,3,야,일,경기,차량단독,안전운전 의무 불이행,단일로,승용차,없음,126.7194892,37.70273252,1.0,0,0,1,1
2023,12,31,8,주,일,강원,차대차,안전운전 의무 불이행,교차로,화물차,화물차,128.5927801,38.18502071,1.0,1,0,0,0
2023,12,31,11,주,일,경북,차량단독,안전운전 의무 불이행,단일로,이륜차,없음,128.180706,35.90677059,1.0,0,0,0,0
2023,12,31,21,야,일,충남,차대사람,안전운전 의무 불이행,단일로,승용차,보행자,127.1684303,36.82834804,1.0,0,0,0,2
2023,12,31,23,야,일,경북,차대차,안전운전 의무 불이행,단일로,승용차,승용차,129.4149473,36.60005866,2.0,0,0,0,0